posting_id,title,company,location,salary_min,salary_max,currency,category,contract_type,created_date,pulled_at,title_bucket,city_query,redirect_url,skills
5843766762,IS Data Security - Analyst,ABB,"Bangalore, Karnataka",,,INR,IT Jobs,,2026-08-16T06:19:46Z,2026-09-28T08:13:25.903547+00:00,data analyst,Bangalore,https://www.adzuna.in/land/ad/5843766762?se=dCiEexS78RGykce9E5Xuvw&utm_medium=api&utm_source=f15ef5ad&v=10E7F647774D145FD5779E5E48176C6A2A5877E6,
5855006986,Data Analyst / Engineer,Kyndryl,"Bangalore, Karnataka",,,INR,Accounting & Finance Jobs,,2026-08-25T10:07:51Z,2026-09-28T08:13:25.903547+00:00,data analyst,Bangalore,https://www.adzuna.in/land/ad/5855006986?se=dCiEexS78RGykce9E5Xuvw&utm_medium=api&utm_source=f15ef5ad&v=50928F1DF3A77604ABD13B60B38BFF40A97E4833,
5864848961,"Senior Business Analyst, Client Platforms",Ares Operations,"Mumbai, Maharashtra",,,INR,IT Jobs,contract,2026-09-01T21:00:41Z,2026-09-28T08:13:25.903547+00:00,business analyst,Mumbai,https://www.adzuna.in/details/5864848961?utm_medium=api&utm_source=f15ef5ad,
5868110367,Senior Business Analyst- Globant,Globant,"Hyderabad, Telangana",,,INR,IT Jobs,,2026-09-03T07:56:04Z,2026-09-28T08:13:25.903547+00:00,business analyst,Hyderabad,https://www.adzuna.in/details/5868110367?utm_medium=api&utm_source=f15ef5ad,
5878060623,Senior Data Engineering Analyst,UnitedHealth Group,"Hyderabad, Telangana",,,INR,IT Jobs,,2026-09-10T11:10:41Z,2026-09-28T08:13:25.903547+00:00,data analyst,Hyderabad,https://www.adzuna.in/details/5878060623?utm_medium=api&utm_source=f15ef5ad,
5880672125,Sales Data Quality Analyst,AVEVA,"Hyderabad, Telangana",,,INR,IT Jobs,,2026-09-12T11:11:50Z,2026-09-28T08:13:25.903547+00:00,data analyst,Hyderabad,https://www.adzuna.in/details/5880672125?utm_medium=api&utm_source=f15ef5ad,
5880950410,Data Modeller,Tata Consultancy Services,"Hyderabad, Telangana",,,INR,IT Jobs,,2026-09-12T17:19:16Z,2026-09-28T08:13:25.903547+00:00,data analyst,Hyderabad,https://www.adzuna.in/land/ad/5880950410?se=6PP7fRS78RGvJq74qCDndg&utm_medium=api&utm_source=f15ef5ad&v=CFC7334E2F23BFD57D2B1CF2AF0004741ABCEC95,SQL
5886092306,Machine Learning Lead,Zemoso Technologies,"Bangalore, Karnataka",,,INR,IT Jobs,,2026-09-16T17:23:07Z,2026-09-28T08:13:25.903547+00:00,data analyst,Bangalore,https://www.adzuna.in/land/ad/5886092306?se=dCiEexS78RGykce9E5Xuvw&utm_medium=api&utm_source=f15ef5ad&v=750028D2865657B7F3DC0A8A9B0AC732262A10D3,Machine Learning
5886986209,Geographic Information System Developer,ClimaCrew,"Mumbai, Maharashtra",,,INR,IT Jobs,contract,2026-09-17T07:18:24Z,2026-09-28T08:13:25.903547+00:00,data analyst,Mumbai,https://www.adzuna.in/land/ad/5886986209?se=zipofBS78RGGQ9u1mQKVdw&utm_medium=api&utm_source=f15ef5ad&v=F6E6017A182BCB1416DE72810CF010C6373919CB,
5887707022,Data Development platform engineer,eBay,"Bangalore, Karnataka",,,INR,IT Jobs,,2026-09-17T18:26:24Z,2026-09-28T08:13:25.903547+00:00,data analyst,Bangalore,https://www.adzuna.in/land/ad/5887707022?se=dCiEexS78RGykce9E5Xuvw&utm_medium=api&utm_source=f15ef5ad&v=CE59129E556A1BF37D8544792E85F6E61CA32C8B,
5889684901,Technical Project Manager - Data,ValueMomentum,"Hyderabad, Telangana",,,INR,IT Jobs,,2026-09-18T23:25:24Z,2026-09-28T08:13:25.903547+00:00,data analyst,Hyderabad,https://www.adzuna.in/land/ad/5889684901?se=Aud2fRS78RGot7wKuS63xQ&utm_medium=api&utm_source=f15ef5ad&v=4474728E278F8D592E17A8204AC86EEA6CDB136A,Azure|SQL
5890528895,"Business Analyst, ROC, ROC",ADCI HYD 13 SEZ,"Hyderabad, Telangana",,,INR,IT Jobs,,2026-09-19T16:22:58Z,2026-09-28T08:13:25.903547+00:00,business analyst,Hyderabad,https://www.adzuna.in/details/5890528895?utm_medium=api&utm_source=f15ef5ad,
5892689834,Senior Business Analyst,BNP Paribas,"Mumbai, Maharashtra",,,INR,IT Jobs,,2026-09-21T16:14:53Z,2026-09-28T08:13:25.903547+00:00,business analyst,Mumbai,https://www.adzuna.in/details/5892689834?utm_medium=api&utm_source=f15ef5ad,
5892936890,Senior Business Analyst - Unpause,Data and Analytics,"Mumbai, Maharashtra",,,INR,IT Jobs,,2026-09-21T21:28:33Z,2026-09-28T08:13:25.903547+00:00,business analyst,Mumbai,https://www.adzuna.in/details/5892936890?utm_medium=api&utm_source=f15ef5ad,
5892951569,Associate Business Analyst - Purchasing,Purchasing,"Pune, Maharashtra",,,INR,Accounting & Finance Jobs,,2026-09-21T21:41:47Z,2026-09-28T08:13:25.903547+00:00,business analyst,Pune,https://www.adzuna.in/details/5892951569?utm_medium=api&utm_source=f15ef5ad,
5892969055,Operation Analyst - Master Data Management,Functional Support,"Pune, Maharashtra",,,INR,IT Jobs,,2026-09-21T21:47:56Z,2026-09-28T08:13:25.903547+00:00,data analyst,Pune,https://www.adzuna.in/details/5892969055?utm_medium=api&utm_source=f15ef5ad,
5893057271,Data Analyst,Acme Services Private Limited,"Bazargate, Mumbai",1000000.0,2000000.0,INR,IT Jobs,,2026-09-21T23:44:50Z,2026-09-28T08:13:25.903547+00:00,data analyst,Mumbai,https://www.adzuna.in/details/5893057271?utm_medium=api&utm_source=f15ef5ad,
5893057273,Data Engineer (Python  Scala),Acme Services Private Limited,"Yerwada, Pune",2000000.0,2100000.0,INR,IT Jobs,,2026-09-21T23:44:51Z,2026-09-28T08:13:25.903547+00:00,data analyst,Pune,https://www.adzuna.in/details/5893057273?utm_medium=api&utm_source=f15ef5ad,ETL|Python|SQL|Spark
5893510124,ANALYST DATA & INSIGHTS III,TE Connectivity,"Bangalore, Karnataka",,,INR,"PR, Advertising & Marketing Jobs",,2026-09-22T08:31:36Z,2026-09-28T08:13:25.903547+00:00,data analyst,Bangalore,https://www.adzuna.in/land/ad/5893510124?se=dCiEexS78RGykce9E5Xuvw&utm_medium=api&utm_source=f15ef5ad&v=8605B6B66ED02207D96462C0EE54C17D095CD012,
5893510960,Business Development Analyst II,TE Connectivity,"Bangalore, Karnataka",,,INR,IT Jobs,,2026-09-22T08:31:56Z,2026-09-28T08:13:25.903547+00:00,business analyst,Bangalore,https://www.adzuna.in/land/ad/5893510960?se=GMrLfxS78RGoAcH5ud09ug&utm_medium=api&utm_source=f15ef5ad&v=524059ADBC5E2CB97DB285704EA34F32A26EE05F,
5893510973,ANALYST DATA & INSIGHTS II,TE Connectivity,"Bangalore, Karnataka",,,INR,"PR, Advertising & Marketing Jobs",,2026-09-22T08:31:57Z,2026-09-28T08:13:25.903547+00:00,data analyst,Bangalore,https://www.adzuna.in/land/ad/5893510973?se=dCiEexS78RGykce9E5Xuvw&utm_medium=api&utm_source=f15ef5ad&v=0B6D7DB33EBB86EB8C340E88753304B469221564,
5893570388,Analytics & Insights Lead,Gynoveda,"Mumbai, Maharashtra",,,INR,IT Jobs,,2026-09-22T09:44:28Z,2026-09-28T08:13:25.903547+00:00,data analyst,Mumbai,https://www.adzuna.in/land/ad/5893570388?se=3LL5fBS78RGoAcH5ud09ug&utm_medium=api&utm_source=f15ef5ad&v=920199B5C543A3F66B25E04B59538901BE294F2B,
5893746546,Data Analyst,Renesas Electronics,"Bangalore, Karnataka",,,INR,IT Jobs,,2026-09-22T14:32:07Z,2026-09-28T08:13:25.903547+00:00,data analyst,Bangalore,https://www.adzuna.in/details/5893746546?utm_medium=api&utm_source=f15ef5ad,
5893825602,Data Analyst,Gravity Engineering Services Pvt Ltd,"Bangalore, Karnataka",800000.0,2000000.0,INR,IT Jobs,,2026-09-22T16:13:39Z,2026-09-28T08:13:25.903547+00:00,data analyst,Bangalore,https://www.adzuna.in/details/5893825602?utm_medium=api&utm_source=f15ef5ad,SQL
5893922561,Test Analyst (Oracle ERP and EPM systems),Tesslogs IT Solutions,"Bangalore, Karnataka",,,INR,IT Jobs,,2026-09-22T17:36:00Z,2026-09-28T08:13:25.903547+00:00,business analyst,Bangalore,https://www.adzuna.in/land/ad/5893922561?se=GMrLfxS78RGoAcH5ud09ug&utm_medium=api&utm_source=f15ef5ad&v=B65E980060E50FA50F2AFE5C6A6B0087C72FE03F,Python
5893930284,Sr Analyst – Data & Governance,BeamForward,"Bangalore, Karnataka",,,INR,IT Jobs,,2026-09-22T17:39:58Z,2026-09-28T08:13:25.903547+00:00,data analyst,Bangalore,https://www.adzuna.in/land/ad/5893930284?se=dCiEexS78RGykce9E5Xuvw&utm_medium=api&utm_source=f15ef5ad&v=886B0A853CCF798A1A3E56CE1AEB80D5AF9DAFA7,
5893961315,Business Analyst – Payments,Capco,"Pune, Maharashtra",,,INR,IT Jobs,,2026-09-22T18:29:41Z,2026-09-28T08:13:25.903547+00:00,business analyst,Pune,https://www.adzuna.in/land/ad/5893961315?se=XjjxghS78RGot7wKuS63xQ&utm_medium=api&utm_source=f15ef5ad&v=BA9B896A1EE5F6A162B68C85ADAE5977F7E02A82,
5893961400,Executive-HR Operations-Reporting,Reckitt,"Hyderabad, Telangana",,,INR,HR & Recruitment Jobs,,2026-09-22T18:29:58Z,2026-09-28T08:13:25.903547+00:00,data analyst,Hyderabad,https://www.adzuna.in/land/ad/5893961400?se=6PP7fRS78RGvJq74qCDndg&utm_medium=api&utm_source=f15ef5ad&v=D8EBA71F036ECE7F5679C80D630D2057B5C6E6B8,
5894077788,Data Analyst,Acura Solution,"Delhi, India",,,INR,IT Jobs,,2026-09-22T21:24:31Z,2026-09-28T08:13:25.903547+00:00,data analyst,Delhi,https://www.adzuna.in/details/5894077788?utm_medium=api&utm_source=f15ef5ad,
5894078653,Business Analyst – Payments,Capco,"Pune, Maharashtra",,,INR,IT Jobs,,2026-09-22T21:26:25Z,2026-09-28T08:13:25.903547+00:00,business analyst,Pune,https://www.adzuna.in/details/5894078653?utm_medium=api&utm_source=f15ef5ad,
5894223883,Market Data Analyst,Talent Corner HR Services Pvt Ltd,"Bangalore, Karnataka",,,INR,IT Jobs,contract,2026-09-22T23:35:52Z,2026-09-28T08:13:25.903547+00:00,data analyst,Bangalore,https://www.adzuna.in/land/ad/5894223883?se=dCiEexS78RGykce9E5Xuvw&utm_medium=api&utm_source=f15ef5ad&v=0E17C6CEDF118415A69A3CDD67C2DF5C978B4B22,
5894225252,Senior Data Analyst - SQL & Azure,Persistent Systems,"Mumbai, Maharashtra",,,INR,IT Jobs,,2026-09-22T23:36:35Z,2026-09-28T08:13:25.903547+00:00,data analyst,Mumbai,https://www.adzuna.in/land/ad/5894225252?se=zipofBS78RGGQ9u1mQKVdw&utm_medium=api&utm_source=f15ef5ad&v=9C870C24086E0F006C945638EECF52CE8F1A65CB,Azure|SQL
5894229222,Research Analyst,HDFC SKY,"Mumbai, Maharashtra",,,INR,Accounting & Finance Jobs,,2026-09-22T23:38:20Z,2026-09-28T08:13:25.903547+00:00,data analyst,Mumbai,https://www.adzuna.in/land/ad/5894229222?se=3LL5fBS78RGoAcH5ud09ug&utm_medium=api&utm_source=f15ef5ad&v=B4E77779935CBE44993051F4A382706B51E4D6D2,
5894230937,Data Engineer - Control M,Acme Services Private Limited,"Chandni Chowk, North Delhi",1300000.0,1400000.0,INR,IT Jobs,,2026-09-22T23:45:38Z,2026-09-28T08:13:25.903547+00:00,business analyst,Delhi,https://www.adzuna.in/details/5894230937?utm_medium=api&utm_source=f15ef5ad,ETL|Python|SQL
5894389835,BUSINESS INTELLIGENCE ANALYST I,TE Connectivity,"Bangalore, Karnataka",,,INR,IT Jobs,,2026-09-23T04:30:39Z,2026-09-28T08:13:25.903547+00:00,business analyst,Bangalore,https://www.adzuna.in/land/ad/5894389835?se=GMrLfxS78RGoAcH5ud09ug&utm_medium=api&utm_source=f15ef5ad&v=B5DECDC41DEE4EC6F1483D1A4AC0224C5CA4ECE0,
5894590316,AI Business Analyst,SS&C Technologies,"Hyderabad, Telangana",,,INR,IT Jobs,permanent,2026-09-23T06:56:26Z,2026-09-28T08:13:25.903547+00:00,business analyst,Hyderabad,https://www.adzuna.in/details/5894590316?utm_medium=api&utm_source=f15ef5ad,
5894639200,Data Analyst,Artech Infosystems Private Limited,"Bangalore, Karnataka",,,INR,IT Jobs,,2026-09-23T07:49:03Z,2026-09-28T08:13:25.903547+00:00,data analyst,Bangalore,https://www.adzuna.in/details/5894639200?utm_medium=api&utm_source=f15ef5ad,Excel|Power BI|SQL|Tableau
5894769883,IT Business Analyst,Metalogyc - Click2k,"Kyasaram, Hyderabad",,,INR,IT Jobs,,2026-09-23T10:02:53Z,2026-09-28T08:13:25.903547+00:00,business analyst,Hyderabad,https://www.adzuna.in/details/5894769883?utm_medium=api&utm_source=f15ef5ad,
5894979560,Business Analyst III – SAP SD / Logistics Execution,Thermo Fisher Scientific,"Bangalore, Karnataka",,,INR,IT Jobs,,2026-09-23T14:39:59Z,2026-09-28T08:13:25.903547+00:00,business analyst,Bangalore,https://www.adzuna.in/land/ad/5894979560?se=GMrLfxS78RGoAcH5ud09ug&utm_medium=api&utm_source=f15ef5ad&v=CA6C7372E0FCC8C9DE6F7F55A18D3A043B64D590,SAP
5894979888,"Senior Data Analyst, 12 months contract, Mumbai",Fitch Group,"Mumbai, Maharashtra",,,INR,Accounting & Finance Jobs,contract,2026-09-23T14:40:07Z,2026-09-28T08:13:25.903547+00:00,data analyst,Mumbai,https://www.adzuna.in/land/ad/5894979888?se=zipofBS78RGGQ9u1mQKVdw&utm_medium=api&utm_source=f15ef5ad&v=43DFC583CFA5FA6C0CC75FD6E709EF9FA27BF9F1,
5894979891,Business Analyst III – SAP MM/PP,Thermo Fisher Scientific,"Bangalore, Karnataka",,,INR,IT Jobs,,2026-09-23T14:40:07Z,2026-09-28T08:13:25.903547+00:00,business analyst,Bangalore,https://www.adzuna.in/land/ad/5894979891?se=GMrLfxS78RGoAcH5ud09ug&utm_medium=api&utm_source=f15ef5ad&v=DEDEC60F28023E2C7724F319B787166EF2779B13,SAP
5894979894,Senior Business Analyst – SAP SD/MM/PP,Thermo Fisher Scientific,"Bangalore, Karnataka",,,INR,IT Jobs,,2026-09-23T14:40:07Z,2026-09-28T08:13:25.903547+00:00,business analyst,Bangalore,https://www.adzuna.in/land/ad/5894979894?se=GMrLfxS78RGoAcH5ud09ug&utm_medium=api&utm_source=f15ef5ad&v=899A7F7591C19F2FF1B1F6E695D89793BC4E12A9,SAP
5894979991,UAT Tester - Mumbai,Capco,"Mumbai, Maharashtra",,,INR,IT Jobs,,2026-09-23T14:40:15Z,2026-09-28T08:13:25.903547+00:00,business analyst,Mumbai,https://www.adzuna.in/land/ad/5894979991?se=FpJegRS78RGykce9E5Xuvw&utm_medium=api&utm_source=f15ef5ad&v=0560BABEA69B17F5E2D5D34D7A5683CCC47C1D00,
5894979993,Business Analyst - SAP Finance,Thermo Fisher Scientific,"Bangalore, Karnataka",,,INR,IT Jobs,,2026-09-23T14:40:15Z,2026-09-28T08:13:25.903547+00:00,business analyst,Bangalore,https://www.adzuna.in/land/ad/5894979993?se=GMrLfxS78RGoAcH5ud09ug&utm_medium=api&utm_source=f15ef5ad&v=6E0D80D1E97095661A4D73B092D958347ABC31F9,SAP
5894979997,Business Analyst III – SAP Order Management,Thermo Fisher Scientific,"Bangalore, Karnataka",,,INR,IT Jobs,,2026-09-23T14:40:15Z,2026-09-28T08:13:25.903547+00:00,business analyst,Bangalore,https://www.adzuna.in/land/ad/5894979997?se=GMrLfxS78RGoAcH5ud09ug&utm_medium=api&utm_source=f15ef5ad&v=D79B6A59744D2B16F058E7D0B704DA461B17AE5D,SAP
5895058544,Program Manager- P&C Insurance,Bean HR Consulting,"Delhi, India",,,INR,IT Jobs,,2026-09-23T16:14:00Z,2026-09-28T08:13:25.903547+00:00,data analyst,Delhi,https://www.adzuna.in/details/5895058544?utm_medium=api&utm_source=f15ef5ad,
5895065465,Data Analyst,METRO/MAKRO,"Pune, Maharashtra",,,INR,IT Jobs,,2026-09-23T16:15:29Z,2026-09-28T08:13:25.903547+00:00,data analyst,Pune,https://www.adzuna.in/details/5895065465?utm_medium=api&utm_source=f15ef5ad,
5895065478,FBS Business Analyst II- Guidewire,Capgemini,"Pune, Maharashtra",,,INR,IT Jobs,,2026-09-23T16:15:30Z,2026-09-28T08:13:25.903547+00:00,business analyst,Pune,https://www.adzuna.in/details/5895065478?utm_medium=api&utm_source=f15ef5ad,
5895065657,Sr Business Analyst,Black Box,"Mumbai, Maharashtra",,,INR,IT Jobs,,2026-09-23T16:15:30Z,2026-09-28T08:13:25.903547+00:00,business analyst,Mumbai,https://www.adzuna.in/details/5895065657?utm_medium=api&utm_source=f15ef5ad,Power BI|SQL
5895065743,Senior Data Analyst,Crunchyroll,"Hyderabad, Telangana",,,INR,IT Jobs,,2026-09-23T16:15:31Z,2026-09-28T08:13:25.903547+00:00,data analyst,Hyderabad,https://www.adzuna.in/details/5895065743?utm_medium=api&utm_source=f15ef5ad,
5895239142,Senior Data Engineer [T500-29515],FM,"Bangalore, Karnataka",,,INR,IT Jobs,,2026-09-23T19:39:59Z,2026-09-28T08:13:25.903547+00:00,data analyst,Bangalore,https://www.adzuna.in/land/ad/5895239142?se=dCiEexS78RGykce9E5Xuvw&utm_medium=api&utm_source=f15ef5ad&v=66E7F66154E57C0A88E257387CA4E5B4DED971FB,
5895239243,UX Designer / Business Analyst,DocOnline,"Delhi, India",,,INR,IT Jobs,,2026-09-23T19:40:17Z,2026-09-28T08:13:25.903547+00:00,business analyst,Delhi,https://www.adzuna.in/land/ad/5895239243?se=UEsdfxS78RGTeLAe_5iUig&utm_medium=api&utm_source=f15ef5ad&v=4A0686B0AA9AC3555176E9F0EEE9FEFAE260D108,
5895239259,Data Analyst/Engineer – SCG India,SCG,"New Delhi, Delhi",,,INR,IT Jobs,,2026-09-23T19:40:17Z,2026-09-28T08:13:25.903547+00:00,data analyst,Delhi,https://www.adzuna.in/land/ad/5895239259?se=wGn3ehS78RGoAcH5ud09ug&utm_medium=api&utm_source=f15ef5ad&v=4FCCAF26D8E5385244E97BD54062EC388012AFE8,
5895240319,Oracle PL/SQL Developer,Ingrain Systems Inc,"Hyderabad, Telangana",,,INR,IT Jobs,,2026-09-23T19:42:23Z,2026-09-28T08:13:25.903547+00:00,business analyst,Hyderabad,https://www.adzuna.in/land/ad/5895240319?se=SEjfgRS78RGykce9E5Xuvw&utm_medium=api&utm_source=f15ef5ad&v=5160DF33D1B62816F16984B7A4B2C476910A24EF,SQL
5895357304,Data Analyst - Global Procurement & Planning COE,Revvity,"Mumbai, Maharashtra",,,INR,IT Jobs,,2026-09-23T21:28:01Z,2026-09-28T08:13:25.903547+00:00,data analyst,Mumbai,https://www.adzuna.in/details/5895357304?utm_medium=api&utm_source=f15ef5ad,
5895393440,Senior Product Analyst,Tide,"Delhi, India",,,INR,IT Jobs,,2026-09-23T21:50:57Z,2026-09-28T08:13:25.903547+00:00,data analyst,Delhi,https://www.adzuna.in/details/5895393440?utm_medium=api&utm_source=f15ef5ad,
5895535154,Data Quality Analyst,Q1 Technologies India PVT,"Bazargate, Mumbai",,,INR,IT Jobs,,2026-09-23T23:46:50Z,2026-09-28T08:13:25.903547+00:00,data analyst,Mumbai,https://www.adzuna.in/details/5895535154?utm_medium=api&utm_source=f15ef5ad,
5896030089,Senior Business Analyst,CGI,"Hyderabad, Telangana",,,INR,IT Jobs,permanent,2026-09-24T06:41:42Z,2026-09-28T08:13:25.903547+00:00,business analyst,Hyderabad,https://www.adzuna.in/details/5896030089?utm_medium=api&utm_source=f15ef5ad,
5896317332,"Lead Business functional Analyst, VP",Deutsche Bank,"Pune, Maharashtra",,,INR,IT Jobs,,2026-09-24T10:32:27Z,2026-09-28T08:13:25.903547+00:00,business analyst,Pune,https://www.adzuna.in/land/ad/5896317332?se=XjjxghS78RGot7wKuS63xQ&utm_medium=api&utm_source=f15ef5ad&v=A082A760EC25EA3D7C8B29373FA8BBDF2231164D,
5896367794,Data Analyst,Renesas,"Bangalore, Karnataka",,,INR,IT Jobs,,2026-09-24T11:14:06Z,2026-09-28T08:13:25.903547+00:00,data analyst,Bangalore,https://www.adzuna.in/details/5896367794?utm_medium=api&utm_source=f15ef5ad,
5896367801,ERP Business Analyst - Tax Management,Roche,"Pune, Maharashtra",,,INR,Accounting & Finance Jobs,,2026-09-24T11:14:07Z,2026-09-28T08:13:25.903547+00:00,business analyst,Pune,https://www.adzuna.in/details/5896367801?utm_medium=api&utm_source=f15ef5ad,
5896367974,"Analyst, Data Analytics",Edwards Lifesciences,"Mumbai, Maharashtra",,,INR,IT Jobs,,2026-09-24T11:14:13Z,2026-09-28T08:13:25.903547+00:00,data analyst,Mumbai,https://www.adzuna.in/details/5896367974?utm_medium=api&utm_source=f15ef5ad,
5896368575,Senior Analyst - Data & Analytics,J&J Family of Companies,"Pune, Maharashtra",,,INR,IT Jobs,,2026-09-24T11:14:48Z,2026-09-28T08:13:25.903547+00:00,data analyst,Pune,https://www.adzuna.in/details/5896368575?utm_medium=api&utm_source=f15ef5ad,
5896612505,Data Engineer,AssetMark Global Wealth,"Hyderabad, Telangana",,,INR,IT Jobs,,2026-09-24T15:17:29Z,2026-09-28T08:13:25.903547+00:00,data analyst,Hyderabad,https://www.adzuna.in/land/ad/5896612505?se=6PP7fRS78RGvJq74qCDndg&utm_medium=api&utm_source=f15ef5ad&v=7E0C15FEDC0E31B8C420257D4A5AF2A4DDA3B1D9,
5896612786,"Technical Project Manager with AI Platforms & Enterprise Technology Projects ScrumMaster ( Azure, AWS,AI, DevOps, UI/ UX ) Location : Hyderabad / Remote (India)",Synergy Technologies,"Hyderabad, Telangana",,,INR,IT Jobs,,2026-09-24T15:17:42Z,2026-09-28T08:13:25.903547+00:00,business analyst,Hyderabad,https://www.adzuna.in/land/ad/5896612786?se=uKlighS78RGot7wKuS63xQ&utm_medium=api&utm_source=f15ef5ad&v=303CB14F62CD1052870A52BD0DF2B80559822409,AWS|Azure
5896612832,Software Associate,Tata Consultancy Services,"Hyderabad, Telangana",,,INR,IT Jobs,,2026-09-24T15:17:46Z,2026-09-28T08:13:25.903547+00:00,data analyst,Hyderabad,https://www.adzuna.in/land/ad/5896612832?se=6PP7fRS78RGvJq74qCDndg&utm_medium=api&utm_source=f15ef5ad&v=59A3A3C2909E4F6A748309C62F082F657A90697F,AWS
5896613594,Associate - Venture Capital,Artha Group,"Mumbai, Maharashtra",,,INR,Accounting & Finance Jobs,,2026-09-24T15:18:19Z,2026-09-28T08:13:25.903547+00:00,data analyst,Mumbai,https://www.adzuna.in/land/ad/5896613594?se=3LL5fBS78RGoAcH5ud09ug&utm_medium=api&utm_source=f15ef5ad&v=E8539003D7FD035CEC8D3201E611EA0F7C8EA547,
5896613632,Data Engineer,Ascendion,"Hyderabad, Telangana",,,INR,IT Jobs,,2026-09-24T15:18:21Z,2026-09-28T08:13:25.903547+00:00,data analyst,Hyderabad,https://www.adzuna.in/land/ad/5896613632?se=Aud2fRS78RGot7wKuS63xQ&utm_medium=api&utm_source=f15ef5ad&v=110BC426C240E75E2D678D8C8324C7DDE0F2396A,Python|SQL
5896614104,Spark / Scala Data Engineer,Tata Consultancy Services,"Bangalore, Karnataka",,,INR,IT Jobs,,2026-09-24T15:18:43Z,2026-09-28T08:13:25.903547+00:00,business analyst,Bangalore,https://www.adzuna.in/land/ad/5896614104?se=GMrLfxS78RGoAcH5ud09ug&utm_medium=api&utm_source=f15ef5ad&v=1EB49353C53546580E71D5C5C0F9255A8D71E33E,AWS|Spark
5896631402,Manager Data Analytics,Wadhwani AI LEHS,"Sansad Marg, New Delhi",2500000.0,2500000.0,INR,IT Jobs,permanent,2026-09-24T15:52:21Z,2026-09-28T08:13:25.903547+00:00,data analyst,Delhi,https://www.adzuna.in/details/5896631402?utm_medium=api&utm_source=f15ef5ad,
5896658452,Business Analyst - Hospital Operations,2070Health,"Mumbai, Maharashtra",,,INR,IT Jobs,,2026-09-24T16:16:48Z,2026-09-28T08:13:25.903547+00:00,business analyst,Mumbai,https://www.adzuna.in/details/5896658452?utm_medium=api&utm_source=f15ef5ad,
5896963254,"Sr. Spclst, Scitara Business Analyst",MSD,"Hyderabad, Telangana",,,INR,IT Jobs,,2026-09-24T20:32:10Z,2026-09-28T08:13:25.903547+00:00,business analyst,Hyderabad,https://www.adzuna.in/land/ad/5896963254?se=SEjfgRS78RGykce9E5Xuvw&utm_medium=api&utm_source=f15ef5ad&v=B61980FCC9D2900919346073C6AD82CE2A3C6458,
5896964053,Reporting Analyst,Capco,"Mumbai, Maharashtra",,,INR,IT Jobs,,2026-09-24T20:32:20Z,2026-09-28T08:13:25.903547+00:00,business analyst,Mumbai,https://www.adzuna.in/land/ad/5896964053?se=2A3ggBS78RGot7wKuS63xQ&utm_medium=api&utm_source=f15ef5ad&v=C9835B156E863CC01DE5D5AA4384CBFB99CD70AF,
5896964096,BA - Capital Market,Capco,"Mumbai, Maharashtra",,,INR,IT Jobs,,2026-09-24T20:32:21Z,2026-09-28T08:13:25.903547+00:00,business analyst,Mumbai,https://www.adzuna.in/land/ad/5896964096?se=2A3ggBS78RGot7wKuS63xQ&utm_medium=api&utm_source=f15ef5ad&v=FAD030ACD59B482CC5D69BE05AFCB0298BC28FAA,
5897025067,Sr Business Analyst,Black Box,"Mumbai, Maharashtra",,,INR,IT Jobs,,2026-09-24T21:04:03Z,2026-09-28T08:13:25.903547+00:00,business analyst,Mumbai,https://www.adzuna.in/details/5897025067?utm_medium=api&utm_source=f15ef5ad,Power BI|SQL
5897025088,AO/Business Analyst,AllianceBernstein LP,"Pune, Maharashtra",,,INR,IT Jobs,,2026-09-24T21:04:04Z,2026-09-28T08:13:25.903547+00:00,business analyst,Pune,https://www.adzuna.in/details/5897025088?utm_medium=api&utm_source=f15ef5ad,
5897067456,Executive - SAP Business Analyst (HO) Delhi,StepsWorths Consultancy Services,"Delhi, India",400000.0,600000.0,INR,IT Jobs,,2026-09-24T21:28:10Z,2026-09-28T08:13:25.903547+00:00,business analyst,Delhi,https://www.adzuna.in/details/5897067456?utm_medium=api&utm_source=f15ef5ad,SAP
5897259496,Business Analyst,Acme Services Private Limited,"Chandni Chowk, North Delhi",2300000.0,2400000.0,INR,IT Jobs,,2026-09-24T23:46:01Z,2026-09-28T08:13:25.903547+00:00,business analyst,Delhi,https://www.adzuna.in/details/5897259496?utm_medium=api&utm_source=f15ef5ad,
5897294464,Sales Data Analyst (Revenue Operations) | Bangalore,VARITE INC,"Bangalore, Karnataka",,,INR,IT Jobs,contract,2026-09-25T01:51:40Z,2026-09-28T08:13:25.903547+00:00,data analyst,Bangalore,https://www.adzuna.in/land/ad/5897294464?se=dCiEexS78RGykce9E5Xuvw&utm_medium=api&utm_source=f15ef5ad&v=CE5FB8A14624252EBD5D54A4D7BE58D8BEA2E55B,
5897294517,Data Analyst,Futurlytic Private Limited,"Bangalore, Karnataka",,,INR,IT Jobs,,2026-09-25T01:51:59Z,2026-09-28T08:13:25.903547+00:00,data analyst,Bangalore,https://www.adzuna.in/land/ad/5897294517?se=dCiEexS78RGykce9E5Xuvw&utm_medium=api&utm_source=f15ef5ad&v=21DCF7E55436364DA8165DF6052E157821FE1C21,
5897295023,Sales Operation Analyst (Data Analyst Sales),VARITE INC,"Bangalore, Karnataka",,,INR,IT Jobs,,2026-09-25T01:54:06Z,2026-09-28T08:13:25.903547+00:00,data analyst,Bangalore,https://www.adzuna.in/land/ad/5897295023?se=dCiEexS78RGykce9E5Xuvw&utm_medium=api&utm_source=f15ef5ad&v=FAEFDE2EC14B527EC36FF1EF543A5A7E6599FAAC,
5897295182,Informatica MDM Developer,LUMENDATA SOLUTIONS INDIA PRIVATE LIMITED,"Bangalore, Karnataka",,,INR,IT Jobs,,2026-09-25T01:54:52Z,2026-09-28T08:13:25.903547+00:00,business analyst,Bangalore,https://www.adzuna.in/land/ad/5897295182?se=GMrLfxS78RGoAcH5ud09ug&utm_medium=api&utm_source=f15ef5ad&v=1A94503085AAC602B1BE51EE2EACCB79805C6EC8,
5897296035,Sales Data Analyst,VARITE INC,"Bangalore, Karnataka",,,INR,IT Jobs,contract,2026-09-25T01:56:43Z,2026-09-28T08:13:25.903547+00:00,data analyst,Bangalore,https://www.adzuna.in/land/ad/5897296035?se=dCiEexS78RGykce9E5Xuvw&utm_medium=api&utm_source=f15ef5ad&v=2084F01DDD8E86F88496B4BD40597D2FBD6F257E,
5897296073,[GOGFZ0QV] ETL Data Analyst/Tester,ZettaMine Labs Pvt. Ltd.,"Bangalore, Karnataka",,,INR,IT Jobs,,2026-09-25T01:56:51Z,2026-09-28T08:13:25.903547+00:00,data analyst,Bangalore,https://www.adzuna.in/land/ad/5897296073?se=dCiEexS78RGykce9E5Xuvw&utm_medium=api&utm_source=f15ef5ad&v=30C52EC9149833737D1042E7CF8A65A837B7AC36,ETL
5897296483,Consulting Engagement Manager,TAAS Partners,"Bangalore, Karnataka",,,INR,IT Jobs,,2026-09-25T01:58:53Z,2026-09-28T08:13:25.903547+00:00,business analyst,Bangalore,https://www.adzuna.in/land/ad/5897296483?se=GMrLfxS78RGoAcH5ud09ug&utm_medium=api&utm_source=f15ef5ad&v=471C4BEF502F4B0FFDF9F72B876FA4F253D9172D,
5897757890,Senior Analyst – Data & Analytics,Johnson and Johnson,"Pune, Maharashtra",,,INR,IT Jobs,permanent,2026-09-25T07:31:54Z,2026-09-28T08:13:25.903547+00:00,data analyst,Pune,https://www.adzuna.in/details/5897757890?utm_medium=api&utm_source=f15ef5ad,
5897949510,Data Governance Technical Analyst - Assistant Vice President,Citigroup,"Pune, Maharashtra",,,INR,IT Jobs,,2026-09-25T11:12:53Z,2026-09-28T08:13:25.903547+00:00,data analyst,Pune,https://www.adzuna.in/details/5897949510?utm_medium=api&utm_source=f15ef5ad,
5897949555,Business Analyst,Cognizant,"Pune, Maharashtra",,,INR,IT Jobs,,2026-09-25T11:12:58Z,2026-09-28T08:13:25.903547+00:00,business analyst,Pune,https://www.adzuna.in/details/5897949555?utm_medium=api&utm_source=f15ef5ad,
5897949997,IND - Staff Business Analyst,The Hartford,"Hyderabad, Telangana",,,INR,IT Jobs,,2026-09-25T11:13:26Z,2026-09-28T08:13:25.903547+00:00,business analyst,Hyderabad,https://www.adzuna.in/details/5897949997?utm_medium=api&utm_source=f15ef5ad,
5897951119,Finance & MIS Expert,ICF,"New Delhi, Delhi",,,INR,Accounting & Finance Jobs,,2026-09-25T11:13:50Z,2026-09-28T08:13:25.903547+00:00,business analyst,Delhi,https://www.adzuna.in/details/5897951119?utm_medium=api&utm_source=f15ef5ad,
5897951123,Environment and Safety Officer,ICF,"New Delhi, Delhi",,,INR,Engineering Jobs,,2026-09-25T11:13:50Z,2026-09-28T08:13:25.903547+00:00,business analyst,Delhi,https://www.adzuna.in/details/5897951123?utm_medium=api&utm_source=f15ef5ad,
5897951125,Finance & Financial Management Expert,ICF,"New Delhi, Delhi",,,INR,Accounting & Finance Jobs,,2026-09-25T11:13:51Z,2026-09-28T08:13:25.903547+00:00,business analyst,Delhi,https://www.adzuna.in/details/5897951125?utm_medium=api&utm_source=f15ef5ad,
5897951163,DISCOM Co-ordination Expert,ICF,"New Delhi, Delhi",,,INR,IT Jobs,,2026-09-25T11:13:51Z,2026-09-28T08:13:25.903547+00:00,business analyst,Delhi,https://www.adzuna.in/details/5897951163?utm_medium=api&utm_source=f15ef5ad,
5897954767,Analyst - Data Engineering,TIAA,"Pune, Maharashtra",,,INR,IT Jobs,,2026-09-25T11:15:35Z,2026-09-28T08:13:25.903547+00:00,data analyst,Pune,https://www.adzuna.in/details/5897954767?utm_medium=api&utm_source=f15ef5ad,
5897954769,Analyst - Data Engineering,TIAA,"Mumbai, Maharashtra",,,INR,IT Jobs,,2026-09-25T11:15:35Z,2026-09-28T08:13:25.903547+00:00,data analyst,Mumbai,https://www.adzuna.in/details/5897954769?utm_medium=api&utm_source=f15ef5ad,
5898126179,Data Analyst,Navneet Education Limited,"Mumbai, Maharashtra",,,INR,IT Jobs,,2026-09-25T15:21:02Z,2026-09-28T08:13:25.903547+00:00,data analyst,Mumbai,https://www.adzuna.in/land/ad/5898126179?se=zipofBS78RGGQ9u1mQKVdw&utm_medium=api&utm_source=f15ef5ad&v=C4DB41C637EA91E816081FAF9EE7DB65A0AFEAFB,
5898126771,GCP Data Engineer,Tata Consultancy Services,"Delhi, India",,,INR,IT Jobs,,2026-09-25T15:21:39Z,2026-09-28T08:13:25.903547+00:00,data analyst,Delhi,https://www.adzuna.in/land/ad/5898126771?se=wGn3ehS78RGoAcH5ud09ug&utm_medium=api&utm_source=f15ef5ad&v=2DF1A59CBDC4F3F486AF488F30582CA689290CEF,BigQuery|ETL|GCP|GitHub|Python|SQL|dbt
5898127468,Business Intelligence Analyst_97046,MyCareernet,"Hyderabad, Telangana",,,INR,IT Jobs,,2026-09-25T15:22:22Z,2026-09-28T08:13:25.903547+00:00,business analyst,Hyderabad,https://www.adzuna.in/land/ad/5898127468?se=SEjfgRS78RGykce9E5Xuvw&utm_medium=api&utm_source=f15ef5ad&v=53A2051C579CDD5BDB04E230FA03FE3EBF3438C9,Excel|Tableau
5898127918,Sr. Quality Analyst,UNPlus Solutions,"Bangalore, Karnataka",,,INR,IT Jobs,,2026-09-25T15:22:48Z,2026-09-28T08:13:25.903547+00:00,business analyst,Bangalore,https://www.adzuna.in/land/ad/5898127918?se=GMrLfxS78RGoAcH5ud09ug&utm_medium=api&utm_source=f15ef5ad&v=114764AB3140DE49E74CD218EBE5C401B93690EC,
5898128493,GCP Data Engineer,Tata Consultancy Services,"Hyderabad, Telangana",,,INR,IT Jobs,,2026-09-25T15:23:18Z,2026-09-28T08:13:25.903547+00:00,data analyst,Hyderabad,https://www.adzuna.in/land/ad/5898128493?se=6PP7fRS78RGvJq74qCDndg&utm_medium=api&utm_source=f15ef5ad&v=C52C9CA359A91FB41B26778BF24532CCC09CAF66,BigQuery|ETL|GCP|GitHub|Python|SQL|dbt
5898128499,Data Analyst,CirrusLabs,"Bangalore, Karnataka",,,INR,IT Jobs,,2026-09-25T15:23:18Z,2026-09-28T08:13:25.903547+00:00,data analyst,Bangalore,https://www.adzuna.in/land/ad/5898128499?se=dCiEexS78RGykce9E5Xuvw&utm_medium=api&utm_source=f15ef5ad&v=DB79B3F4CE4EA21D3400B80E95C13F026C24FA9A,Power BI
5898128947,Data Engineer,The HEINEKEN Company,"Hyderabad, Telangana",,,INR,IT Jobs,,2026-09-25T15:23:33Z,2026-09-28T08:13:25.903547+00:00,business analyst,Hyderabad,https://www.adzuna.in/land/ad/5898128947?se=SEjfgRS78RGykce9E5Xuvw&utm_medium=api&utm_source=f15ef5ad&v=CDDF0C501D9C0FBA4E045DD0FE0CDDB54AD8614F,Azure|ETL|Python|SQL
5898129320,Sales Enablement Specialist,LTM,"Mumbai, Maharashtra",,,INR,IT Jobs,,2026-09-25T15:23:44Z,2026-09-28T08:13:25.903547+00:00,business analyst,Mumbai,https://www.adzuna.in/land/ad/5898129320?se=2A3ggBS78RGot7wKuS63xQ&utm_medium=api&utm_source=f15ef5ad&v=216A5EA9527CE5EB9F27AAC511362CB5B04B9EDA,
5898129551,Data Engineer,mCaffeine,"Mumbai, Maharashtra",,,INR,IT Jobs,,2026-09-25T15:23:59Z,2026-09-28T08:13:25.903547+00:00,data analyst,Mumbai,https://www.adzuna.in/land/ad/5898129551?se=zipofBS78RGGQ9u1mQKVdw&utm_medium=api&utm_source=f15ef5ad&v=100C3D6B0FA3BDEC21B470D3BE1F3A95A4FF7D0C,
5898129744,Data Analyst,JEWELSTAR GROUP,"Mumbai, Maharashtra",,,INR,IT Jobs,,2026-09-25T15:24:07Z,2026-09-28T08:13:25.903547+00:00,data analyst,Mumbai,https://www.adzuna.in/land/ad/5898129744?se=zipofBS78RGGQ9u1mQKVdw&utm_medium=api&utm_source=f15ef5ad&v=30E44802987F4CECB43EF7439EAB1BE23B3E5A4E,
5898129792,Data Analyst,Tata Consultancy Services,"Bangalore, Karnataka",,,INR,IT Jobs,,2026-09-25T15:24:08Z,2026-09-28T08:13:25.903547+00:00,data analyst,Bangalore,https://www.adzuna.in/land/ad/5898129792?se=dCiEexS78RGykce9E5Xuvw&utm_medium=api&utm_source=f15ef5ad&v=64AE30074388AF5F3E58EA892531BD888D52FB26,Linux|SQL
5898263224,Sr Business Systems Analyst - Vertex Implementation,Moody's,"Bangalore, Karnataka",,,INR,Accounting & Finance Jobs,,2026-09-25T16:35:01Z,2026-09-28T08:13:25.903547+00:00,business analyst,Bangalore,https://www.adzuna.in/land/ad/5898263224?se=GMrLfxS78RGoAcH5ud09ug&utm_medium=api&utm_source=f15ef5ad&v=18036F057C7B249251D77A9B26EEE16689C19845,
5898263645,Lead Product Manager – Technical - Vadodara,Capco,"Pune, Maharashtra",,,INR,IT Jobs,,2026-09-25T16:35:07Z,2026-09-28T08:13:25.903547+00:00,business analyst,Pune,https://www.adzuna.in/land/ad/5898263645?se=XjjxghS78RGot7wKuS63xQ&utm_medium=api&utm_source=f15ef5ad&v=C5D02B97439DC9CBC16298C5649EA451CD15CFE7,
5898263647,UAT Testing,Capco,"Mumbai, Maharashtra",,,INR,IT Jobs,,2026-09-25T16:35:07Z,2026-09-28T08:13:25.903547+00:00,business analyst,Mumbai,https://www.adzuna.in/land/ad/5898263647?se=FpJegRS78RGykce9E5Xuvw&utm_medium=api&utm_source=f15ef5ad&v=031E2023A10B69BFEF0D6900247A1FE36F733D95,
5898263683,"Specialist, Business Analyst – Content Review Automation (AI-enabled MLR / Content Catalyst)",MSD,"Hyderabad, Telangana",,,INR,IT Jobs,,2026-09-25T16:35:07Z,2026-09-28T08:13:25.903547+00:00,business analyst,Hyderabad,https://www.adzuna.in/land/ad/5898263683?se=SEjfgRS78RGykce9E5Xuvw&utm_medium=api&utm_source=f15ef5ad&v=DA7E352AE2921065181F62C3245C23E9F829AEA6,
5898467609,Data Analyst - Pricing,Ingram Micro,"Mumbai, Maharashtra",,,INR,Accounting & Finance Jobs,,2026-09-25T21:05:13Z,2026-09-28T08:13:25.903547+00:00,data analyst,Mumbai,https://www.adzuna.in/details/5898467609?utm_medium=api&utm_source=f15ef5ad,
5898492948,Data Governance Analyst,Ingram Micro,"Mumbai, Maharashtra",,,INR,IT Jobs,,2026-09-25T21:23:39Z,2026-09-28T08:13:25.903547+00:00,data analyst,Mumbai,https://www.adzuna.in/details/5898492948?utm_medium=api&utm_source=f15ef5ad,
5898503344,Analyst - Data Engineering,TIAA,"Mumbai, Maharashtra",,,INR,IT Jobs,,2026-09-25T21:29:24Z,2026-09-28T08:13:25.903547+00:00,data analyst,Mumbai,https://www.adzuna.in/details/5898503344?utm_medium=api&utm_source=f15ef5ad,
5898533170,IBM Infosphere DataStage,Tata Consultancy Services,"Hyderabad, Telangana",,,INR,IT Jobs,,2026-09-25T21:58:28Z,2026-09-28T08:13:25.903547+00:00,data analyst,Hyderabad,https://www.adzuna.in/land/ad/5898533170?se=6PP7fRS78RGvJq74qCDndg&utm_medium=api&utm_source=f15ef5ad&v=134685EA700627832100F8F6B1E2B3FB247FF5F4,ETL
5898533943,Data Insight Analyst [T500-29603],Albertsons Companies India,"Bangalore, Karnataka",,,INR,IT Jobs,,2026-09-25T22:02:55Z,2026-09-28T08:13:25.903547+00:00,data analyst,Bangalore,https://www.adzuna.in/land/ad/5898533943?se=dCiEexS78RGykce9E5Xuvw&utm_medium=api&utm_source=f15ef5ad&v=BF3F8C8BAAF3280272EE98B6C195D054FD3542DC,
5898533963,"Data Science || 2.5 Years || Bangalore, Hyderabad, Gurugram, Mumbai, Kolkata, Chennai",A Client of Neerinfo Solutions,"Bangalore, Karnataka",,,INR,IT Jobs,,2026-09-25T22:02:56Z,2026-09-28T08:13:25.903547+00:00,data analyst,Bangalore,https://www.adzuna.in/land/ad/5898533963?se=dCiEexS78RGykce9E5Xuvw&utm_medium=api&utm_source=f15ef5ad&v=1292C2B978E0423422E33D6AE758BF2052227EC6,AWS|Azure|GCP|Machine Learning|Python|SQL
5898533993,Data Engineering Lead,The HEINEKEN Company,"Hyderabad, Telangana",,,INR,IT Jobs,,2026-09-25T22:02:57Z,2026-09-28T08:13:25.903547+00:00,business analyst,Hyderabad,https://www.adzuna.in/land/ad/5898533993?se=SEjfgRS78RGykce9E5Xuvw&utm_medium=api&utm_source=f15ef5ad&v=93CBE7E9D7EBB395D7DB3B2291A47469A5F34596,
5898568165,Business Analyst (Investment banking),DATAECONOMY,"Yerwada, Pune",,,INR,IT Jobs,permanent,2026-09-25T22:14:25Z,2026-09-28T08:13:25.903547+00:00,business analyst,Pune,https://www.adzuna.in/details/5898568165?utm_medium=api&utm_source=f15ef5ad,SQL
5898655967,MetaSolv Business Analyst,TalAstra HR Consultants,"Yerwada, Pune",1200000.0,1600000.0,INR,IT Jobs,,2026-09-25T23:47:02Z,2026-09-28T08:13:25.903547+00:00,business analyst,Pune,https://www.adzuna.in/details/5898655967?utm_medium=api&utm_source=f15ef5ad,
5898718086,Senior Risk Analyst – Data Science & Analytics,Experian,"Mumbai, Maharashtra",,,INR,Accounting & Finance Jobs,,2026-09-26T02:36:32Z,2026-09-28T08:13:25.903547+00:00,data analyst,Mumbai,https://www.adzuna.in/details/5898718086?utm_medium=api&utm_source=f15ef5ad,
5899329546,Senior Data Analyst,UnitedHealth Group,"Hyderabad, Telangana",,,INR,IT Jobs,,2026-09-26T11:16:26Z,2026-09-28T08:13:25.903547+00:00,data analyst,Hyderabad,https://www.adzuna.in/details/5899329546?utm_medium=api&utm_source=f15ef5ad,
5899377941,"HCM Business Advisory Senior Analyst, AVP",Deutsche Bank,"Bangalore, Karnataka",,,INR,HR & Recruitment Jobs,,2026-09-26T12:33:27Z,2026-09-28T08:13:25.903547+00:00,business analyst,Bangalore,https://www.adzuna.in/land/ad/5899377941?se=GMrLfxS78RGoAcH5ud09ug&utm_medium=api&utm_source=f15ef5ad&v=67472106A6E08177686EAB926009933F3A405D4D,
5899510152,Lead Data Analyst- GTM,Aptita,"Hyderabad, Telangana",,,INR,IT Jobs,,2026-09-26T15:25:36Z,2026-09-28T08:13:25.903547+00:00,data analyst,Hyderabad,https://www.adzuna.in/land/ad/5899510152?se=Aud2fRS78RGot7wKuS63xQ&utm_medium=api&utm_source=f15ef5ad&v=DC15485A1B8367634BBED904C6B5D70F2EF08492,Excel|SQL
5899510857,Project Manager,National e-Governance Division,"New Delhi, Delhi",,,INR,IT Jobs,,2026-09-26T15:26:10Z,2026-09-28T08:13:25.903547+00:00,business analyst,Delhi,https://www.adzuna.in/land/ad/5899510857?se=UEsdfxS78RGTeLAe_5iUig&utm_medium=api&utm_source=f15ef5ad&v=368A3D392C953F3B6B9BBECDFB3534677BF99A97,
5899512155,Senior Data Engineer [T500-29640],CIBC India,"Hyderabad, Telangana",,,INR,IT Jobs,,2026-09-26T15:27:14Z,2026-09-28T08:13:25.903547+00:00,data analyst,Hyderabad,https://www.adzuna.in/land/ad/5899512155?se=6PP7fRS78RGvJq74qCDndg&utm_medium=api&utm_source=f15ef5ad&v=18160B11140D917EFBFF5A9418B33B8CD609C6E6,
5899549573,Business Analyst Japanese,algoleap,"Hyderabad, Telangana",,,INR,IT Jobs,,2026-09-26T16:17:36Z,2026-09-28T08:13:25.903547+00:00,business analyst,Hyderabad,https://www.adzuna.in/details/5899549573?utm_medium=api&utm_source=f15ef5ad,Azure|Tableau
5899550128,Data Analyst/Business Analyst,Unison Group,"Hyderabad, Telangana",,,INR,IT Jobs,,2026-09-26T16:17:42Z,2026-09-28T08:13:25.903547+00:00,data analyst,Hyderabad,https://www.adzuna.in/details/5899550128?utm_medium=api&utm_source=f15ef5ad,ETL|SAP
5899550146,Business Analyst,Weekday AI,"Hyderabad, Telangana",,,INR,IT Jobs,,2026-09-26T16:17:42Z,2026-09-28T08:13:25.903547+00:00,business analyst,Hyderabad,https://www.adzuna.in/details/5899550146?utm_medium=api&utm_source=f15ef5ad,
5899836881,Senior Analyst - Clinical Data Abstraction,MRO Careers,"Sasanenagar, Pune",,,INR,Scientific & QA Jobs,,2026-09-26T21:06:29Z,2026-09-28T08:13:25.903547+00:00,data analyst,Pune,https://www.adzuna.in/details/5899836881?utm_medium=api&utm_source=f15ef5ad,
5899837150,SAP OTC Senior Business Analyst,MiniMed,"Pune, Maharashtra",,,INR,IT Jobs,,2026-09-26T21:06:45Z,2026-09-28T08:13:25.903547+00:00,business analyst,Pune,https://www.adzuna.in/details/5899837150?utm_medium=api&utm_source=f15ef5ad,SAP
5899841139,Index Data Research Analyst,ISS STOXX,"Mumbai, Maharashtra",,,INR,IT Jobs,,2026-09-26T21:10:36Z,2026-09-28T08:13:25.903547+00:00,data analyst,Mumbai,https://www.adzuna.in/details/5899841139?utm_medium=api&utm_source=f15ef5ad,
5899841859,"Senior Data Analyst, Network Analytics & AI",Parallel Wireless,"Pune, Maharashtra",,,INR,IT Jobs,,2026-09-26T21:11:14Z,2026-09-28T08:13:25.903547+00:00,data analyst,Pune,https://www.adzuna.in/details/5899841859?utm_medium=api&utm_source=f15ef5ad,Statistics
5899842018,"Business Analyst, Associate",Epicor,"Hyderabad, Telangana",,,INR,IT Jobs,permanent,2026-09-26T21:11:22Z,2026-09-28T08:13:25.903547+00:00,business analyst,Hyderabad,https://www.adzuna.in/details/5899842018?utm_medium=api&utm_source=f15ef5ad,
5899843917,"Data Analyst - Tableau, Power BI - Associate",JPMorganChase,"Mumbai, Maharashtra",,,INR,"Energy, Oil & Gas Jobs",,2026-09-26T21:13:05Z,2026-09-28T08:13:25.903547+00:00,data analyst,Mumbai,https://www.adzuna.in/details/5899843917?utm_medium=api&utm_source=f15ef5ad,Power BI|Tableau
5899857243,Assistant Manager - Process,Ingram Micro,"Mumbai, Maharashtra",,,INR,IT Jobs,,2026-09-26T21:24:48Z,2026-09-28T08:13:25.903547+00:00,data analyst,Mumbai,https://www.adzuna.in/details/5899857243?utm_medium=api&utm_source=f15ef5ad,
5899924447,Consultant-Business Analytics,Allianz Commercial,"Pune, Maharashtra",,,INR,Engineering Jobs,permanent,2026-09-26T22:38:30Z,2026-09-28T08:13:25.903547+00:00,data analyst,Pune,https://www.adzuna.in/land/ad/5899924447?se=apu4fhS78RGTeLAe_5iUig&utm_medium=api&utm_source=f15ef5ad&v=9628F1C2FD69CECF39D668C861203527C60388BE,Azure
5899975699,Technical Project Manager,KPI Partners,"Bangalore, Karnataka",,,INR,IT Jobs,,2026-09-27T01:57:37Z,2026-09-28T08:13:25.903547+00:00,data analyst,Bangalore,https://www.adzuna.in/land/ad/5899975699?se=dCiEexS78RGykce9E5Xuvw&utm_medium=api&utm_source=f15ef5ad&v=24F48EE2A46FB7E5AFA5E89BEBDFCE8B04313390,
5900184575,Senior EDI Data Analyst,Kimberly-Clark Corporation,"Pune, Maharashtra",,,INR,IT Jobs,permanent,2026-09-27T07:38:49Z,2026-09-28T08:13:25.903547+00:00,data analyst,Pune,https://www.adzuna.in/details/5900184575?utm_medium=api&utm_source=f15ef5ad,
5900348941,Business Analyst,StoneX,"Vadgaon Sheri, Pune",,,INR,IT Jobs,,2026-09-27T11:04:31Z,2026-09-28T08:13:25.903547+00:00,business analyst,Pune,https://www.adzuna.in/details/5900348941?utm_medium=api&utm_source=f15ef5ad,
5900348948,Data Analyst,Expleo,"Nana Peth, Pune",,,INR,IT Jobs,contract,2026-09-27T11:04:31Z,2026-09-28T08:13:25.903547+00:00,data analyst,Pune,https://www.adzuna.in/details/5900348948?utm_medium=api&utm_source=f15ef5ad,
5900355724,Renewable Energy Engineer,ICF,"New Delhi, Delhi",,,INR,IT Jobs,,2026-09-27T11:15:06Z,2026-09-28T08:13:25.903547+00:00,business analyst,Delhi,https://www.adzuna.in/details/5900355724?utm_medium=api&utm_source=f15ef5ad,
5900355731,Renewable Energy Engineer,ICF,"New Delhi, Delhi",,,INR,Engineering Jobs,,2026-09-27T11:15:06Z,2026-09-28T08:13:25.903547+00:00,business analyst,Delhi,https://www.adzuna.in/details/5900355731?utm_medium=api&utm_source=f15ef5ad,
5900355909,SAP OTC Senior Business Analyst,MiniMed,"Pune, Maharashtra",,,INR,IT Jobs,,2026-09-27T11:15:27Z,2026-09-28T08:13:25.903547+00:00,business analyst,Pune,https://www.adzuna.in/details/5900355909?utm_medium=api&utm_source=f15ef5ad,SAP
5900356312,"Senior Analyst, Data Analytics",Edwards Lifesciences,"Mumbai, Maharashtra",,,INR,IT Jobs,,2026-09-27T11:16:00Z,2026-09-28T08:13:25.903547+00:00,data analyst,Mumbai,https://www.adzuna.in/details/5900356312?utm_medium=api&utm_source=f15ef5ad,
5900356493,Senior Data Management Analyst,Wells Fargo,"Hyderabad, Telangana",,,INR,Healthcare & Nursing Jobs,,2026-09-27T11:16:14Z,2026-09-28T08:13:25.903547+00:00,data analyst,Hyderabad,https://www.adzuna.in/details/5900356493?utm_medium=api&utm_source=f15ef5ad,
5900357011,Senior Data Analyst,UnitedHealth Group,"Hyderabad, Telangana",,,INR,Healthcare & Nursing Jobs,,2026-09-27T11:17:00Z,2026-09-28T08:13:25.903547+00:00,data analyst,Hyderabad,https://www.adzuna.in/details/5900357011?utm_medium=api&utm_source=f15ef5ad,
5900616313,Data Analyst (Python/SQL),Tata Consultancy Services,"Delhi, India",,,INR,IT Jobs,,2026-09-27T18:07:00Z,2026-09-28T08:13:25.903547+00:00,data analyst,Delhi,https://www.adzuna.in/land/ad/5900616313?se=wGn3ehS78RGoAcH5ud09ug&utm_medium=api&utm_source=f15ef5ad&v=FC4EE9425734872B676962950981427745A4F612,Python|SQL
5900728131,Senior Analyst - Data Analytics,Accelya Services India,"Mumbai, Maharashtra",,,INR,Consultancy Jobs,,2026-09-27T21:14:07Z,2026-09-28T08:13:25.903547+00:00,data analyst,Mumbai,https://www.adzuna.in/details/5900728131?utm_medium=api&utm_source=f15ef5ad,
5900875291,"Associate, Reporting & Portfolio Analytics (Emerging Markets)",BuzzClan,"Hyderabad, Telangana",,,INR,Accounting & Finance Jobs,,2026-09-28T02:01:01Z,2026-09-28T08:13:25.903547+00:00,data analyst,Hyderabad,https://www.adzuna.in/land/ad/5900875291?se=Aud2fRS78RGot7wKuS63xQ&utm_medium=api&utm_source=f15ef5ad&v=CE0FA170A3D07716C3DCAB6E84829BFFAF55276C,
5900875756,EDI Java-SQL Developer,Awign,"Bangalore, Karnataka",,,INR,IT Jobs,permanent,2026-09-28T02:03:12Z,2026-09-28T08:13:25.903547+00:00,business analyst,Bangalore,https://www.adzuna.in/land/ad/5900875756?se=GMrLfxS78RGoAcH5ud09ug&utm_medium=api&utm_source=f15ef5ad&v=CF7E37DBC50F7013BC618EAD6EE6E86FCFF4C336,Azure|SQL
5900875768,Technical Project Manager,KPI Partners,"Hyderabad, Telangana",,,INR,IT Jobs,,2026-09-28T02:03:14Z,2026-09-28T08:13:25.903547+00:00,data analyst,Hyderabad,https://www.adzuna.in/land/ad/5900875768?se=Aud2fRS78RGot7wKuS63xQ&utm_medium=api&utm_source=f15ef5ad&v=AEFEAF2D603598832C785035E27F1F9E23117AC3,
5901133222,Data Analyst,SmartWinnr,"Hyderabad, Telangana",,,INR,IT Jobs,,2026-09-28T07:33:09Z,2026-09-28T08:13:25.903547+00:00,data analyst,Hyderabad,https://www.adzuna.in/land/ad/5901133222?se=Aud2fRS78RGot7wKuS63xQ&utm_medium=api&utm_source=f15ef5ad&v=BA0F3401CE8F0B17C25D3C424D522B4A812CDC66,
5901134284,Data Analytics Engineer,Dinoxo,"Bangalore, Karnataka",,,INR,IT Jobs,permanent,2026-09-28T07:36:02Z,2026-09-28T08:13:25.903547+00:00,data analyst,Bangalore,https://www.adzuna.in/land/ad/5901134284?se=dCiEexS78RGykce9E5Xuvw&utm_medium=api&utm_source=f15ef5ad&v=55EAA25A992682C550B05111B2952716BDAE6119,SQL
5901134288,Data Engineering [T500-29647],CIBC India,"Hyderabad, Telangana",,,INR,IT Jobs,,2026-09-28T07:36:09Z,2026-09-28T08:13:25.903547+00:00,data analyst,Hyderabad,https://www.adzuna.in/land/ad/5901134288?se=6PP7fRS78RGvJq74qCDndg&utm_medium=api&utm_source=f15ef5ad&v=27E160EB12065C6BD203DF1D5F301123B356CF5B,
5901137209,Global Payments Operations,Undisclosed,"Hyderabad, Telangana",,,INR,IT Jobs,,2026-09-28T07:39:53Z,2026-09-28T08:13:25.903547+00:00,business analyst,Hyderabad,https://www.adzuna.in/land/ad/5901137209?se=SEjfgRS78RGykce9E5Xuvw&utm_medium=api&utm_source=f15ef5ad&v=2752113C6D1A06697AF876CD5A6DCC4786A5D1AD,
5901137419,Java Backend Developer,TechDoQuest,"Hyderabad, Telangana",,,INR,IT Jobs,,2026-09-28T07:40:38Z,2026-09-28T08:13:25.903547+00:00,business analyst,Hyderabad,https://www.adzuna.in/land/ad/5901137419?se=SEjfgRS78RGykce9E5Xuvw&utm_medium=api&utm_source=f15ef5ad&v=015EF35AD6EBC85361E944F2B6D47988A4D5BBBE,
5901137594,Data Analyst,Quantum Leap Learning Solutions Pvt Ltd,"Bangalore, Karnataka",,,INR,IT Jobs,,2026-09-28T07:40:57Z,2026-09-28T08:13:25.903547+00:00,data analyst,Bangalore,https://www.adzuna.in/land/ad/5901137594?se=dCiEexS78RGykce9E5Xuvw&utm_medium=api&utm_source=f15ef5ad&v=8797DE99BC0DC8C8175A2CFE3A087271366D70A2,
5901137628,Senior Data Analyst,The Chopras,"Delhi, India",,,INR,IT Jobs,,2026-09-28T07:41:00Z,2026-09-28T08:13:25.903547+00:00,data analyst,Delhi,https://www.adzuna.in/land/ad/5901137628?se=wGn3ehS78RGoAcH5ud09ug&utm_medium=api&utm_source=f15ef5ad&v=B6BA9A14E42D02F5BC13C510B4982B480C263E8B,
5841934781,Business Data Analyst - Corporate Functions Technology,M&G Global Services,"Mumbai, Maharashtra",,,INR,IT Jobs,,2026-08-14T20:53:43Z,2026-09-21T07:37:41.596781+00:00,data analyst,Mumbai,https://www.adzuna.in/details/5841934781?utm_medium=api&utm_source=f15ef5ad,
5859771944,SAP PP QM Senior Business Analyst,MiniMed,"Pune, Maharashtra",,,INR,IT Jobs,,2026-08-28T21:02:24Z,2026-09-21T07:37:41.596781+00:00,business analyst,Pune,https://www.adzuna.in/details/5859771944?utm_medium=api&utm_source=f15ef5ad,SAP
5868123519,Data & Security Analyst,Flutter International PLC,"Hyderabad, Telangana",,,INR,IT Jobs,,2026-09-03T08:02:50Z,2026-09-21T07:37:41.596781+00:00,data analyst,Hyderabad,https://www.adzuna.in/details/5868123519?utm_medium=api&utm_source=f15ef5ad,
5872083322,Senior Data Platform Engineer,Zensar Technologies,"Pune, Maharashtra",,,INR,IT Jobs,,2026-09-05T21:03:55Z,2026-09-21T07:37:41.596781+00:00,data analyst,Pune,https://www.adzuna.in/details/5872083322?utm_medium=api&utm_source=f15ef5ad,Azure|GitHub
5876949186,"Business Analyst, Product Development",ICE,"Hyderabad, Telangana",,,INR,IT Jobs,,2026-09-09T16:12:51Z,2026-09-21T07:37:41.596781+00:00,business analyst,Hyderabad,https://www.adzuna.in/details/5876949186?utm_medium=api&utm_source=f15ef5ad,
5877284838,Transport Economist cum Data Analyst,Arcadis,"Hyderabad, Telangana",,,INR,IT Jobs,,2026-09-09T21:31:09Z,2026-09-21T07:37:41.596781+00:00,data analyst,Hyderabad,https://www.adzuna.in/details/5877284838?utm_medium=api&utm_source=f15ef5ad,
5878873636,"Associate Specialist, Data Engineering",MSD,"Hyderabad, Telangana",,,INR,IT Jobs,,2026-09-11T02:23:47Z,2026-09-21T07:37:41.596781+00:00,data analyst,Hyderabad,https://www.adzuna.in/land/ad/5878873636?se=4JsMWI-18RGm1alvctyjWA&utm_medium=api&utm_source=f15ef5ad&v=B26E1EC00D238BA0D57C1D3E940992EF32EBBB67,
5880858839,Data Governance Analyst,Nam Info Inc,"Hyderabad, Telangana",1600000.0,1800000.0,INR,IT Jobs,,2026-09-12T16:15:03Z,2026-09-21T07:37:41.596781+00:00,data analyst,Hyderabad,https://www.adzuna.in/details/5880858839?utm_medium=api&utm_source=f15ef5ad,
5883279308,IND Senior Business Data Analyst,The Hartford,"Hyderabad, Telangana",,,INR,IT Jobs,,2026-09-14T11:17:42Z,2026-09-21T07:37:41.596781+00:00,data analyst,Hyderabad,https://www.adzuna.in/details/5883279308?utm_medium=api&utm_source=f15ef5ad,
5883282445,ServiceNow - Business Analyst,"NTT America, Inc.","Delhi, India",,,INR,IT Jobs,,2026-09-14T11:19:06Z,2026-09-21T07:37:41.596781+00:00,business analyst,Delhi,https://www.adzuna.in/details/5883282445?utm_medium=api&utm_source=f15ef5ad,
5883562726,Data Analyst,HTC Global Services,"Hyderabad, Telangana",,,INR,IT Jobs,,2026-09-14T17:17:47Z,2026-09-21T07:37:41.596781+00:00,data analyst,Hyderabad,https://www.adzuna.in/land/ad/5883562726?se=SA55V4-18RGTKupd6C_-Ew&utm_medium=api&utm_source=f15ef5ad&v=5743FEA422ADE6DE4EE297850815AC6CE580C190,SQL
5883563712,Analyst III - Data Analysis,Taylor & Company,"Mumbai, Maharashtra",,,INR,Consultancy Jobs,,2026-09-14T17:18:21Z,2026-09-21T07:37:41.596781+00:00,data analyst,Mumbai,https://www.adzuna.in/land/ad/5883563712?se=1sE4Vo-18RGSI57gYuD12g&utm_medium=api&utm_source=f15ef5ad&v=BD579331633C0074D6EFB3AD6D34FFE455834764,
5883788498,"Data Analyst II, Incentive Compensation",Bristol Myers Squibb EU Policy,"Hyderabad, Telangana",,,INR,IT Jobs,permanent,2026-09-14T22:21:48Z,2026-09-21T07:37:41.596781+00:00,data analyst,Hyderabad,https://www.adzuna.in/details/5883788498?utm_medium=api&utm_source=f15ef5ad,
5883870465,Senior Business Analyst,Tazapay,"Saket, South Delhi",,,INR,Accounting & Finance Jobs,permanent,2026-09-15T01:41:09Z,2026-09-21T07:37:41.596781+00:00,business analyst,Delhi,https://www.adzuna.in/details/5883870465?utm_medium=api&utm_source=f15ef5ad,
5884158571,BA - Capital Market (IB Domain),Capco,"Mumbai, Maharashtra",,,INR,IT Jobs,,2026-09-15T07:07:42Z,2026-09-21T07:37:41.596781+00:00,business analyst,Mumbai,https://www.adzuna.in/land/ad/5884158571?se=CI7pW4-18RG-Sdy3LHVgWw&utm_medium=api&utm_source=f15ef5ad&v=C912F93CAD4C0843AC642C864D794605237DFC75,
5884159040,Technical Project Manager,Medikabazaar,"Mumbai, Maharashtra",,,INR,IT Jobs,,2026-09-15T07:08:12Z,2026-09-21T07:37:41.596781+00:00,business analyst,Mumbai,https://www.adzuna.in/land/ad/5884159040?se=Ml1eXI-18RGSI57gYuD12g&utm_medium=api&utm_source=f15ef5ad&v=9B4BFB1F19EE8B171BA5F069C1879FB3EB67F673,
5884159041,Engineering Manager,BrowserStack,"Mumbai, Maharashtra",,,INR,IT Jobs,,2026-09-15T07:08:12Z,2026-09-21T07:37:41.596781+00:00,business analyst,Mumbai,https://www.adzuna.in/land/ad/5884159041?se=Ml1eXI-18RGSI57gYuD12g&utm_medium=api&utm_source=f15ef5ad&v=2310A90E3E19BA1A95BEE5758129DD3701A4F03C,
5884159179,SmartComm Engineer,ThoughtFocus,"Hyderabad, Telangana",,,INR,IT Jobs,,2026-09-15T07:08:23Z,2026-09-21T07:37:41.596781+00:00,business analyst,Hyderabad,https://www.adzuna.in/land/ad/5884159179?se=GnThXI-18RGm1alvctyjWA&utm_medium=api&utm_source=f15ef5ad&v=37EB6B5C8BD08C0E41D4FF51182E090A9DDEB997,
5884159743,BA - Capital Market (IB Domain),Capco,"Bangalore, Karnataka",,,INR,IT Jobs,,2026-09-15T07:08:47Z,2026-09-21T07:37:41.596781+00:00,business analyst,Bangalore,https://www.adzuna.in/land/ad/5884159743?se=AiniWo-18RG-Sdy3LHVgWw&utm_medium=api&utm_source=f15ef5ad&v=CDD9349EB502D0F08358CBBFDBFF02047FBA8531,
5884160183,Servicenow BA,Getronics,"Bangalore, Karnataka",,,INR,IT Jobs,,2026-09-15T07:09:04Z,2026-09-21T07:37:41.596781+00:00,business analyst,Bangalore,https://www.adzuna.in/land/ad/5884160183?se=AiniWo-18RG-Sdy3LHVgWw&utm_medium=api&utm_source=f15ef5ad&v=8CE8090ACA2ACF3832C8E548212314A6ADA1D1EF,
5884160430,Senior Reconciliation Analyst,Travelex,"Mumbai, Maharashtra",,,INR,Accounting & Finance Jobs,,2026-09-15T07:09:15Z,2026-09-21T07:37:41.596781+00:00,data analyst,Mumbai,https://www.adzuna.in/land/ad/5884160430?se=1sE4Vo-18RGSI57gYuD12g&utm_medium=api&utm_source=f15ef5ad&v=5DFAAE5AC03B4002CBEE34F8F26CEE279C39B2CD,
5884402105,Stata SE Expert - Data Analyst,Mercor,"Mumbai, Maharashtra",,,INR,IT Jobs,contract,2026-09-15T13:03:56Z,2026-09-21T07:37:41.596781+00:00,data analyst,Mumbai,https://www.adzuna.in/details/5884402105?utm_medium=api&utm_source=f15ef5ad,Statistics
5884402106,EViews Specialist - Data Analyst,Mercor,"Mumbai, Maharashtra",,,INR,IT Jobs,contract,2026-09-15T13:03:56Z,2026-09-21T07:37:41.596781+00:00,data analyst,Mumbai,https://www.adzuna.in/details/5884402106?utm_medium=api&utm_source=f15ef5ad,
5884512105,Data Analyst - Data Analyst L3 (5.1-7 years),Capco,"Mumbai, Maharashtra",,,INR,IT Jobs,,2026-09-15T16:15:15Z,2026-09-21T07:37:41.596781+00:00,data analyst,Mumbai,https://www.adzuna.in/details/5884512105?utm_medium=api&utm_source=f15ef5ad,
5884641256,Analytics Engineer,Publicis Production,"Bangalore, Karnataka",,,INR,IT Jobs,,2026-09-15T19:13:53Z,2026-09-21T07:37:41.596781+00:00,data analyst,Bangalore,https://www.adzuna.in/land/ad/5884641256?se=Opd9VY-18RGUE9NsKkfTPA&utm_medium=api&utm_source=f15ef5ad&v=7FC1309350CC98350F0779C1B3AAF113A9045C59,BigQuery|Python
5884952751,Senior Data Analyst,Optum India,"Hyderabad, Telangana",,,INR,IT Jobs,permanent,2026-09-15T22:21:31Z,2026-09-21T07:37:41.596781+00:00,data analyst,Hyderabad,https://www.adzuna.in/details/5884952751?utm_medium=api&utm_source=f15ef5ad,
5885147178,Functional Testing with Banking Domain - Functional Testing with Banking Domain L2 (2.1-5 years)-29297-1,Capco,"Mumbai, Maharashtra",,,INR,IT Jobs,,2026-09-16T02:30:24Z,2026-09-21T07:37:41.596781+00:00,business analyst,Mumbai,https://www.adzuna.in/land/ad/5885147178?se=Ml1eXI-18RGSI57gYuD12g&utm_medium=api&utm_source=f15ef5ad&v=D49C996298AF9376450D47EBB9697A4601B29AB9,
5885147204,Data Analyst - Data Analyst L3 (5.1-7 years),Capco,"Mumbai, Maharashtra",,,INR,IT Jobs,,2026-09-16T02:30:38Z,2026-09-21T07:37:41.596781+00:00,data analyst,Mumbai,https://www.adzuna.in/land/ad/5885147204?se=1sE4Vo-18RGSI57gYuD12g&utm_medium=api&utm_source=f15ef5ad&v=2C0703A43BD3D92900FDF5A4B85A747596A9B5C5,
5885447637,Alts Data Operations Analyst,Addepar,"Pune, Maharashtra",,,INR,IT Jobs,,2026-09-16T07:04:31Z,2026-09-21T07:37:41.596781+00:00,data analyst,Pune,https://www.adzuna.in/details/5885447637?utm_medium=api&utm_source=f15ef5ad,
5885476472,Senior Business Analyst ID85837,AgileEngine,"Yerwada, Pune",,,INR,IT Jobs,contract,2026-09-16T07:41:57Z,2026-09-21T07:37:41.596781+00:00,business analyst,Pune,https://www.adzuna.in/details/5885476472?utm_medium=api&utm_source=f15ef5ad,Machine Learning
5885476473,Senior Business Analyst ID85837,AgileEngine,"Vileparle West, Mumbai",,,INR,IT Jobs,contract,2026-09-16T07:41:57Z,2026-09-21T07:37:41.596781+00:00,business analyst,Mumbai,https://www.adzuna.in/details/5885476473?utm_medium=api&utm_source=f15ef5ad,Machine Learning
5885476474,Senior Business Analyst ID85837,AgileEngine,"Hussainialam, Hyderabad",,,INR,IT Jobs,contract,2026-09-16T07:41:57Z,2026-09-21T07:37:41.596781+00:00,business analyst,Hyderabad,https://www.adzuna.in/details/5885476474?utm_medium=api&utm_source=f15ef5ad,Machine Learning
5885476475,Senior Business Analyst ID85837,AgileEngine,"Sansad Marg, New Delhi",,,INR,IT Jobs,contract,2026-09-16T07:41:57Z,2026-09-21T07:37:41.596781+00:00,business analyst,Delhi,https://www.adzuna.in/details/5885476475?utm_medium=api&utm_source=f15ef5ad,Machine Learning
5885693253,Senior Business Analyst,Stolt-Nielsen Digital Innovation Centre,"Hyderabad, Telangana",,,INR,IT Jobs,,2026-09-16T11:07:09Z,2026-09-21T07:37:41.596781+00:00,business analyst,Hyderabad,https://www.adzuna.in/details/5885693253?utm_medium=api&utm_source=f15ef5ad,Azure
5885765169,Business Analyst,Kyndryl,"Bangalore, Karnataka",,,INR,IT Jobs,,2026-09-16T12:29:10Z,2026-09-21T07:37:41.596781+00:00,business analyst,Bangalore,https://www.adzuna.in/land/ad/5885765169?se=AiniWo-18RG-Sdy3LHVgWw&utm_medium=api&utm_source=f15ef5ad&v=BEA6BC7277DB52E819F0825132E5AD7CB2CAFA61,
5885970300,Business Analyst Lead,Gravity Engineering Services Pvt Ltd,"Mumbai, Maharashtra",3500000.0,5500000.0,INR,IT Jobs,,2026-09-16T16:14:07Z,2026-09-21T07:37:41.596781+00:00,business analyst,Mumbai,https://www.adzuna.in/details/5885970300?utm_medium=api&utm_source=f15ef5ad,
5886096761,SAP Signavio Consultant,Be a Catalyst,"Bangalore, Karnataka",,,INR,IT Jobs,,2026-09-16T17:29:21Z,2026-09-21T07:37:41.596781+00:00,business analyst,Bangalore,https://www.adzuna.in/land/ad/5886096761?se=AiniWo-18RG-Sdy3LHVgWw&utm_medium=api&utm_source=f15ef5ad&v=814CE69F90A73CEEEB53559188463E3DDA02F050,SAP
5886097732,ETL Developer,Synechron,"Mumbai, Maharashtra",,,INR,IT Jobs,,2026-09-16T17:33:21Z,2026-09-21T07:37:41.596781+00:00,data analyst,Mumbai,https://www.adzuna.in/land/ad/5886097732?se=bjisVo-18RGnKJ7q9E70ng&utm_medium=api&utm_source=f15ef5ad&v=179C3C66B642A7F245CC7AF6288BA0441B6423E5,ETL
5886097872,AWS Data Engineer,Tata Consultancy Services,"Mumbai, Maharashtra",,,INR,IT Jobs,,2026-09-16T17:33:32Z,2026-09-21T07:37:41.596781+00:00,data analyst,Mumbai,https://www.adzuna.in/land/ad/5886097872?se=bjisVo-18RGnKJ7q9E70ng&utm_medium=api&utm_source=f15ef5ad&v=F49B20BE775547578636988CCBEC83AA4389882D,AWS|ETL
5886098783,Oracle GTM Consultant,Insight Global,"Bangalore, Karnataka",,,INR,IT Jobs,,2026-09-16T17:34:39Z,2026-09-21T07:37:41.596781+00:00,business analyst,Bangalore,https://www.adzuna.in/land/ad/5886098783?se=AiniWo-18RG-Sdy3LHVgWw&utm_medium=api&utm_source=f15ef5ad&v=B0098985366EF3BCA98D2E9E598A19684578EEE9,
5886132023,Database Administrator/ SQL Developer,ATLANTA SYSTEMS PVT LTD,"Sansad Marg, New Delhi",35000.0,50000.0,INR,IT Jobs,permanent,2026-09-16T17:48:11Z,2026-09-21T07:37:41.596781+00:00,data analyst,Delhi,https://www.adzuna.in/details/5886132023?utm_medium=api&utm_source=f15ef5ad,ETL|SQL
5886377198,Specialist IS Business Analyst,Amgen,"Hyderabad, Telangana",,,INR,IT Jobs,,2026-09-16T21:26:40Z,2026-09-21T07:37:41.596781+00:00,business analyst,Hyderabad,https://www.adzuna.in/details/5886377198?utm_medium=api&utm_source=f15ef5ad,
5886484162,BUSINESS ANALYST L5,Wipro,"Hyderabad, Telangana",,,INR,IT Jobs,permanent,2026-09-16T22:32:45Z,2026-09-21T07:37:41.596781+00:00,business analyst,Hyderabad,https://www.adzuna.in/details/5886484162?utm_medium=api&utm_source=f15ef5ad,
5886486644,"Adv. Eng. I, Infra Run & Stability",Invesco,"Hyderabad, Telangana",,,INR,IT Jobs,contract,2026-09-16T22:34:56Z,2026-09-21T07:37:41.596781+00:00,business analyst,Hyderabad,https://www.adzuna.in/land/ad/5886486644?se=-t9TXY-18RGWeqJL5UhOug&utm_medium=api&utm_source=f15ef5ad&v=825FCE5D5ED6021FFE81CFBF8E9379474AFED706,
5886486834,Senior Business Analyst – Commercial AI & Digital Solutions,Thermo Fisher Scientific,"Bangalore, Karnataka",,,INR,IT Jobs,,2026-09-16T22:34:59Z,2026-09-21T07:37:41.596781+00:00,business analyst,Bangalore,https://www.adzuna.in/land/ad/5886486834?se=AiniWo-18RG-Sdy3LHVgWw&utm_medium=api&utm_source=f15ef5ad&v=1B9ED1B5FD0E78E7BBCE09CC1155F3E2141F5E4B,
5886487288,Senior Business Analyst – Cybersecurity & DevSecOps,Thermo Fisher Scientific,"Bangalore, Karnataka",,,INR,IT Jobs,,2026-09-16T22:35:03Z,2026-09-21T07:37:41.596781+00:00,business analyst,Bangalore,https://www.adzuna.in/land/ad/5886487288?se=AiniWo-18RG-Sdy3LHVgWw&utm_medium=api&utm_source=f15ef5ad&v=280D077205ECA63CE53E65F52D78B149C11B8715,
5886487593,Business Analyst III,Thermo Fisher Scientific,"Bangalore, Karnataka",,,INR,IT Jobs,,2026-09-16T22:35:06Z,2026-09-21T07:37:41.596781+00:00,business analyst,Bangalore,https://www.adzuna.in/land/ad/5886487593?se=AiniWo-18RG-Sdy3LHVgWw&utm_medium=api&utm_source=f15ef5ad&v=1C91D9FE6B4B0C21F48EE352F4A7F3A6C43F046D,
5886604204,Junior Data Analyst,indē wild,"Mumbai, Maharashtra",,,INR,IT Jobs,,2026-09-17T01:15:11Z,2026-09-21T07:37:41.596781+00:00,data analyst,Mumbai,https://www.adzuna.in/land/ad/5886604204?se=1sE4Vo-18RGSI57gYuD12g&utm_medium=api&utm_source=f15ef5ad&v=1011DC7FE92A65F6251862E9A31632D7012D9929,
5887051447,"Founding member, Quality Assurance Engineer",J.S. Held LLC,"Delhi, India",,,INR,IT Jobs,,2026-09-17T08:23:34Z,2026-09-21T07:37:41.596781+00:00,business analyst,Delhi,https://www.adzuna.in/details/5887051447?utm_medium=api&utm_source=f15ef5ad,
5887061014,ANALYST DATA & INSIGHTS II,TE Connectivity,"Bangalore, Karnataka",,,INR,"PR, Advertising & Marketing Jobs",,2026-09-17T08:30:58Z,2026-09-21T07:37:41.596781+00:00,data analyst,Bangalore,https://www.adzuna.in/land/ad/5887061014?se=emj5VI-18RGUE9NsKkfTPA&utm_medium=api&utm_source=f15ef5ad&v=E4106ED12CF67B2929E0B88252BEAFA9CB74A6E8,
5887061035,ANALYST DATA & INSIGHTS,TE Connectivity,"Bangalore, Karnataka",,,INR,IT Jobs,,2026-09-17T08:30:59Z,2026-09-21T07:37:41.596781+00:00,data analyst,Bangalore,https://www.adzuna.in/land/ad/5887061035?se=emj5VI-18RGUE9NsKkfTPA&utm_medium=api&utm_source=f15ef5ad&v=9A519ECBA2A21C69B153A2476CF0676BC961AFE9,
5887061515,SR BUSINESS INTELLIGENCE ANALYST,TE Connectivity,"Bangalore, Karnataka",,,INR,IT Jobs,,2026-09-17T08:31:14Z,2026-09-21T07:37:41.596781+00:00,business analyst,Bangalore,https://www.adzuna.in/land/ad/5887061515?se=AiniWo-18RG-Sdy3LHVgWw&utm_medium=api&utm_source=f15ef5ad&v=44E757BF4FB5655F3A273205D06B8CD58EB6503C,Machine Learning
5887125516,Data Engineer/Universe Data Engineer,Tap Growth ai,"Aliganj, South Delhi",,,INR,IT Jobs,permanent,2026-09-17T09:33:51Z,2026-09-21T07:37:41.596781+00:00,business analyst,Delhi,https://www.adzuna.in/details/5887125516?utm_medium=api&utm_source=f15ef5ad,
5887125710,Technical Recruiter (US IT Market),I8IS INC.,"New Delhi, Delhi",,,INR,HR & Recruitment Jobs,permanent,2026-09-17T09:34:04Z,2026-09-21T07:37:41.596781+00:00,data analyst,Delhi,https://www.adzuna.in/details/5887125710?utm_medium=api&utm_source=f15ef5ad,
5887125735,French Business Analyst,Rapsys Technologies Pte Ltd.,"Bazargate, Mumbai",,,INR,IT Jobs,permanent,2026-09-17T09:34:06Z,2026-09-21T07:37:41.596781+00:00,business analyst,Mumbai,https://www.adzuna.in/details/5887125735?utm_medium=api&utm_source=f15ef5ad,
5887125744,French Business Analyst,Tap Growth ai,"Bazargate, Mumbai",,,INR,IT Jobs,permanent,2026-09-17T09:34:06Z,2026-09-21T07:37:41.596781+00:00,business analyst,Mumbai,https://www.adzuna.in/details/5887125744?utm_medium=api&utm_source=f15ef5ad,
5887229705,Senior Data Analyst,UnitedHealth Group,"Hyderabad, Telangana",,,INR,IT Jobs,,2026-09-17T11:13:19Z,2026-09-21T07:37:41.596781+00:00,data analyst,Hyderabad,https://www.adzuna.in/details/5887229705?utm_medium=api&utm_source=f15ef5ad,
5887230082,Analyst - Data,WSP USA,"Mumbai, Maharashtra",,,INR,IT Jobs,,2026-09-17T11:13:46Z,2026-09-21T07:37:41.596781+00:00,data analyst,Mumbai,https://www.adzuna.in/details/5887230082?utm_medium=api&utm_source=f15ef5ad,
5887520495,Data Product Analyst,Weekday AI,"Pune, Maharashtra",,,INR,IT Jobs,,2026-09-17T16:13:24Z,2026-09-21T07:37:41.596781+00:00,data analyst,Pune,https://www.adzuna.in/details/5887520495?utm_medium=api&utm_source=f15ef5ad,
5887520498,Data Product Analyst Expert,Weekday AI,"Pune, Maharashtra",,,INR,IT Jobs,,2026-09-17T16:13:24Z,2026-09-21T07:37:41.596781+00:00,data analyst,Pune,https://www.adzuna.in/details/5887520498?utm_medium=api&utm_source=f15ef5ad,
5887521051,"Senior Data Analyst - SQL, BI Reporting & SAP BW",Unison Group,"Hyderabad, Telangana",,,INR,IT Jobs,,2026-09-17T16:13:26Z,2026-09-21T07:37:41.596781+00:00,data analyst,Hyderabad,https://www.adzuna.in/details/5887521051?utm_medium=api&utm_source=f15ef5ad,Power BI|SAP|SQL|Tableau
5887525507,Data Analyst,Wipro,"Hyderabad, Telangana",,,INR,IT Jobs,,2026-09-17T16:14:05Z,2026-09-21T07:37:41.596781+00:00,data analyst,Hyderabad,https://www.adzuna.in/details/5887525507?utm_medium=api&utm_source=f15ef5ad,
5887707019,Data Development Platform Engineer,eBay,"Bangalore, Karnataka",,,INR,IT Jobs,,2026-09-17T18:26:24Z,2026-09-21T07:37:41.596781+00:00,data analyst,Bangalore,https://www.adzuna.in/land/ad/5887707019?se=emj5VI-18RGUE9NsKkfTPA&utm_medium=api&utm_source=f15ef5ad&v=068B65900005C4CD81046DD90B433DFE9C934C57,
5887778298,Knowledge Analyst – Data Curation & Classification,Sia,"Mumbai, Maharashtra",,,INR,IT Jobs,,2026-09-17T20:24:21Z,2026-09-21T07:37:41.596781+00:00,data analyst,Mumbai,https://www.adzuna.in/details/5887778298?utm_medium=api&utm_source=f15ef5ad,
5887915076,Business Analyst,Kyndryl,"Bangalore, Karnataka",,,INR,IT Jobs,,2026-09-17T21:34:36Z,2026-09-21T07:37:41.596781+00:00,business analyst,Bangalore,https://www.adzuna.in/details/5887915076?utm_medium=api&utm_source=f15ef5ad,
5887957572,Business Analyst,Bill Gosling Outsourcing,"Bangalore, Karnataka",,,INR,IT Jobs,,2026-09-17T21:51:57Z,2026-09-21T07:37:41.596781+00:00,business analyst,Bangalore,https://www.adzuna.in/details/5887957572?utm_medium=api&utm_source=f15ef5ad,
5887962754,Senior IT Business Analyst,NICE,"Pune, Maharashtra",,,INR,IT Jobs,,2026-09-17T21:54:42Z,2026-09-21T07:37:41.596781+00:00,business analyst,Pune,https://www.adzuna.in/details/5887962754?utm_medium=api&utm_source=f15ef5ad,
5888020031,"Research Analyst, Healthcare",Millennium,"Mumbai, Maharashtra",,,INR,Accounting & Finance Jobs,permanent,2026-09-17T22:22:49Z,2026-09-21T07:37:41.596781+00:00,data analyst,Mumbai,https://www.adzuna.in/details/5888020031?utm_medium=api&utm_source=f15ef5ad,
5888020047,Senior Business Analyst,Wipro,"Hyderabad, Telangana",,,INR,IT Jobs,permanent,2026-09-17T22:22:50Z,2026-09-21T07:37:41.596781+00:00,business analyst,Hyderabad,https://www.adzuna.in/details/5888020047?utm_medium=api&utm_source=f15ef5ad,
5888092226,Financial Data Analyst,Trigent Software Private Limited,"Kenchanahalli, Bangalore",1500000.0,1800000.0,INR,Accounting & Finance Jobs,,2026-09-17T23:44:02Z,2026-09-21T07:37:41.596781+00:00,data analyst,Bangalore,https://www.adzuna.in/details/5888092226?utm_medium=api&utm_source=f15ef5ad,
5888300150,Fullstack Developer .Net/SQLServer/Oracle - AVP,Deutsche Bank,"Bangalore, Karnataka",,,INR,IT Jobs,,2026-09-18T04:29:34Z,2026-09-21T07:37:41.596781+00:00,business analyst,Bangalore,https://www.adzuna.in/land/ad/5888300150?se=AiniWo-18RG-Sdy3LHVgWw&utm_medium=api&utm_source=f15ef5ad&v=98B5F7A15E64CC1D1A7B3E4575DD5F262FDCD049,
5888300171,"Business Functional Analyst with German fluency (Midrange), AVP",Deutsche Bank,"Pune, Maharashtra",,,INR,IT Jobs,,2026-09-18T04:29:36Z,2026-09-21T07:37:41.596781+00:00,business analyst,Pune,https://www.adzuna.in/land/ad/5888300171?se=PuHHXY-18RGk6dCvHcHp9g&utm_medium=api&utm_source=f15ef5ad&v=6F3148162D9118DEE3E7408B8084BCDC7136ABDF,
5888300179,Lead Business Analyst – VP,Deutsche Bank,"Bangalore, Karnataka",,,INR,IT Jobs,,2026-09-18T04:29:37Z,2026-09-21T07:37:41.596781+00:00,business analyst,Bangalore,https://www.adzuna.in/land/ad/5888300179?se=AiniWo-18RG-Sdy3LHVgWw&utm_medium=api&utm_source=f15ef5ad&v=25A7D1EC19E7BB01BE393B2E2CE1967EDF58FC19,
5888300200,Business Finance Senior Analyst,Deutsche Bank,"Mumbai, Maharashtra",,,INR,Accounting & Finance Jobs,,2026-09-18T04:29:38Z,2026-09-21T07:37:41.596781+00:00,business analyst,Mumbai,https://www.adzuna.in/land/ad/5888300200?se=CI7pW4-18RG-Sdy3LHVgWw&utm_medium=api&utm_source=f15ef5ad&v=2A8DE45B8251BAE7F0FF0631B89151CD2AC9965B,
5888520719,Intern - Business Analyst,Aristok Technologies,"Pune, Maharashtra",144000.0,180000.0,INR,"PR, Advertising & Marketing Jobs",contract,2026-09-18T07:07:46Z,2026-09-21T07:37:41.596781+00:00,business analyst,Pune,https://www.adzuna.in/details/5888520719?utm_medium=api&utm_source=f15ef5ad,
5888770909,Specialist IS Business Analyst,Amgen,"Hyderabad, Telangana",,,INR,IT Jobs,,2026-09-18T11:10:00Z,2026-09-21T07:37:41.596781+00:00,business analyst,Hyderabad,https://www.adzuna.in/details/5888770909?utm_medium=api&utm_source=f15ef5ad,
5888772718,Business Analyst,Kyndryl,"Bangalore, Karnataka",,,INR,IT Jobs,,2026-09-18T11:11:39Z,2026-09-21T07:37:41.596781+00:00,business analyst,Bangalore,https://www.adzuna.in/details/5888772718?utm_medium=api&utm_source=f15ef5ad,
5888968479,"Analyst, Data Engineering",Standard Chartered Bank,"Bangalore, Karnataka",,,INR,IT Jobs,,2026-09-18T14:36:05Z,2026-09-21T07:37:41.596781+00:00,data analyst,Bangalore,https://www.adzuna.in/land/ad/5888968479?se=emj5VI-18RGUE9NsKkfTPA&utm_medium=api&utm_source=f15ef5ad&v=803BD804BB4F87645B460F1882DF4DD76AF223ED,
5888968492,PM/BA -Capital Market - Mumbai,Capco,"Mumbai, Maharashtra",,,INR,IT Jobs,,2026-09-18T14:36:06Z,2026-09-21T07:37:41.596781+00:00,business analyst,Mumbai,https://www.adzuna.in/land/ad/5888968492?se=CI7pW4-18RG-Sdy3LHVgWw&utm_medium=api&utm_source=f15ef5ad&v=6BE2A09A336BEF49BCE9280386C1F79843562065,
5888968684,Data Analyst,S&P Global,"Bangalore, Karnataka",,,INR,IT Jobs,,2026-09-18T14:36:21Z,2026-09-21T07:37:41.596781+00:00,data analyst,Bangalore,https://www.adzuna.in/land/ad/5888968684?se=emj5VI-18RGUE9NsKkfTPA&utm_medium=api&utm_source=f15ef5ad&v=839AA8F0E5FAD90DB1F197785C03C2206B8BCF42,
5889080742,ServiceNow Business Analyst,Bean HR Consulting,"Delhi, India",,,INR,IT Jobs,,2026-09-18T16:11:52Z,2026-09-21T07:37:41.596781+00:00,business analyst,Delhi,https://www.adzuna.in/details/5889080742?utm_medium=api&utm_source=f15ef5ad,
5889085832,Business Analyst,Endava,"Bangalore, Karnataka",,,INR,IT Jobs,,2026-09-18T16:13:42Z,2026-09-21T07:37:41.596781+00:00,business analyst,Bangalore,https://www.adzuna.in/details/5889085832?utm_medium=api&utm_source=f15ef5ad,
5889213703,Lead Data Engineer,Kanerika Inc,"Hyderabad, Telangana",,,INR,IT Jobs,,2026-09-18T17:28:11Z,2026-09-21T07:37:41.596781+00:00,data analyst,Hyderabad,https://www.adzuna.in/land/ad/5889213703?se=4JsMWI-18RGm1alvctyjWA&utm_medium=api&utm_source=f15ef5ad&v=D167938AEFCAF18A6E1CC99ABF7AF6B495F4CA87,ETL|Power BI|Python|SQL|Snowflake
5889214805,DBT Admin,Nexify Infosystems,"Hyderabad, Telangana",,,INR,IT Jobs,permanent,2026-09-18T17:28:22Z,2026-09-21T07:37:41.596781+00:00,data analyst,Hyderabad,https://www.adzuna.in/land/ad/5889214805?se=4JsMWI-18RGm1alvctyjWA&utm_medium=api&utm_source=f15ef5ad&v=6D74374FC2EFA3D5172D0954B10D2C8B691187E5,Python|SQL|dbt
5889219840,Pyspark Data Engineer,Tata Consultancy Services,"Bangalore, Karnataka",,,INR,IT Jobs,,2026-09-18T17:29:36Z,2026-09-21T07:37:41.596781+00:00,business analyst,Bangalore,https://www.adzuna.in/land/ad/5889219840?se=AiniWo-18RG-Sdy3LHVgWw&utm_medium=api&utm_source=f15ef5ad&v=A96BB416B6A53AB6730051D62C4DF234C3B2D835,AWS
5889220263,Security Compliance Manager,"Sky Systems, Inc. ","Hyderabad, Telangana",,,INR,IT Jobs,contract,2026-09-18T17:29:48Z,2026-09-21T07:37:41.596781+00:00,business analyst,Hyderabad,https://www.adzuna.in/land/ad/5889220263?se=GnThXI-18RGm1alvctyjWA&utm_medium=api&utm_source=f15ef5ad&v=34BB0BB5F45525DD3BF1761E14BFF84FAC71643C,
5889220778,Lead Data Analyst,Aceolution,"Hyderabad, Telangana",,,INR,IT Jobs,,2026-09-18T17:30:21Z,2026-09-21T07:37:41.596781+00:00,data analyst,Hyderabad,https://www.adzuna.in/land/ad/5889220778?se=SA55V4-18RGTKupd6C_-Ew&utm_medium=api&utm_source=f15ef5ad&v=108405D200C31A72237E5B128410C32D494F6A78,
5889221034,Data Analyst - Customer Experience,Indofast Energy,"Bangalore, Karnataka",,,INR,IT Jobs,,2026-09-18T17:30:31Z,2026-09-21T07:37:41.596781+00:00,data analyst,Bangalore,https://www.adzuna.in/land/ad/5889221034?se=emj5VI-18RGUE9NsKkfTPA&utm_medium=api&utm_source=f15ef5ad&v=F5AA87C4009C092158A686D26CF4CEFF32B04C30,
5889222181,Business Development Manager,Collegedunia,"Mumbai, Maharashtra",,,INR,Logistics & Warehouse Jobs,,2026-09-18T17:30:50Z,2026-09-21T07:37:41.596781+00:00,data analyst,Mumbai,https://www.adzuna.in/land/ad/5889222181?se=1sE4Vo-18RGSI57gYuD12g&utm_medium=api&utm_source=f15ef5ad&v=20C3DCA3BC3E84E1BE02A3E4DD64BAA0D558B7DB,
5889222280,Frontend Developer,Insight Global,"Bangalore, Karnataka",,,INR,IT Jobs,,2026-09-18T17:30:53Z,2026-09-21T07:37:41.596781+00:00,data analyst,Bangalore,https://www.adzuna.in/land/ad/5889222280?se=emj5VI-18RGUE9NsKkfTPA&utm_medium=api&utm_source=f15ef5ad&v=C619CA8917BF1F8F39FB3DCACE97206B719CF0D9,
5889222963,Senior Data Engineer - Databricks,Texplorers Inc,"Hyderabad, Telangana",,,INR,IT Jobs,,2026-09-18T17:31:54Z,2026-09-21T07:37:41.596781+00:00,business analyst,Hyderabad,https://www.adzuna.in/land/ad/5889222963?se=GnThXI-18RGm1alvctyjWA&utm_medium=api&utm_source=f15ef5ad&v=7C6958BF9F8AF35FA6B237400B3CF66C3A869270,Azure|ETL|Spark
5889223324,Senior Java Backend Developer,Tata Consultancy Services,"Hyderabad, Telangana",,,INR,IT Jobs,,2026-09-18T17:32:21Z,2026-09-21T07:37:41.596781+00:00,business analyst,Hyderabad,https://www.adzuna.in/land/ad/5889223324?se=GnThXI-18RGm1alvctyjWA&utm_medium=api&utm_source=f15ef5ad&v=BCF76E0EB31F79219D6AF075E29F338C363C9D1F,AWS|Kafka
5889223581,Senior Business Development Manager,Collegedunia,"Mumbai, Maharashtra",,,INR,Logistics & Warehouse Jobs,,2026-09-18T17:32:34Z,2026-09-21T07:37:41.596781+00:00,data analyst,Mumbai,https://www.adzuna.in/land/ad/5889223581?se=1sE4Vo-18RGSI57gYuD12g&utm_medium=api&utm_source=f15ef5ad&v=310A922740AE5DEF45A7428FE53518527B0134EF,
5889409794,Data Analyst,Smiths Detection,"Bangalore, Karnataka",,,INR,IT Jobs,,2026-09-18T20:21:32Z,2026-09-21T07:37:41.596781+00:00,data analyst,Bangalore,https://www.adzuna.in/details/5889409794?utm_medium=api&utm_source=f15ef5ad,Power BI|SQL
5889501005,Junior Business Analyst,i95Dev,"Hyderabad, Telangana",200000.0,400000.0,INR,IT Jobs,,2026-09-18T21:25:27Z,2026-09-21T07:37:41.596781+00:00,business analyst,Hyderabad,https://www.adzuna.in/details/5889501005?utm_medium=api&utm_source=f15ef5ad,
5889516777,Business Analyst,Cityscope,"Mumbai, Maharashtra",,,INR,IT Jobs,,2026-09-18T21:34:55Z,2026-09-21T07:37:41.596781+00:00,business analyst,Mumbai,https://www.adzuna.in/details/5889516777?utm_medium=api&utm_source=f15ef5ad,
5889532312,Data Analyst,Ce,"Bangalore, Karnataka",,,INR,IT Jobs,,2026-09-18T21:42:49Z,2026-09-21T07:37:41.596781+00:00,data analyst,Bangalore,https://www.adzuna.in/details/5889532312?utm_medium=api&utm_source=f15ef5ad,
5889542498,Senior Data Analyst,Druva,"Pune, Maharashtra",,,INR,IT Jobs,,2026-09-18T21:46:19Z,2026-09-21T07:37:41.596781+00:00,data analyst,Pune,https://www.adzuna.in/details/5889542498?utm_medium=api&utm_source=f15ef5ad,
5889542551,Senior Data Science Analyst,Global Payment Holding Company,"Pune, Maharashtra",,,INR,IT Jobs,,2026-09-18T21:46:19Z,2026-09-21T07:37:41.596781+00:00,data analyst,Pune,https://www.adzuna.in/details/5889542551?utm_medium=api&utm_source=f15ef5ad,
5889558269,Data & Reporting Analyst - 10437,Coupa Software,"Pune, Maharashtra",,,INR,IT Jobs,,2026-09-18T21:51:30Z,2026-09-21T07:37:41.596781+00:00,data analyst,Pune,https://www.adzuna.in/details/5889558269?utm_medium=api&utm_source=f15ef5ad,
5889565154,Data Analyst,APAC,"Mumbai, Maharashtra",,,INR,"PR, Advertising & Marketing Jobs",,2026-09-18T21:54:35Z,2026-09-21T07:37:41.596781+00:00,data analyst,Mumbai,https://www.adzuna.in/details/5889565154?utm_medium=api&utm_source=f15ef5ad,
5889568950,Assistant Manager,EarlySalary Services,"Pune, Maharashtra",,,INR,"PR, Advertising & Marketing Jobs",,2026-09-18T21:56:06Z,2026-09-21T07:37:41.596781+00:00,data analyst,Pune,https://www.adzuna.in/details/5889568950?utm_medium=api&utm_source=f15ef5ad,
5889572874,Data Analyst,Joinfleek,"Bangalore, Karnataka",600000.0,600000.0,INR,IT Jobs,,2026-09-18T21:57:43Z,2026-09-21T07:37:41.596781+00:00,data analyst,Bangalore,https://www.adzuna.in/details/5889572874?utm_medium=api&utm_source=f15ef5ad,
5889675450,Data Analyst,Credit Saison India,"Bangalore, Karnataka",,,INR,IT Jobs,,2026-09-18T23:23:08Z,2026-09-21T07:37:41.596781+00:00,data analyst,Bangalore,https://www.adzuna.in/land/ad/5889675450?se=emj5VI-18RGUE9NsKkfTPA&utm_medium=api&utm_source=f15ef5ad&v=6D13B19E5EE70AAAFCF05B9205126299083FD3DC,
5889677303,ETL Testing,Artech L.L.C.,"Bangalore, Karnataka",,,INR,IT Jobs,,2026-09-18T23:23:32Z,2026-09-21T07:37:41.596781+00:00,data analyst,Bangalore,https://www.adzuna.in/land/ad/5889677303?se=emj5VI-18RGUE9NsKkfTPA&utm_medium=api&utm_source=f15ef5ad&v=E80344E9FDC286E3FE92B7645494E3090DAAE1D2,ETL|SQL
5889683602,Technical Project Manager,ValueMomentum,"Hyderabad, Telangana",,,INR,IT Jobs,,2026-09-18T23:24:51Z,2026-09-21T07:37:41.596781+00:00,business analyst,Hyderabad,https://www.adzuna.in/land/ad/5889683602?se=GnThXI-18RGm1alvctyjWA&utm_medium=api&utm_source=f15ef5ad&v=706425DDA639E0EBC6B68AD7965DB2B383F3B20C,
5889684584,Guidewire PolicyCenter Technology Analyst,Talent et au-dela,"Hyderabad, Telangana",,,INR,IT Jobs,,2026-09-18T23:25:16Z,2026-09-21T07:37:41.596781+00:00,business analyst,Hyderabad,https://www.adzuna.in/land/ad/5889684584?se=GnThXI-18RGm1alvctyjWA&utm_medium=api&utm_source=f15ef5ad&v=8CA16E8BE7C6F2743383B2ED899336E0D442CFCD,
5890032273,Business Analyst,Refining Skills Academy,"Bangalore, Karnataka",,,INR,Accounting & Finance Jobs,,2026-09-19T06:44:51Z,2026-09-21T07:37:41.596781+00:00,business analyst,Bangalore,https://www.adzuna.in/details/5890032273?utm_medium=api&utm_source=f15ef5ad,
5890243125,Data Analyst,S&P Global,"Bangalore, Karnataka",,,INR,IT Jobs,,2026-09-19T11:13:08Z,2026-09-21T07:37:41.596781+00:00,data analyst,Bangalore,https://www.adzuna.in/details/5890243125?utm_medium=api&utm_source=f15ef5ad,
5890486909,DATA ANALYST L4,Wipro,"Hyderabad, Telangana",,,INR,IT Jobs,,2026-09-19T16:13:50Z,2026-09-21T07:37:41.596781+00:00,data analyst,Hyderabad,https://www.adzuna.in/details/5890486909?utm_medium=api&utm_source=f15ef5ad,
5890612016,Data Engineer,Persistent Systems,"Hyderabad, Telangana",,,INR,IT Jobs,,2026-09-19T17:32:15Z,2026-09-21T07:37:41.596781+00:00,business analyst,Hyderabad,https://www.adzuna.in/land/ad/5890612016?se=-t9TXY-18RGWeqJL5UhOug&utm_medium=api&utm_source=f15ef5ad&v=AA6EF714007FC2EC657D485D81194D29FA239E99,GCP|Linux
5890612712,Data Engineer,Softkode Technologies,"Mumbai, Maharashtra",,,INR,IT Jobs,,2026-09-19T17:33:54Z,2026-09-21T07:37:41.596781+00:00,data analyst,Mumbai,https://www.adzuna.in/land/ad/5890612712?se=1sE4Vo-18RGSI57gYuD12g&utm_medium=api&utm_source=f15ef5ad&v=F91FC482A94E29C5528E86EF22AB141C45870FF9,GCP
5890613626,Consultant - Salesforce Development [T500-29456],CIBC India,"Hyderabad, Telangana",,,INR,IT Jobs,,2026-09-19T17:36:01Z,2026-09-21T07:37:41.596781+00:00,business analyst,Hyderabad,https://www.adzuna.in/land/ad/5890613626?se=GnThXI-18RGm1alvctyjWA&utm_medium=api&utm_source=f15ef5ad&v=521C4487963FB390AC7CC457E04BD93FF87EF890,
5890717544,BUSINESS ANALYST I,TE Connectivity,"Bangalore, Karnataka",,,INR,IT Jobs,,2026-09-19T20:33:30Z,2026-09-21T07:37:41.596781+00:00,business analyst,Bangalore,https://www.adzuna.in/land/ad/5890717544?se=AiniWo-18RG-Sdy3LHVgWw&utm_medium=api&utm_source=f15ef5ad&v=CF1FE7C00C8D02C0A05B0A791E46CB38D64FD416,
5890717548,Senior Financial Data Analyst,Moody's,"Bangalore, Karnataka",,,INR,Accounting & Finance Jobs,,2026-09-19T20:33:30Z,2026-09-21T07:37:41.596781+00:00,data analyst,Bangalore,https://www.adzuna.in/land/ad/5890717548?se=emj5VI-18RGUE9NsKkfTPA&utm_medium=api&utm_source=f15ef5ad&v=F24FEF2B42186D07A1F60FDBA3B226EA8800BBEB,
5890717796,GCP Data Engineer,Capco,"Pune, Maharashtra",,,INR,IT Jobs,,2026-09-19T20:33:43Z,2026-09-21T07:37:41.596781+00:00,data analyst,Pune,https://www.adzuna.in/land/ad/5890717796?se=2r-YWI-18RGSI57gYuD12g&utm_medium=api&utm_source=f15ef5ad&v=AACCEDF91AC373078EC6DE2ECD4190FB5EF4A010,GCP
5890717811,"IT Business Analyst/Functional Analyst - Real Estate Funds Platform, AVP",Deutsche Bank,"Bangalore, Karnataka",,,INR,IT Jobs,,2026-09-19T20:33:43Z,2026-09-21T07:37:41.596781+00:00,business analyst,Bangalore,https://www.adzuna.in/land/ad/5890717811?se=AiniWo-18RG-Sdy3LHVgWw&utm_medium=api&utm_source=f15ef5ad&v=1E3376EE3F170BE90F8ED131806A2B924A305D64,
5890780986,Clinical Data Analyst I,Parexel,"Hyderabad, Telangana",,,INR,IT Jobs,,2026-09-19T21:30:43Z,2026-09-21T07:37:41.596781+00:00,data analyst,Hyderabad,https://www.adzuna.in/details/5890780986?utm_medium=api&utm_source=f15ef5ad,
5890784080,Marketing Data Analyst,Qualys,"Pune, Maharashtra",,,INR,"PR, Advertising & Marketing Jobs",,2026-09-19T21:32:18Z,2026-09-21T07:37:41.596781+00:00,data analyst,Pune,https://www.adzuna.in/details/5890784080?utm_medium=api&utm_source=f15ef5ad,
5890785831,Business Analyst - PA26AUTRQ3136,SS&C,"Mumbai, Maharashtra",,,INR,IT Jobs,contract,2026-09-19T21:34:16Z,2026-09-21T07:37:41.596781+00:00,business analyst,Mumbai,https://www.adzuna.in/details/5890785831?utm_medium=api&utm_source=f15ef5ad,
5890786824,"VP, Finance Technology",Ares Operations,"Mumbai, Maharashtra",,,INR,Accounting & Finance Jobs,contract,2026-09-19T21:34:51Z,2026-09-21T07:37:41.596781+00:00,data analyst,Mumbai,https://www.adzuna.in/details/5890786824?utm_medium=api&utm_source=f15ef5ad,
5890795997,"Analyst, Data Science & Analytics",TransUnion,"Pune, Maharashtra",,,INR,Accounting & Finance Jobs,,2026-09-19T21:42:59Z,2026-09-21T07:37:41.596781+00:00,data analyst,Pune,https://www.adzuna.in/details/5890795997?utm_medium=api&utm_source=f15ef5ad,
5890820290,Customer Success Data Analyst,Thomson Reuters,"Hyderabad, Telangana",,,INR,Customer Services Jobs,,2026-09-19T21:59:56Z,2026-09-21T07:37:41.596781+00:00,data analyst,Hyderabad,https://www.adzuna.in/details/5890820290?utm_medium=api&utm_source=f15ef5ad,
5890896507,Data Consumer Analyst – AWS Cloud Migration,Asian Hires,"Bangalore, Karnataka",,,INR,IT Jobs,,2026-09-19T23:26:21Z,2026-09-21T07:37:41.596781+00:00,data analyst,Bangalore,https://www.adzuna.in/land/ad/5890896507?se=emj5VI-18RGUE9NsKkfTPA&utm_medium=api&utm_source=f15ef5ad&v=6DC3C86F77E765342916804BD5623E331DE1E172,AWS
5891403862,Data Analyst,Chevron Corporation,"Bangalore, Karnataka",,,INR,IT Jobs,,2026-09-20T11:10:49Z,2026-09-21T07:37:41.596781+00:00,data analyst,Bangalore,https://www.adzuna.in/details/5891403862?utm_medium=api&utm_source=f15ef5ad,
5891403968,Reference Data Services Intmd Analyst,Citigroup,"Mumbai, Maharashtra",,,INR,Accounting & Finance Jobs,,2026-09-20T11:11:02Z,2026-09-21T07:37:41.596781+00:00,data analyst,Mumbai,https://www.adzuna.in/details/5891403968?utm_medium=api&utm_source=f15ef5ad,
5891404249,Data Analyst,GE Vernova,"Bangalore, Karnataka",,,INR,IT Jobs,,2026-09-20T11:11:31Z,2026-09-21T07:37:41.596781+00:00,data analyst,Bangalore,https://www.adzuna.in/details/5891404249?utm_medium=api&utm_source=f15ef5ad,ETL
5891405045,Clinical Data Analyst I,Parexel,"Hyderabad, Telangana",,,INR,IT Jobs,,2026-09-20T11:12:43Z,2026-09-21T07:37:41.596781+00:00,data analyst,Hyderabad,https://www.adzuna.in/details/5891405045?utm_medium=api&utm_source=f15ef5ad,
5891690064,SAS Developer,Infosys,"Hyderabad, Telangana",,,INR,IT Jobs,,2026-09-20T17:32:16Z,2026-09-21T07:37:41.596781+00:00,business analyst,Hyderabad,https://www.adzuna.in/land/ad/5891690064?se=GnThXI-18RGm1alvctyjWA&utm_medium=api&utm_source=f15ef5ad&v=A1251DA0BD4CBB5FA293E8F5911397BD1ECD843D,ETL
5891690070,Anti-Money Laundering Analyst,HTC Global Services,"Hyderabad, Telangana",,,INR,IT Jobs,,2026-09-20T17:32:17Z,2026-09-21T07:37:41.596781+00:00,data analyst,Hyderabad,https://www.adzuna.in/land/ad/5891690070?se=SA55V4-18RGTKupd6C_-Ew&utm_medium=api&utm_source=f15ef5ad&v=A3ACA08EBBF9078169EE8A67777A09DD24AD7D0B,
5891690213,MIS Executive,Anand Rathi Share and Stock Brokers Ltd,"Mumbai, Maharashtra",,,INR,IT Jobs,,2026-09-20T17:32:25Z,2026-09-21T07:37:41.596781+00:00,business analyst,Mumbai,https://www.adzuna.in/land/ad/5891690213?se=CI7pW4-18RG-Sdy3LHVgWw&utm_medium=api&utm_source=f15ef5ad&v=C04289C50A9DAAE18AE976E77343D5F56A26150E,
5891690232,U.S. Healthcare Payer Functional Analyst,KronosX AI,"Bangalore, Karnataka",,,INR,IT Jobs,,2026-09-20T17:32:27Z,2026-09-21T07:37:41.596781+00:00,business analyst,Bangalore,https://www.adzuna.in/land/ad/5891690232?se=AiniWo-18RG-Sdy3LHVgWw&utm_medium=api&utm_source=f15ef5ad&v=265BFA38044CC3CE23CA3ACEA99E4033E82F07F9,
5891691026,Power BI/Business Intelligence Analyst,Applicantz,"Bangalore, Karnataka",,,INR,IT Jobs,,2026-09-20T17:33:58Z,2026-09-21T07:37:41.596781+00:00,business analyst,Bangalore,https://www.adzuna.in/land/ad/5891691026?se=AiniWo-18RG-Sdy3LHVgWw&utm_medium=api&utm_source=f15ef5ad&v=B37FE6D32D32D360C9ED867349FD68B3CA2310C4,Power BI
5891691076,Anti-Money Laundering Analyst,HTC Global Services,"Bangalore, Karnataka",,,INR,IT Jobs,,2026-09-20T17:34:00Z,2026-09-21T07:37:41.596781+00:00,data analyst,Bangalore,https://www.adzuna.in/land/ad/5891691076?se=emj5VI-18RGUE9NsKkfTPA&utm_medium=api&utm_source=f15ef5ad&v=42C72957021177D0905435D3D66CB5F3ED02677B,
5891691887,Lead Data Analyst,Omnicom Media,"Bangalore, Karnataka",,,INR,IT Jobs,,2026-09-20T17:34:37Z,2026-09-21T07:37:41.596781+00:00,data analyst,Bangalore,https://www.adzuna.in/land/ad/5891691887?se=emj5VI-18RGUE9NsKkfTPA&utm_medium=api&utm_source=f15ef5ad&v=7136859A7828BC65084DAC9AD5DA6C5DCD8D4EE8,
5891694581,Snowflake Data Analyst,Tata Consultancy Services,"Bangalore, Karnataka",,,INR,IT Jobs,,2026-09-20T17:36:20Z,2026-09-21T07:37:41.596781+00:00,data analyst,Bangalore,https://www.adzuna.in/land/ad/5891694581?se=emj5VI-18RGUE9NsKkfTPA&utm_medium=api&utm_source=f15ef5ad&v=74CC0003626A3D739518350D52C605227F3E5C85,SQL|Snowflake
5891876431,Data Analyst,GE Vernova,"Bangalore, Karnataka",,,INR,IT Jobs,,2026-09-20T21:38:43Z,2026-09-21T07:37:41.596781+00:00,data analyst,Bangalore,https://www.adzuna.in/details/5891876431?utm_medium=api&utm_source=f15ef5ad,ETL
5891980504,Collibra Data Governance Analysts,Lorven Technologies Inc.,"Hyderabad, Telangana",,,INR,IT Jobs,,2026-09-20T23:28:20Z,2026-09-21T07:37:41.596781+00:00,data analyst,Hyderabad,https://www.adzuna.in/land/ad/5891980504?se=SA55V4-18RGTKupd6C_-Ew&utm_medium=api&utm_source=f15ef5ad&v=55369B7C23BEC25F1B96C2FE7E7DE170CA7D84B1,
5891981575,Data Governance Analysts - Collibra & Data Marketplace,Lorven Technologies Inc.,"Hyderabad, Telangana",,,INR,IT Jobs,,2026-09-20T23:29:04Z,2026-09-21T07:37:41.596781+00:00,data analyst,Hyderabad,https://www.adzuna.in/land/ad/5891981575?se=SA55V4-18RGTKupd6C_-Ew&utm_medium=api&utm_source=f15ef5ad&v=2692D8FBFCC3D8ED972E77231F2BD684BB6035E3,
5583457638,Data Engineer - Palantir - Contract- Mumbai,Burns & McDonnell,"Mumbai, Maharashtra",,,INR,IT Jobs,,2026-01-14T08:57:07Z,2026-09-14T07:33:56.993847+00:00,data analyst,Mumbai,https://www.adzuna.in/details/5583457638?utm_medium=api&utm_source=f15ef5ad,
5721342028,"Lead Product Designer (B2C, Tier-1)",TalentXO,"Mumbai, Maharashtra",3800000.0,5000000.0,INR,IT Jobs,,2026-05-07T12:13:41Z,2026-09-14T07:33:56.993847+00:00,data analyst,Mumbai,https://www.adzuna.in/details/5721342028?utm_medium=api&utm_source=f15ef5ad,
5747224347,"Behavioral Scientist / Researcher (Consumer, Insights",Staffnixcom,"Pune, Maharashtra",1700000.0,2400000.0,INR,IT Jobs,,2026-06-01T12:52:14Z,2026-09-14T07:33:56.993847+00:00,data analyst,Pune,https://www.adzuna.in/details/5747224347?utm_medium=api&utm_source=f15ef5ad,
5747224350,"UX Researcher (Behavioural, Anthropology, Ethanography),",Staffnixcom,"Pune, Maharashtra",1700000.0,2500000.0,INR,IT Jobs,,2026-06-01T12:52:14Z,2026-09-14T07:33:56.993847+00:00,data analyst,Pune,https://www.adzuna.in/details/5747224350?utm_medium=api&utm_source=f15ef5ad,
5789394746,Data Analyst,ZEISS,"Bangalore, Karnataka",,,INR,IT Jobs,,2026-07-06T03:28:04Z,2026-09-14T07:33:56.993847+00:00,data analyst,Bangalore,https://www.adzuna.in/details/5789394746?utm_medium=api&utm_source=f15ef5ad,
5837139257,Fraud Business Analyst,Standard Chartered Bank,"Bangalore, Karnataka",,,INR,Accounting & Finance Jobs,,2026-08-12T01:59:32Z,2026-09-14T07:33:56.993847+00:00,business analyst,Bangalore,https://www.adzuna.in/land/ad/5837139257?se=ghEsrA6w8RGLm6dGg6CjJQ&utm_medium=api&utm_source=f15ef5ad&v=02CC12DE4D5AF8FB8A9724A2C3D4B0F2F3217926,
5837139504,"IT&D Senior Business Analyst, Rewards & Benefits",Reckitt,"Hyderabad, Telangana",,,INR,HR & Recruitment Jobs,,2026-08-12T01:59:37Z,2026-09-14T07:33:56.993847+00:00,business analyst,Hyderabad,https://www.adzuna.in/land/ad/5837139504?se=uMSGrg6w8RG-FLx_YfIXKQ&utm_medium=api&utm_source=f15ef5ad&v=4E720F36FFBE8800D6C7890BA9EFFA5233B9F5CF,
5846723238,SAP FI-CO Consultant - Associate,Deutsche Bank,"Bangalore, Karnataka",,,INR,IT Jobs,,2026-08-18T18:03:36Z,2026-09-14T07:33:56.993847+00:00,business analyst,Bangalore,https://www.adzuna.in/land/ad/5846723238?se=ghEsrA6w8RGLm6dGg6CjJQ&utm_medium=api&utm_source=f15ef5ad&v=5EF71E232524F6A1580C34E3A7FDB03CBCE2DDA7,SAP
5850371006,Azure Data Engineer,Trigyn Technologies Limited,"Pune, Maharashtra",,,INR,IT Jobs,,2026-08-21T07:37:10Z,2026-09-14T07:33:56.993847+00:00,data analyst,Pune,https://www.adzuna.in/details/5850371006?utm_medium=api&utm_source=f15ef5ad,Azure
5850375928,Sr. Tech Lead - Analytics & Visualization,Eviden,"Pune, Maharashtra",,,INR,IT Jobs,,2026-08-21T07:38:48Z,2026-09-14T07:33:56.993847+00:00,data analyst,Pune,https://www.adzuna.in/details/5850375928?utm_medium=api&utm_source=f15ef5ad,
5856197385,Data Engineer,Infosys Limited,"Pune, Maharashtra",,,INR,IT Jobs,,2026-08-26T07:38:07Z,2026-09-14T07:33:56.993847+00:00,data analyst,Pune,https://www.adzuna.in/details/5856197385?utm_medium=api&utm_source=f15ef5ad,Azure|ETL|Snowflake
5858537883,Senior Business Analyst,Moody's,"Bangalore, Karnataka",,,INR,IT Jobs,,2026-08-27T22:16:54Z,2026-09-14T07:33:56.993847+00:00,business analyst,Bangalore,https://www.adzuna.in/land/ad/5858537883?se=ghEsrA6w8RGLm6dGg6CjJQ&utm_medium=api&utm_source=f15ef5ad&v=EF4B377D2EE0DE27A6E844E96CAD089295D1D417,
5859662581,Java Full Stack Developer,Capco,"Bangalore, Karnataka",,,INR,IT Jobs,,2026-08-28T18:11:48Z,2026-09-14T07:33:56.993847+00:00,business analyst,Bangalore,https://www.adzuna.in/land/ad/5859662581?se=cJjFrA6w8RGhe8--YZ_w9w&utm_medium=api&utm_source=f15ef5ad&v=B91B218F6CEBFF663F7184E2323E4D5C6DD6FF10,
5860807995,DTS Business Analyst,Veralto,"Mumbai, Maharashtra",,,INR,IT Jobs,,2026-08-29T11:28:49Z,2026-09-14T07:33:56.993847+00:00,business analyst,Mumbai,https://www.adzuna.in/details/5860807995?utm_medium=api&utm_source=f15ef5ad,
5860965374,Technical Business Analyst,Technoidentity,"Hyderabad, Telangana",,,INR,IT Jobs,,2026-08-29T16:05:47Z,2026-09-14T07:33:56.993847+00:00,business analyst,Hyderabad,https://www.adzuna.in/details/5860965374?utm_medium=api&utm_source=f15ef5ad,
5861218727,DTS Business Analyst,Videojet,"Mumbai, Maharashtra",,,INR,IT Jobs,,2026-08-29T20:44:59Z,2026-09-14T07:33:56.993847+00:00,business analyst,Mumbai,https://www.adzuna.in/details/5861218727?utm_medium=api&utm_source=f15ef5ad,
5861792749,Business Analyst,People tech,"Hyderabad, Telangana",,,INR,Accounting & Finance Jobs,,2026-08-30T07:39:03Z,2026-09-14T07:33:56.993847+00:00,business analyst,Hyderabad,https://www.adzuna.in/details/5861792749?utm_medium=api&utm_source=f15ef5ad,
5861792780,Business Analyst,People tech,"Hyderabad, Telangana",,,INR,IT Jobs,,2026-08-30T07:39:03Z,2026-09-14T07:33:56.993847+00:00,business analyst,Hyderabad,https://www.adzuna.in/details/5861792780?utm_medium=api&utm_source=f15ef5ad,
5861792871,Business Analyst and Process Engineer Lead,Hitachi Digital Services,"Pune, Maharashtra",,,INR,IT Jobs,,2026-08-30T07:39:13Z,2026-09-14T07:33:56.993847+00:00,business analyst,Pune,https://www.adzuna.in/details/5861792871?utm_medium=api&utm_source=f15ef5ad,
5861793633,Business Analyst,Prgx India,"Pune, Maharashtra",,,INR,IT Jobs,,2026-08-30T07:39:54Z,2026-09-14T07:33:56.993847+00:00,business analyst,Pune,https://www.adzuna.in/details/5861793633?utm_medium=api&utm_source=f15ef5ad,Power BI|SQL|Tableau
5861795571,Business Analyst,COTIVITI,"Pune, Maharashtra",,,INR,IT Jobs,,2026-08-30T07:41:07Z,2026-09-14T07:33:56.993847+00:00,business analyst,Pune,https://www.adzuna.in/details/5861795571?utm_medium=api&utm_source=f15ef5ad,
5862802813,Research Analyst - Data Annotation,Mercor,"Mumbai, Maharashtra",,,INR,IT Jobs,contract,2026-08-31T12:38:45Z,2026-09-14T07:33:56.993847+00:00,data analyst,Mumbai,https://www.adzuna.in/details/5862802813?utm_medium=api&utm_source=f15ef5ad,
5862985879,Senior Associate - Business Analyst,Davies,"Pune, Maharashtra",,,INR,IT Jobs,,2026-08-31T20:43:45Z,2026-09-14T07:33:56.993847+00:00,business analyst,Pune,https://www.adzuna.in/details/5862985879?utm_medium=api&utm_source=f15ef5ad,
5863650629,Technical Business Analyst,Technoidentity,"Hussainialam, Hyderabad",1800000.0,2400000.0,INR,IT Jobs,permanent,2026-09-01T07:10:08Z,2026-09-14T07:33:56.993847+00:00,business analyst,Hyderabad,https://www.adzuna.in/details/5863650629?utm_medium=api&utm_source=f15ef5ad,
5863654715,Intern - Data Analyst,CanKids KidsCan,"Gulmohar Park, South Delhi",20000.0,20000.0,INR,Admin Jobs,contract,2026-09-01T07:10:54Z,2026-09-14T07:33:56.993847+00:00,data analyst,Delhi,https://www.adzuna.in/details/5863654715?utm_medium=api&utm_source=f15ef5ad,
5864422325,Oracle CPQ Business Analyst (Functional),Tata Consultancy Services,"Hyderabad, Telangana",,,INR,IT Jobs,,2026-09-01T16:19:53Z,2026-09-14T07:33:56.993847+00:00,business analyst,Hyderabad,https://www.adzuna.in/land/ad/5864422325?se=uMSGrg6w8RG-FLx_YfIXKQ&utm_medium=api&utm_source=f15ef5ad&v=5B296342D9397DD6B9C3E9D0C2E1A207BFEDF09C,
5864422728,Data Analyst / Data Engineer,DocOnline,"Hyderabad, Telangana",,,INR,IT Jobs,,2026-09-01T16:19:58Z,2026-09-14T07:33:56.993847+00:00,data analyst,Hyderabad,https://www.adzuna.in/land/ad/5864422728?se=NuvEqA6w8RGw3foOHxJxCQ&utm_medium=api&utm_source=f15ef5ad&v=C3B2D30A1D195D2D241A350ED5C97C99E92E9015,
5864423371,Data Engineer - Databricks,Tata Consultancy Services,"Hyderabad, Telangana",,,INR,IT Jobs,,2026-09-01T16:20:10Z,2026-09-14T07:33:56.993847+00:00,data analyst,Hyderabad,https://www.adzuna.in/land/ad/5864423371?se=NuvEqA6w8RGw3foOHxJxCQ&utm_medium=api&utm_source=f15ef5ad&v=F52EBB2DE91E88646EEC86EEFBDF354740E58D7F,Azure
5864423408,Data Analyst - Fenergo,eClerx,"Mumbai, Maharashtra",,,INR,IT Jobs,,2026-09-01T16:20:10Z,2026-09-14T07:33:56.993847+00:00,data analyst,Mumbai,https://www.adzuna.in/land/ad/5864423408?se=KhFSpw6w8RGLm6dGg6CjJQ&utm_medium=api&utm_source=f15ef5ad&v=8BD3BA04F30F38710251308002EAFB129D4437AD,Python|SQL
5864425045,Data Specialist,HighRadius,"Hyderabad, Telangana",,,INR,IT Jobs,,2026-09-01T16:20:31Z,2026-09-14T07:33:56.993847+00:00,data analyst,Hyderabad,https://www.adzuna.in/land/ad/5864425045?se=NuvEqA6w8RGw3foOHxJxCQ&utm_medium=api&utm_source=f15ef5ad&v=AC3DA656B59EF21E3BA75E6C37047984C3298851,
5864426328,Senior Data Analyst,Epsilon,"Bangalore, Karnataka",,,INR,Consultancy Jobs,,2026-09-01T16:20:46Z,2026-09-14T07:33:56.993847+00:00,data analyst,Bangalore,https://www.adzuna.in/land/ad/5864426328?se=lBYqpg6w8RGw3foOHxJxCQ&utm_medium=api&utm_source=f15ef5ad&v=D5165DAA2EE49F3BC50281F72D56B81CB9E01104,
5864426421,Data Analyst,WhiteLotus Talent Partners,"Hyderabad, Telangana",,,INR,IT Jobs,,2026-09-01T16:20:48Z,2026-09-14T07:33:56.993847+00:00,data analyst,Hyderabad,https://www.adzuna.in/land/ad/5864426421?se=NuvEqA6w8RGw3foOHxJxCQ&utm_medium=api&utm_source=f15ef5ad&v=D1EB104E72A21E3DF692D8A7FE49CD9CD823CCFA,Python
5864427373,Senior Data Analyst,Prescience Decision Solutions ,"Bangalore, Karnataka",,,INR,IT Jobs,,2026-09-01T16:21:00Z,2026-09-14T07:33:56.993847+00:00,data analyst,Bangalore,https://www.adzuna.in/land/ad/5864427373?se=lBYqpg6w8RGw3foOHxJxCQ&utm_medium=api&utm_source=f15ef5ad&v=687D8C20A823EBBDC541E566B6C08EABC2579CE0,SQL
5864427382,Python Technical Lead,JRD Systems,"Bangalore, Karnataka",,,INR,IT Jobs,,2026-09-01T16:21:00Z,2026-09-14T07:33:56.993847+00:00,data analyst,Bangalore,https://www.adzuna.in/land/ad/5864427382?se=lBYqpg6w8RGw3foOHxJxCQ&utm_medium=api&utm_source=f15ef5ad&v=28E51369C4DC5423C213C0BA6BF6A0E20923971B,AWS|Python
5864428871,GCP Data Engineer - 5 to 10 years -PAN INDIA,Tata Consultancy Services,"Bangalore, Karnataka",,,INR,IT Jobs,,2026-09-01T16:21:21Z,2026-09-14T07:33:56.993847+00:00,data analyst,Bangalore,https://www.adzuna.in/land/ad/5864428871?se=lBYqpg6w8RGw3foOHxJxCQ&utm_medium=api&utm_source=f15ef5ad&v=6EE9C295551C642CF8E6766A1DF0362261C6CA33,ETL|GCP|Machine Learning
5864429287,Data Engineering Lead,The HEINEKEN Company,"Hyderabad, Telangana",,,INR,IT Jobs,,2026-09-01T16:21:26Z,2026-09-14T07:33:56.993847+00:00,business analyst,Hyderabad,https://www.adzuna.in/land/ad/5864429287?se=nickrw6w8RGVStDP6hg5Ow&utm_medium=api&utm_source=f15ef5ad&v=A7F2C964C1211615151A1F3A3AE936931F112623,
5864431152,Senior Data Engineer (Analyst/Scientist) - Remote,Kake,"Hyderabad, Telangana",,,INR,IT Jobs,,2026-09-01T16:21:43Z,2026-09-14T07:33:56.993847+00:00,data analyst,Hyderabad,https://www.adzuna.in/land/ad/5864431152?se=NuvEqA6w8RGw3foOHxJxCQ&utm_medium=api&utm_source=f15ef5ad&v=992068F702D0BD1D92EF8D1AB0E5CA33A0D15B29,
5864433088,Workiva (WDesk/Wdata & SQL),Coforge,"Hyderabad, Telangana",,,INR,IT Jobs,,2026-09-01T16:22:00Z,2026-09-14T07:33:56.993847+00:00,data analyst,Hyderabad,https://www.adzuna.in/land/ad/5864433088?se=NuvEqA6w8RGw3foOHxJxCQ&utm_medium=api&utm_source=f15ef5ad&v=513197DD929E70CCCAE6CE4B02FB59D2A537122E,SQL
5864434104,Senior Data Engineer (NR-2026-0240),Media.net,"Mumbai, Maharashtra",,,INR,IT Jobs,,2026-09-01T16:22:07Z,2026-09-14T07:33:56.993847+00:00,data analyst,Mumbai,https://www.adzuna.in/land/ad/5864434104?se=Qpb6pw6w8RG-YIQ5Ljn0Yg&utm_medium=api&utm_source=f15ef5ad&v=9CD33E50D1A647A4C6F6BE48CC320CA68B69B1CD,
5864435444,Oracle CPQ Business Analyst (Functional),Tata Consultancy Services,"Hyderabad, Telangana",,,INR,IT Jobs,,2026-09-01T16:22:19Z,2026-09-14T07:33:56.993847+00:00,business analyst,Hyderabad,https://www.adzuna.in/land/ad/5864435444?se=uMSGrg6w8RG-FLx_YfIXKQ&utm_medium=api&utm_source=f15ef5ad&v=C70DD61D047A76DACD1293573C53B4EB5B7F7DEE,
5864435853,Senior Data Analyst,Chubb,"Hyderabad, Telangana",,,INR,IT Jobs,,2026-09-01T16:22:25Z,2026-09-14T07:33:56.993847+00:00,data analyst,Hyderabad,https://www.adzuna.in/land/ad/5864435853?se=NuvEqA6w8RGw3foOHxJxCQ&utm_medium=api&utm_source=f15ef5ad&v=DA1D1657194496199E2F9F84028D536FC9094189,
5864435968,Salesforce BA - CPQ,Acunor,"Hyderabad, Telangana",,,INR,IT Jobs,,2026-09-01T16:22:26Z,2026-09-14T07:33:56.993847+00:00,business analyst,Hyderabad,https://www.adzuna.in/land/ad/5864435968?se=uMSGrg6w8RG-FLx_YfIXKQ&utm_medium=api&utm_source=f15ef5ad&v=768FE243A16819EA7A8CDC09EE0991345898ABAF,
5864436325,Senior Data Insight Analyst [T500-27798],Albertsons Companies India,"Bangalore, Karnataka",,,INR,IT Jobs,,2026-09-01T16:22:29Z,2026-09-14T07:33:56.993847+00:00,data analyst,Bangalore,https://www.adzuna.in/land/ad/5864436325?se=lBYqpg6w8RGw3foOHxJxCQ&utm_medium=api&utm_source=f15ef5ad&v=E8C1DA325BC537A0371686CF61B58690A20D2703,
5864436500,Data Analyst,MS CLINICAL RESEARCH,"Bangalore, Karnataka",,,INR,IT Jobs,,2026-09-01T16:22:30Z,2026-09-14T07:33:56.993847+00:00,data analyst,Bangalore,https://www.adzuna.in/land/ad/5864436500?se=lBYqpg6w8RGw3foOHxJxCQ&utm_medium=api&utm_source=f15ef5ad&v=122F8311D1C4B66536CD2B390A4E3799EDEF9EBD,
5864436590,Quality Assurance Automation Engineer,QualiZeal,"Hyderabad, Telangana",,,INR,IT Jobs,,2026-09-01T16:22:31Z,2026-09-14T07:33:56.993847+00:00,business analyst,Hyderabad,https://www.adzuna.in/land/ad/5864436590?se=uMSGrg6w8RG-FLx_YfIXKQ&utm_medium=api&utm_source=f15ef5ad&v=9401CE524AA8D611C6C1FD0FEBDF25868DBB16EE,
5864437348,"Senior Marketing Data Analyst (Python, SQL)",Blend,"Hyderabad, Telangana",,,INR,"PR, Advertising & Marketing Jobs",,2026-09-01T16:22:37Z,2026-09-14T07:33:56.993847+00:00,data analyst,Hyderabad,https://www.adzuna.in/land/ad/5864437348?se=NuvEqA6w8RGw3foOHxJxCQ&utm_medium=api&utm_source=f15ef5ad&v=61FFF99584786DBB66E8401001706E67D545896C,Python|SQL
5864437931,Oracle CPQ Business Analyst (Functional),Tata Consultancy Services,"Mumbai, Maharashtra",,,INR,IT Jobs,,2026-09-01T16:22:41Z,2026-09-14T07:33:56.993847+00:00,business analyst,Mumbai,https://www.adzuna.in/land/ad/5864437931?se=4M1qrQ6w8RG-YIQ5Ljn0Yg&utm_medium=api&utm_source=f15ef5ad&v=4530AD2F17DBE140865D0B28A0996DCC494D1BBC,
5864438314,Automation Engineer,QualityKiosk Technologies,"Mumbai, Maharashtra",,,INR,IT Jobs,,2026-09-01T16:22:44Z,2026-09-14T07:33:56.993847+00:00,business analyst,Mumbai,https://www.adzuna.in/land/ad/5864438314?se=4M1qrQ6w8RG-YIQ5Ljn0Yg&utm_medium=api&utm_source=f15ef5ad&v=8B10C6861A7DC0276B128B892B24DAE2C7202D67,
5864438660,PySpark Developer | Python | SQL,Tata Consultancy Services,"Bangalore, Karnataka",,,INR,IT Jobs,,2026-09-01T16:22:47Z,2026-09-14T07:33:56.993847+00:00,data analyst,Bangalore,https://www.adzuna.in/land/ad/5864438660?se=Hhavpg6w8RG-FLx_YfIXKQ&utm_medium=api&utm_source=f15ef5ad&v=9075A769CA63C8CAB67EF19A5BEB5C217A85C9C6,ETL|Python|SQL|Spark
5864439178,Power BI Engineer,BPMLinks,"Hyderabad, Telangana",,,INR,IT Jobs,,2026-09-01T16:22:53Z,2026-09-14T07:33:56.993847+00:00,data analyst,Hyderabad,https://www.adzuna.in/land/ad/5864439178?se=3uVnqQ6w8RG-YIQ5Ljn0Yg&utm_medium=api&utm_source=f15ef5ad&v=62B891CEAFC7E3D68D2A79C2CFDA499CFF8C536E,Power BI
5864439271,Data Engineer-ADF,"Prudent Technologies and Consulting, Inc.","Hyderabad, Telangana",,,INR,IT Jobs,,2026-09-01T16:22:54Z,2026-09-14T07:33:56.993847+00:00,data analyst,Hyderabad,https://www.adzuna.in/land/ad/5864439271?se=NuvEqA6w8RGw3foOHxJxCQ&utm_medium=api&utm_source=f15ef5ad&v=9A6CDC6FCC3125BDD452D802785FAABF05535EFB,ETL|SQL
5864439387,Data Engineer,The HEINEKEN Company,"Hyderabad, Telangana",,,INR,IT Jobs,,2026-09-01T16:22:56Z,2026-09-14T07:33:56.993847+00:00,business analyst,Hyderabad,https://www.adzuna.in/land/ad/5864439387?se=uMSGrg6w8RG-FLx_YfIXKQ&utm_medium=api&utm_source=f15ef5ad&v=BE39AD1181CCF6D5F6C2B89D775BB6971449EBF5,Azure|ETL|Python|SQL
5864440228,Branch Intelligence Specialist,Piramal Finance,"Delhi, India",,,INR,IT Jobs,,2026-09-01T16:23:02Z,2026-09-14T07:33:56.993847+00:00,business analyst,Delhi,https://www.adzuna.in/land/ad/5864440228?se=WkU_qw6w8RGQCqo3hlJMDA&utm_medium=api&utm_source=f15ef5ad&v=8F8C756693624BBED23DE53DE17F11083C77878D,
5864442505,Senior Data Engineer (Analyst/Scientist) - Remote,Kake,"Bangalore, Karnataka",,,INR,IT Jobs,,2026-09-01T16:23:14Z,2026-09-14T07:33:56.993847+00:00,data analyst,Bangalore,https://www.adzuna.in/land/ad/5864442505?se=lBYqpg6w8RGw3foOHxJxCQ&utm_medium=api&utm_source=f15ef5ad&v=6155ACC03125A8E4FD992DB648D4B5952CFF591B,
5864442719,Data Analyst,HCLTech,"Hyderabad, Telangana",,,INR,IT Jobs,,2026-09-01T16:23:16Z,2026-09-14T07:33:56.993847+00:00,data analyst,Hyderabad,https://www.adzuna.in/land/ad/5864442719?se=NuvEqA6w8RGw3foOHxJxCQ&utm_medium=api&utm_source=f15ef5ad&v=3FCC8C06CFA5A3AB39F7A580208FCEDAE0EE2459,BigQuery|GCP|SQL|dbt
5864819312,Business Analyst — Avaloq Banking Transformation,Synpulse,"Pune, Maharashtra",,,INR,IT Jobs,,2026-09-01T20:46:31Z,2026-09-14T07:33:56.993847+00:00,business analyst,Pune,https://www.adzuna.in/details/5864819312?utm_medium=api&utm_source=f15ef5ad,
5864839902,Senior Business Data Analyst,DNEG,"Mumbai, Maharashtra",,,INR,IT Jobs,,2026-09-01T20:56:14Z,2026-09-14T07:33:56.993847+00:00,data analyst,Mumbai,https://www.adzuna.in/details/5864839902?utm_medium=api&utm_source=f15ef5ad,
5864862490,Data Analyst - HR,DNEG,"Mumbai, Maharashtra",,,INR,HR & Recruitment Jobs,,2026-09-01T21:06:28Z,2026-09-14T07:33:56.993847+00:00,data analyst,Mumbai,https://www.adzuna.in/details/5864862490?utm_medium=api&utm_source=f15ef5ad,
5865064905,"IT&D Business Analyst, SAP Pricing",Reckitt,"Hyderabad, Telangana",,,INR,IT Jobs,permanent,2026-09-01T22:16:20Z,2026-09-14T07:33:56.993847+00:00,business analyst,Hyderabad,https://www.adzuna.in/land/ad/5865064905?se=uMSGrg6w8RG-FLx_YfIXKQ&utm_medium=api&utm_source=f15ef5ad&v=D0FE65CC5E0B08A5A98B2FC55FB898755A0A4B92,SAP
5865286259,Data Quality Engineer,BPMLinks,"Hyderabad, Telangana",,,INR,IT Jobs,,2026-09-02T02:21:56Z,2026-09-14T07:33:56.993847+00:00,business analyst,Hyderabad,https://www.adzuna.in/land/ad/5865286259?se=uMSGrg6w8RG-FLx_YfIXKQ&utm_medium=api&utm_source=f15ef5ad&v=6DBC47CEB2597F6BCA10040F3F34EBC6824679F9,ETL
5866126711,Senior Business Analyst,Aditi Tech Consulting Private Limited,"Pune, Maharashtra",,,INR,IT Jobs,,2026-09-02T07:47:24Z,2026-09-14T07:33:56.993847+00:00,business analyst,Pune,https://www.adzuna.in/details/5866126711?utm_medium=api&utm_source=f15ef5ad,
5867035865,Data Engineer Lead,Nexus Corporation,"Hyderabad, Telangana",,,INR,IT Jobs,,2026-09-02T16:41:40Z,2026-09-14T07:33:56.993847+00:00,data analyst,Hyderabad,https://www.adzuna.in/land/ad/5867035865?se=3uVnqQ6w8RG-YIQ5Ljn0Yg&utm_medium=api&utm_source=f15ef5ad&v=673AE9B020359B1999EA2B7D7349252ADCEFD825,BigQuery|ETL|GCP
5867036086,Sr Manager - Cloud Database Development [T500-29022],McDonald's Global Office in India,"Hyderabad, Telangana",,,INR,IT Jobs,,2026-09-02T16:42:42Z,2026-09-14T07:33:56.993847+00:00,data analyst,Hyderabad,https://www.adzuna.in/land/ad/5867036086?se=NuvEqA6w8RGw3foOHxJxCQ&utm_medium=api&utm_source=f15ef5ad&v=6C78F8249A1C6E9FFDA8083DD70DB44EA457D3CF,
5867036109,Data Analyst,Pharmanovia,"Mumbai, Maharashtra",,,INR,IT Jobs,,2026-09-02T16:42:43Z,2026-09-14T07:33:56.993847+00:00,data analyst,Mumbai,https://www.adzuna.in/land/ad/5867036109?se=KhFSpw6w8RGLm6dGg6CjJQ&utm_medium=api&utm_source=f15ef5ad&v=3137DF9B503952DFDC32B05C57551147401959BD,
5867037431,Senior Data Engineer,Quest Global,"Hyderabad, Telangana",,,INR,IT Jobs,,2026-09-02T16:43:32Z,2026-09-14T07:33:56.993847+00:00,data analyst,Hyderabad,https://www.adzuna.in/land/ad/5867037431?se=3uVnqQ6w8RG-YIQ5Ljn0Yg&utm_medium=api&utm_source=f15ef5ad&v=B3A3504D518B3698D483D6FFAB472439DE79159F,AWS|ETL|Hadoop|Python|Redshift|SQL|Spark
5867038166,Data Analyst,Edwagon,"Bangalore, Karnataka",,,INR,IT Jobs,,2026-09-02T16:44:13Z,2026-09-14T07:33:56.993847+00:00,data analyst,Bangalore,https://www.adzuna.in/land/ad/5867038166?se=lBYqpg6w8RGw3foOHxJxCQ&utm_medium=api&utm_source=f15ef5ad&v=005005A5CE08BEDFAA80C211793EB9110F5A4178,
5867115068,Data Management Analyst,Moody's,"Bangalore, Karnataka",,,INR,IT Jobs,,2026-09-02T18:15:33Z,2026-09-14T07:33:56.993847+00:00,data analyst,Bangalore,https://www.adzuna.in/land/ad/5867115068?se=lBYqpg6w8RGw3foOHxJxCQ&utm_medium=api&utm_source=f15ef5ad&v=0690395A04D115923E5072660A3E464C57BD66A4,
5867229147,Relationship Manager - Wealth - Delhi - Videocon Towers - JM,Tata Capital,"Delhi, India",,,INR,Accounting & Finance Jobs,,2026-09-02T21:32:18Z,2026-09-14T07:33:56.993847+00:00,business analyst,Delhi,https://www.adzuna.in/details/5867229147?utm_medium=api&utm_source=f15ef5ad,
5867249075,"Data Analyst - Pharma, Mumbai",AALUCKS Talent Pro,"Mumbai, Maharashtra",,,INR,IT Jobs,,2026-09-02T21:40:39Z,2026-09-14T07:33:56.993847+00:00,data analyst,Mumbai,https://www.adzuna.in/details/5867249075?utm_medium=api&utm_source=f15ef5ad,Python|SQL
5867251853,AVP - Business Analyst – Investment Platform,M&G Global Services,"Pune, Maharashtra",,,INR,IT Jobs,,2026-09-02T21:41:53Z,2026-09-14T07:33:56.993847+00:00,business analyst,Pune,https://www.adzuna.in/details/5867251853?utm_medium=api&utm_source=f15ef5ad,
5867726679,"Business Management Analyst, AVP",Deutsche Bank,"Mumbai, Maharashtra",,,INR,IT Jobs,,2026-09-03T04:36:51Z,2026-09-14T07:33:56.993847+00:00,data analyst,Mumbai,https://www.adzuna.in/land/ad/5867726679?se=KhFSpw6w8RGLm6dGg6CjJQ&utm_medium=api&utm_source=f15ef5ad&v=2488F69520E1565C12B6D1C35698E26B8FF6D9E2,
5867727281,"Business Risk & Control Analyst, AVP",Deutsche Bank,"Mumbai, Maharashtra",,,INR,Accounting & Finance Jobs,,2026-09-03T04:37:10Z,2026-09-14T07:33:56.993847+00:00,business analyst,Mumbai,https://www.adzuna.in/land/ad/5867727281?se=4M1qrQ6w8RG-YIQ5Ljn0Yg&utm_medium=api&utm_source=f15ef5ad&v=797670071ADDF18B487D7A07BB3E6D606261B9B3,
5867727348,"Business Management Analyst, AS",Deutsche Bank,"Mumbai, Maharashtra",,,INR,IT Jobs,,2026-09-03T04:37:22Z,2026-09-14T07:33:56.993847+00:00,data analyst,Mumbai,https://www.adzuna.in/land/ad/5867727348?se=KhFSpw6w8RGLm6dGg6CjJQ&utm_medium=api&utm_source=f15ef5ad&v=FB650AE0C5A0F639A3230D36D3A8F41BB48A14B8,
5868115386,Business Analyst,GeBBS Healthcare Solutions,"Hyderabad, Telangana",,,INR,IT Jobs,,2026-09-03T07:59:07Z,2026-09-14T07:33:56.993847+00:00,business analyst,Hyderabad,https://www.adzuna.in/details/5868115386?utm_medium=api&utm_source=f15ef5ad,ETL|Power BI|SQL
5868120206,Data Analyst,Reliance Games,"Pune, Maharashtra",,,INR,IT Jobs,,2026-09-03T08:01:51Z,2026-09-14T07:33:56.993847+00:00,data analyst,Pune,https://www.adzuna.in/details/5868120206?utm_medium=api&utm_source=f15ef5ad,SQL
5868418400,Sr. Business Analyst- Business Execution-Investor Services,Citigroup,"Pune, Maharashtra",,,INR,Accounting & Finance Jobs,,2026-09-03T11:04:55Z,2026-09-14T07:33:56.993847+00:00,business analyst,Pune,https://www.adzuna.in/details/5868418400?utm_medium=api&utm_source=f15ef5ad,
5868418518,Legal Data and Automation Analyst,CrowdStrike,"Pune, Maharashtra",,,INR,IT Jobs,,2026-09-03T11:05:07Z,2026-09-14T07:33:56.993847+00:00,data analyst,Pune,https://www.adzuna.in/details/5868418518?utm_medium=api&utm_source=f15ef5ad,
5868419046,Business Analyst II - Product Owner,Mastercard,"Pune, Maharashtra",,,INR,IT Jobs,,2026-09-03T11:06:08Z,2026-09-14T07:33:56.993847+00:00,business analyst,Pune,https://www.adzuna.in/details/5868419046?utm_medium=api&utm_source=f15ef5ad,
5868419047,Lead Business Analyst,Mastercard,"Pune, Maharashtra",,,INR,Accounting & Finance Jobs,,2026-09-03T11:06:08Z,2026-09-14T07:33:56.993847+00:00,business analyst,Pune,https://www.adzuna.in/details/5868419047?utm_medium=api&utm_source=f15ef5ad,
5868707143,QA & Data Validation Engineer,Nexaxis Technology Solutions,"Delhi, India",1000000.0,1200000.0,INR,IT Jobs,,2026-09-03T16:09:37Z,2026-09-14T07:33:56.993847+00:00,data analyst,Delhi,https://www.adzuna.in/details/5868707143?utm_medium=api&utm_source=f15ef5ad,Azure|Power BI|Python|SQL
5869154786,Senior Business Analyst,Zoetis,"Hyderabad, Telangana",,,INR,IT Jobs,,2026-09-03T21:11:14Z,2026-09-14T07:33:56.993847+00:00,business analyst,Hyderabad,https://www.adzuna.in/details/5869154786?utm_medium=api&utm_source=f15ef5ad,
5869161994,Senior Business Analyst,Zoetis,"Hyderabad, Telangana",,,INR,IT Jobs,,2026-09-03T21:13:33Z,2026-09-14T07:33:56.993847+00:00,business analyst,Hyderabad,https://www.adzuna.in/details/5869161994?utm_medium=api&utm_source=f15ef5ad,
5869197861,Business Analyst II,Russell Investments,"Mumbai, Maharashtra",,,INR,IT Jobs,,2026-09-03T21:23:16Z,2026-09-14T07:33:56.993847+00:00,business analyst,Mumbai,https://www.adzuna.in/details/5869197861?utm_medium=api&utm_source=f15ef5ad,
5869206776,Global Alternatives Account Onboarding & Lifecycle - Associate,JPMorganChase,"Mumbai, Maharashtra",,,INR,Accounting & Finance Jobs,,2026-09-03T21:26:56Z,2026-09-14T07:33:56.993847+00:00,data analyst,Mumbai,https://www.adzuna.in/details/5869206776?utm_medium=api&utm_source=f15ef5ad,
5869224495,"Associate, Finance Technology Data Analyst",Ares Operations,"Mumbai, Maharashtra",,,INR,Accounting & Finance Jobs,contract,2026-09-03T21:32:58Z,2026-09-14T07:33:56.993847+00:00,data analyst,Mumbai,https://www.adzuna.in/details/5869224495?utm_medium=api&utm_source=f15ef5ad,
5869485081,Java Developer,Capco,"Pune, Maharashtra",,,INR,IT Jobs,,2026-09-04T00:32:08Z,2026-09-14T07:33:56.993847+00:00,business analyst,Pune,https://www.adzuna.in/land/ad/5869485081?se=XuJSsA6w8RGVStDP6hg5Ow&utm_medium=api&utm_source=f15ef5ad&v=A9D58C285FD2555C9DE0E496112EADA265389E7F,
5869558783,Lead Data Insight Analyst - Data warehousing [T500-29065],Albertsons Companies India,"Bangalore, Karnataka",,,INR,IT Jobs,,2026-09-04T02:33:14Z,2026-09-14T07:33:56.993847+00:00,data analyst,Bangalore,https://www.adzuna.in/land/ad/5869558783?se=lBYqpg6w8RGw3foOHxJxCQ&utm_medium=api&utm_source=f15ef5ad&v=0C701FEF8607DE8FB8670A6450C4F5F0227CCD71,
5869559140,Data Analyst - Team Lead,Aceolution,"Hyderabad, Telangana",,,INR,IT Jobs,,2026-09-04T02:34:28Z,2026-09-14T07:33:56.993847+00:00,data analyst,Hyderabad,https://www.adzuna.in/land/ad/5869559140?se=NuvEqA6w8RGw3foOHxJxCQ&utm_medium=api&utm_source=f15ef5ad&v=54E35D55857D4386D453BC5608143BA8F1420DF3,
5869814799,Business Analyst,EXL,"Pune, Maharashtra",,,INR,IT Jobs,,2026-09-04T07:35:19Z,2026-09-14T07:33:56.993847+00:00,business analyst,Pune,https://www.adzuna.in/details/5869814799?utm_medium=api&utm_source=f15ef5ad,
5869817151,Business Analyst,Tudip Technologies,"Hyderabad, Telangana",,,INR,IT Jobs,,2026-09-04T07:36:42Z,2026-09-14T07:33:56.993847+00:00,business analyst,Hyderabad,https://www.adzuna.in/details/5869817151?utm_medium=api&utm_source=f15ef5ad,
5869817154,Business Analyst,Tudip Technologies,"Delhi, India",,,INR,IT Jobs,,2026-09-04T07:36:43Z,2026-09-14T07:33:56.993847+00:00,business analyst,Delhi,https://www.adzuna.in/details/5869817154?utm_medium=api&utm_source=f15ef5ad,
5869817157,Business Analyst,Tudip Technologies,"Pune, Maharashtra",,,INR,IT Jobs,,2026-09-04T07:36:43Z,2026-09-14T07:33:56.993847+00:00,business analyst,Pune,https://www.adzuna.in/details/5869817157?utm_medium=api&utm_source=f15ef5ad,
5870121119,Business Analyst BTC Product,Mondelez International,"Mumbai, Maharashtra",,,INR,Accounting & Finance Jobs,,2026-09-04T11:06:47Z,2026-09-14T07:33:56.993847+00:00,business analyst,Mumbai,https://www.adzuna.in/details/5870121119?utm_medium=api&utm_source=f15ef5ad,
5870121485,ServiceNow - Business Analyst,"NTT America, Inc.","Delhi, India",,,INR,IT Jobs,,2026-09-04T11:07:01Z,2026-09-14T07:33:56.993847+00:00,business analyst,Delhi,https://www.adzuna.in/details/5870121485?utm_medium=api&utm_source=f15ef5ad,
5870122609,Lead Data Analyst - Data Operations,S&P Global,"Hyderabad, Telangana",,,INR,IT Jobs,,2026-09-04T11:08:01Z,2026-09-14T07:33:56.993847+00:00,data analyst,Hyderabad,https://www.adzuna.in/details/5870122609?utm_medium=api&utm_source=f15ef5ad,SQL
5870122703,CRM Business Analyst I,The Toro Company,"Pune, Maharashtra",,,INR,IT Jobs,,2026-09-04T11:08:11Z,2026-09-14T07:33:56.993847+00:00,business analyst,Pune,https://www.adzuna.in/details/5870122703?utm_medium=api&utm_source=f15ef5ad,
5870527502,Senior Data Engineer (GCP),Publicis Production,"Bangalore, Karnataka",,,INR,IT Jobs,,2026-09-04T16:57:28Z,2026-09-14T07:33:56.993847+00:00,data analyst,Bangalore,https://www.adzuna.in/land/ad/5870527502?se=lBYqpg6w8RGw3foOHxJxCQ&utm_medium=api&utm_source=f15ef5ad&v=13DCF9B529DFC988AF1B37CEBA171DC57195AA77,GCP|Snowflake
5870527899,Techno Functional Business Anlayst,Insight Global,"Bangalore, Karnataka",,,INR,IT Jobs,,2026-09-04T16:57:52Z,2026-09-14T07:33:56.993847+00:00,business analyst,Bangalore,https://www.adzuna.in/land/ad/5870527899?se=ghEsrA6w8RGLm6dGg6CjJQ&utm_medium=api&utm_source=f15ef5ad&v=2CBDEB5D8BC3D2E924046309372ED071BF1E68D4,
5870693437,Senior Financial Data Analyst,Moody's,"Bangalore, Karnataka",,,INR,Accounting & Finance Jobs,,2026-09-04T20:32:50Z,2026-09-14T07:33:56.993847+00:00,data analyst,Bangalore,https://www.adzuna.in/land/ad/5870693437?se=lBYqpg6w8RGw3foOHxJxCQ&utm_medium=api&utm_source=f15ef5ad&v=DDF25B52AF6637983AB47D483B5236672E73A39D,
5870693485,Senior Business Analyst,Invesco,"Hyderabad, Telangana",,,INR,IT Jobs,contract,2026-09-04T20:33:00Z,2026-09-14T07:33:56.993847+00:00,business analyst,Hyderabad,https://www.adzuna.in/land/ad/5870693485?se=uMSGrg6w8RG-FLx_YfIXKQ&utm_medium=api&utm_source=f15ef5ad&v=FA6CD094CDB0897283623899841206F3FA4B2D91,
5870791005,Business Analyst - Data,Cohere Health,"Hyderabad, Telangana",,,INR,IT Jobs,,2026-09-04T21:36:21Z,2026-09-14T07:33:56.993847+00:00,business analyst,Hyderabad,https://www.adzuna.in/details/5870791005?utm_medium=api&utm_source=f15ef5ad,
5870857067,Analytics Manager,Kamakhya Analytics Private Limited,"Bangalore, Karnataka",,,INR,"Energy, Oil & Gas Jobs",,2026-09-04T22:27:33Z,2026-09-14T07:33:56.993847+00:00,data analyst,Bangalore,https://www.adzuna.in/land/ad/5870857067?se=lBYqpg6w8RGw3foOHxJxCQ&utm_medium=api&utm_source=f15ef5ad&v=4E9E2223B446D220BF1BB472CF7D4A568D5F1108,
5870857069,Lead Data Insight Analyst [T500-29084],Albertsons Companies India,"Bangalore, Karnataka",,,INR,IT Jobs,,2026-09-04T22:27:33Z,2026-09-14T07:33:56.993847+00:00,data analyst,Bangalore,https://www.adzuna.in/land/ad/5870857069?se=lBYqpg6w8RGw3foOHxJxCQ&utm_medium=api&utm_source=f15ef5ad&v=B421ECAFC2A21489ECB6EC2F932A151838F0DEA2,
5870857165,Oracle Finance Analyst,Zensar Technologies,"Delhi, India",,,INR,IT Jobs,,2026-09-04T22:27:45Z,2026-09-14T07:33:56.993847+00:00,business analyst,Delhi,https://www.adzuna.in/land/ad/5870857165?se=WkU_qw6w8RGQCqo3hlJMDA&utm_medium=api&utm_source=f15ef5ad&v=C070B6856905B654228C0AB47A6F743B662A6A74,
5870859811,Online Data Analyst - Odia Language,TELUS Digital AI Data Solutions,"Bangalore, Karnataka",,,INR,IT Jobs,contract,2026-09-04T22:29:34Z,2026-09-14T07:33:56.993847+00:00,data analyst,Bangalore,https://www.adzuna.in/land/ad/5870859811?se=lBYqpg6w8RGw3foOHxJxCQ&utm_medium=api&utm_source=f15ef5ad&v=0B45736308EC1A5006215F33B69C9727E7076D70,
5871006552,Business Analyst,NEC Software Solutions ,"Mumbai, Maharashtra",,,INR,IT Jobs,,2026-09-05T02:06:03Z,2026-09-14T07:33:56.993847+00:00,business analyst,Mumbai,https://www.adzuna.in/details/5871006552?utm_medium=api&utm_source=f15ef5ad,
5871276026,Power BI Lead,R Systems International,"Pune, Maharashtra",,,INR,IT Jobs,,2026-09-05T07:37:26Z,2026-09-14T07:33:56.993847+00:00,data analyst,Pune,https://www.adzuna.in/details/5871276026?utm_medium=api&utm_source=f15ef5ad,Power BI|Python|SQL
5871530579,Business Analyst,Cognizant,"Bangalore, Karnataka",,,INR,IT Jobs,,2026-09-05T11:05:50Z,2026-09-14T07:33:56.993847+00:00,business analyst,Bangalore,https://www.adzuna.in/details/5871530579?utm_medium=api&utm_source=f15ef5ad,
5871530678,Assistant Analyst - Quality System Data Management,Eaton Corporation,"Pune, Maharashtra",,,INR,IT Jobs,,2026-09-05T11:06:02Z,2026-09-14T07:33:56.993847+00:00,data analyst,Pune,https://www.adzuna.in/details/5871530678?utm_medium=api&utm_source=f15ef5ad,Machine Learning|Python
5871846778,"Senior Specialist, ESE ML Engineer",MSD,"Hyderabad, Telangana",,,INR,Scientific & QA Jobs,,2026-09-05T16:19:51Z,2026-09-14T07:33:56.993847+00:00,data analyst,Hyderabad,https://www.adzuna.in/land/ad/5871846778?se=3uVnqQ6w8RG-YIQ5Ljn0Yg&utm_medium=api&utm_source=f15ef5ad&v=7E1957B3193AC68E15ACFB9442FD0DE71D688894,Machine Learning
5871991896,Data Analyst,Persistent Systems,"Hyderabad, Telangana",,,INR,IT Jobs,,2026-09-05T18:30:21Z,2026-09-14T07:33:56.993847+00:00,data analyst,Hyderabad,https://www.adzuna.in/land/ad/5871991896?se=NuvEqA6w8RGw3foOHxJxCQ&utm_medium=api&utm_source=f15ef5ad&v=4E224CAAB3213F1718D14EA4D9357EF9FBB8D759,GCP|Hadoop
5871991908,Lead Data Engineer,Technogen India Pvt. Ltd.,"Hyderabad, Telangana",,,INR,IT Jobs,,2026-09-05T18:30:22Z,2026-09-14T07:33:56.993847+00:00,business analyst,Hyderabad,https://www.adzuna.in/land/ad/5871991908?se=nickrw6w8RGVStDP6hg5Ow&utm_medium=api&utm_source=f15ef5ad&v=711166CA0184127F57CBAE94800ED50C64163442,ETL|GCP
5871991935,Data Analyst – Microsoft Fabric/Pyspark,Innover Digital,"Bangalore, Karnataka",,,INR,IT Jobs,,2026-09-05T18:30:24Z,2026-09-14T07:33:56.993847+00:00,data analyst,Bangalore,https://www.adzuna.in/land/ad/5871991935?se=lBYqpg6w8RGw3foOHxJxCQ&utm_medium=api&utm_source=f15ef5ad&v=26DA36A08607C2A4D20CE0240FAC6D064DC92DEF,
5871991986,Data Analyst – Power Platform,Innover Digital,"Bangalore, Karnataka",,,INR,Engineering Jobs,,2026-09-05T18:30:29Z,2026-09-14T07:33:56.993847+00:00,data analyst,Bangalore,https://www.adzuna.in/land/ad/5871991986?se=lBYqpg6w8RGw3foOHxJxCQ&utm_medium=api&utm_source=f15ef5ad&v=764AE7882F74129A8788815811ED825375A137DD,
5871992153,Data Analyst – SQL/Power BI,Innover Digital,"Bangalore, Karnataka",,,INR,IT Jobs,,2026-09-05T18:30:45Z,2026-09-14T07:33:56.993847+00:00,data analyst,Bangalore,https://www.adzuna.in/land/ad/5871992153?se=lBYqpg6w8RGw3foOHxJxCQ&utm_medium=api&utm_source=f15ef5ad&v=D38EAB36DFA504A32C6A87E5B6D3513730E8F55D,Power BI|SQL
5871992384,Data Analyst / Reporting & Insights Analyst (Banking Domain),eClerx,"Mumbai, Maharashtra",,,INR,IT Jobs,,2026-09-05T18:31:23Z,2026-09-14T07:33:56.993847+00:00,data analyst,Mumbai,https://www.adzuna.in/land/ad/5871992384?se=KhFSpw6w8RGLm6dGg6CjJQ&utm_medium=api&utm_source=f15ef5ad&v=CB5DFF87CBADA0003A05197BF67B5709D888BCE6,Excel|Looker|Power BI|SQL|Tableau
5871992907,GCP Data Analyst,Persistent Systems,"Hyderabad, Telangana",,,INR,IT Jobs,,2026-09-05T18:32:38Z,2026-09-14T07:33:56.993847+00:00,data analyst,Hyderabad,https://www.adzuna.in/land/ad/5871992907?se=NuvEqA6w8RGw3foOHxJxCQ&utm_medium=api&utm_source=f15ef5ad&v=4C7CEC97DF3A765158E36E9975710EA316B3228D,BigQuery|GCP|SQL
5871993046,Lead Data Engineer,TEKsystems Global Services in India,"Hyderabad, Telangana",,,INR,IT Jobs,,2026-09-05T18:32:53Z,2026-09-14T07:33:56.993847+00:00,data analyst,Hyderabad,https://www.adzuna.in/land/ad/5871993046?se=NuvEqA6w8RGw3foOHxJxCQ&utm_medium=api&utm_source=f15ef5ad&v=7C384746348DF26C114FF5DE4F3A90AB3176100B,ETL|SQL|Spark
5871993140,Security Compliance Manager,"Sky Systems, Inc. ","Hyderabad, Telangana",,,INR,IT Jobs,contract,2026-09-05T18:33:05Z,2026-09-14T07:33:56.993847+00:00,business analyst,Hyderabad,https://www.adzuna.in/land/ad/5871993140?se=nickrw6w8RGVStDP6hg5Ow&utm_medium=api&utm_source=f15ef5ad&v=98CF486505A11D41FA2AE286493E76CE82A1430B,
5872116512,Lead Product Owner (Business Data Analyst) - Manager,State Street,"Hyderabad, Telangana",,,INR,IT Jobs,,2026-09-05T21:18:07Z,2026-09-14T07:33:56.993847+00:00,data analyst,Hyderabad,https://www.adzuna.in/details/5872116512?utm_medium=api&utm_source=f15ef5ad,
5872134853,Senior Analyst - Clinical Data Abstraction,MRO Careers,"Sasanenagar, Pune",,,INR,Scientific & QA Jobs,,2026-09-05T21:32:43Z,2026-09-14T07:33:56.993847+00:00,data analyst,Pune,https://www.adzuna.in/details/5872134853?utm_medium=api&utm_source=f15ef5ad,
5872825731,Data Analyst / Engineer,Kyndryl,"Bangalore, Karnataka",,,INR,Accounting & Finance Jobs,,2026-09-06T12:17:19Z,2026-09-14T07:33:56.993847+00:00,data analyst,Bangalore,https://www.adzuna.in/land/ad/5872825731?se=lBYqpg6w8RGw3foOHxJxCQ&utm_medium=api&utm_source=f15ef5ad&v=6A3630DB00B42B55FC02DEDCBB442C341FF10528,
5872937081,Business Analyst - Process & Automation,Weekday AI,"Mumbai, Maharashtra",,,INR,IT Jobs,,2026-09-06T16:10:11Z,2026-09-14T07:33:56.993847+00:00,business analyst,Mumbai,https://www.adzuna.in/details/5872937081?utm_medium=api&utm_source=f15ef5ad,Excel|Pandas|Python
5873073745,Data Security Analyst Engineer,Takeda,"Bangalore, Karnataka",,,INR,IT Jobs,contract,2026-09-06T18:33:43Z,2026-09-14T07:33:56.993847+00:00,data analyst,Bangalore,https://www.adzuna.in/land/ad/5873073745?se=lBYqpg6w8RGw3foOHxJxCQ&utm_medium=api&utm_source=f15ef5ad&v=FA30EEACC99ED34B11F690A06159FF2F776E042C,AWS|Python
5873073802,Data Engineer [T500-29176],CIBC India,"Hyderabad, Telangana",,,INR,IT Jobs,,2026-09-06T18:33:47Z,2026-09-14T07:33:56.993847+00:00,data analyst,Hyderabad,https://www.adzuna.in/land/ad/5873073802?se=NuvEqA6w8RGw3foOHxJxCQ&utm_medium=api&utm_source=f15ef5ad&v=10020C6BC8D35468E13D429210F75A0B44D23AB4,
5873073968,Senior Business Analyst – Agentic Enterprise Intelligence (AEI),Quantiphi,"Mumbai, Maharashtra",,,INR,IT Jobs,,2026-09-06T18:34:21Z,2026-09-14T07:33:56.993847+00:00,business analyst,Mumbai,https://www.adzuna.in/land/ad/5873073968?se=4M1qrQ6w8RG-YIQ5Ljn0Yg&utm_medium=api&utm_source=f15ef5ad&v=B903CA81C63B24293431F7FFB6FD83B129848176,Machine Learning
5873074298,Senior Data Engineer,NationsBenefits India,"Hyderabad, Telangana",,,INR,IT Jobs,,2026-09-06T18:35:16Z,2026-09-14T07:33:56.993847+00:00,business analyst,Hyderabad,https://www.adzuna.in/land/ad/5873074298?se=nickrw6w8RGVStDP6hg5Ow&utm_medium=api&utm_source=f15ef5ad&v=1C22C55974F53FB4DE3F3F9CB038D9FA617ADDE1,
5873206329,Business Analyst - Process & Automation,Weekday,"Mumbai, Maharashtra",1500000.0,1500000.0,INR,IT Jobs,,2026-09-06T21:26:10Z,2026-09-14T07:33:56.993847+00:00,business analyst,Mumbai,https://www.adzuna.in/details/5873206329?utm_medium=api&utm_source=f15ef5ad,
5873277903,Senior Data Analyst,Keka HR,"Hyderabad, Telangana",,,INR,IT Jobs,,2026-09-07T00:53:19Z,2026-09-14T07:33:56.993847+00:00,data analyst,Hyderabad,https://www.adzuna.in/land/ad/5873277903?se=NuvEqA6w8RGw3foOHxJxCQ&utm_medium=api&utm_source=f15ef5ad&v=E1610AE32271CD762AB6DE707FA3FDF6F53B865E,
5874134432,Senior Automation Engineer,NMD Placement Consultancy,"Mumbai, Maharashtra",,,INR,IT Jobs,,2026-09-07T18:37:21Z,2026-09-14T07:33:56.993847+00:00,business analyst,Mumbai,https://www.adzuna.in/land/ad/5874134432?se=4M1qrQ6w8RG-YIQ5Ljn0Yg&utm_medium=api&utm_source=f15ef5ad&v=14B6D1E9297FB3BA77933C5EBAAF7B95E40FFF59,
5874224174,Sr. Data Analyst| Mumbai,CSB Bank,"Mumbai, Maharashtra",,,INR,IT Jobs,,2026-09-07T21:09:00Z,2026-09-14T07:33:56.993847+00:00,data analyst,Mumbai,https://www.adzuna.in/details/5874224174?utm_medium=api&utm_source=f15ef5ad,ETL|Machine Learning
5875064399,"Sr. Analyst, Global Data Science Supply Chain",Colgate-Palmolive Company,"Mumbai, Maharashtra",,,INR,IT Jobs,,2026-09-08T06:59:17Z,2026-09-14T07:33:56.993847+00:00,data analyst,Mumbai,https://www.adzuna.in/details/5875064399?utm_medium=api&utm_source=f15ef5ad,
5875204752,Quality Data Analyst,Overture Rede,"Munirka, South West Delhi",,,INR,Teaching Jobs,contract,2026-09-08T09:33:09Z,2026-09-14T07:33:56.993847+00:00,data analyst,Delhi,https://www.adzuna.in/details/5875204752?utm_medium=api&utm_source=f15ef5ad,
5875412846,Senior Business Analyst,Springer Nature,"Pune, Maharashtra",,,INR,IT Jobs,,2026-09-08T14:23:44Z,2026-09-14T07:33:56.993847+00:00,business analyst,Pune,https://www.adzuna.in/land/ad/5875412846?se=tkvErw6w8RGhe8--YZ_w9w&utm_medium=api&utm_source=f15ef5ad&v=2320B75C0D19E53404F77D64FCBC9A296C60F6B0,
5875419380,Executive Assistant,Uneecops Technologies,"New Delhi, Delhi",,,INR,IT Jobs,,2026-09-08T14:40:03Z,2026-09-14T07:33:56.993847+00:00,business analyst,Delhi,https://www.adzuna.in/land/ad/5875419380?se=WkU_qw6w8RGQCqo3hlJMDA&utm_medium=api&utm_source=f15ef5ad&v=4655A5BC8A9EBE4503BC3E58193D1E1E3C095921,SAP
5875419935,Web User Interface Developer,Alacriti,"Hyderabad, Telangana",,,INR,IT Jobs,,2026-09-08T14:41:55Z,2026-09-14T07:33:56.993847+00:00,business analyst,Hyderabad,https://www.adzuna.in/land/ad/5875419935?se=nickrw6w8RGVStDP6hg5Ow&utm_medium=api&utm_source=f15ef5ad&v=504BAE7A8BC7C957103A9F883EEE72E376A66B23,
5875448112,Senior Consultant - Business Analyst,WSP in India,"Mumbai, Maharashtra",,,INR,Engineering Jobs,,2026-09-08T16:11:56Z,2026-09-14T07:33:56.993847+00:00,business analyst,Mumbai,https://www.adzuna.in/details/5875448112?utm_medium=api&utm_source=f15ef5ad,
5875602676,Data Analyst - Data Governance,HDFC Bank,"Mumbai, Maharashtra",,,INR,IT Jobs,,2026-09-08T18:41:09Z,2026-09-14T07:33:56.993847+00:00,data analyst,Mumbai,https://www.adzuna.in/land/ad/5875602676?se=KhFSpw6w8RGLm6dGg6CjJQ&utm_medium=api&utm_source=f15ef5ad&v=E54EFF55103373DF337566C68B1E0FD61588B9CB,
5875610344,Business Analyst - Chandigarh,ThoughtGreen Technologies,"Kyasaram, Hyderabad",700000.0,700000.0,INR,IT Jobs,permanent,2026-09-08T19:20:17Z,2026-09-14T07:33:56.993847+00:00,business analyst,Hyderabad,https://www.adzuna.in/details/5875610344?utm_medium=api&utm_source=f15ef5ad,
5875721142,Payment Lifecycle Specialist,JPMorganChase,"Mumbai, Maharashtra",,,INR,Accounting & Finance Jobs,,2026-09-08T21:19:48Z,2026-09-14T07:33:56.993847+00:00,data analyst,Mumbai,https://www.adzuna.in/details/5875721142?utm_medium=api&utm_source=f15ef5ad,
5875723980,[DT] : Tableau Developer (Mumbai),Software Engineering Firm,"Mumbai, Maharashtra",,,INR,IT Jobs,,2026-09-08T21:24:48Z,2026-09-14T07:33:56.993847+00:00,data analyst,Mumbai,https://www.adzuna.in/details/5875723980?utm_medium=api&utm_source=f15ef5ad,Tableau
5876455051,Business Analyst,Masai,"Bangalore, Karnataka",1500000.0,2000000.0,INR,IT Jobs,permanent,2026-09-09T07:07:08Z,2026-09-14T07:33:56.993847+00:00,business analyst,Bangalore,https://www.adzuna.in/details/5876455051?utm_medium=api&utm_source=f15ef5ad,
5876455133,QA Analyst cum Business Analyst,Victrix Systems & Labs,"Mumbai, Maharashtra",800000.0,1200000.0,INR,IT Jobs,permanent,2026-09-09T07:07:09Z,2026-09-14T07:33:56.993847+00:00,business analyst,Mumbai,https://www.adzuna.in/details/5876455133?utm_medium=api&utm_source=f15ef5ad,
5876480303,Data Analyst,Red Hat,"Pune, Maharashtra",,,INR,IT Jobs,,2026-09-09T07:37:36Z,2026-09-14T07:33:56.993847+00:00,data analyst,Pune,https://www.adzuna.in/details/5876480303?utm_medium=api&utm_source=f15ef5ad,
5876480359,Business Analyst,C1,"Hyderabad, Telangana",,,INR,IT Jobs,,2026-09-09T07:37:40Z,2026-09-14T07:33:56.993847+00:00,business analyst,Hyderabad,https://www.adzuna.in/details/5876480359?utm_medium=api&utm_source=f15ef5ad,
5876480361,Data Analyst,C1,"Hyderabad, Telangana",,,INR,IT Jobs,,2026-09-09T07:37:40Z,2026-09-14T07:33:56.993847+00:00,data analyst,Hyderabad,https://www.adzuna.in/details/5876480361?utm_medium=api&utm_source=f15ef5ad,
5876482364,Business Analyst,The Digital Group Infotech,"Pune, Maharashtra",,,INR,IT Jobs,,2026-09-09T07:39:32Z,2026-09-14T07:33:56.993847+00:00,business analyst,Pune,https://www.adzuna.in/details/5876482364?utm_medium=api&utm_source=f15ef5ad,
5876604646,Data & Integration Analyst,BOLD Business,"Pune, Maharashtra",,,INR,IT Jobs,permanent,2026-09-09T09:23:01Z,2026-09-14T07:33:56.993847+00:00,data analyst,Pune,https://www.adzuna.in/details/5876604646?utm_medium=api&utm_source=f15ef5ad,
5876645017,Senior Software Engineer (Backend),Wise,"Hyderabad, Telangana",,,INR,Engineering Jobs,,2026-09-09T10:19:31Z,2026-09-14T07:33:56.993847+00:00,data analyst,Hyderabad,https://www.adzuna.in/land/ad/5876645017?se=3uVnqQ6w8RG-YIQ5Ljn0Yg&utm_medium=api&utm_source=f15ef5ad&v=A1FE3A75D6892C7755DB781F5A29A454EB5CBCC4,
5876645020,"ETL Pentaho Developer, AS",Deutsche Bank,"Bangalore, Karnataka",,,INR,IT Jobs,,2026-09-09T10:19:31Z,2026-09-14T07:33:56.993847+00:00,business analyst,Bangalore,https://www.adzuna.in/land/ad/5876645020?se=ghEsrA6w8RGLm6dGg6CjJQ&utm_medium=api&utm_source=f15ef5ad&v=9FCFA3653FD1C2305D707E7BE62953ED0E500785,ETL
5876645051,Data Analyst,Cornerstone OnDemand,"Pune, Maharashtra",,,INR,IT Jobs,,2026-09-09T10:19:37Z,2026-09-14T07:33:56.993847+00:00,data analyst,Pune,https://www.adzuna.in/land/ad/5876645051?se=9CD4qQ6w8RGQCqo3hlJMDA&utm_medium=api&utm_source=f15ef5ad&v=631925FDE58F85DB10B5F3F2B9DA1B57320F62F0,
5876718084,Data Analyst,Cornerstone onDemand,"Hyderabad, Telangana",,,INR,IT Jobs,,2026-09-09T11:07:12Z,2026-09-14T07:33:56.993847+00:00,data analyst,Hyderabad,https://www.adzuna.in/details/5876718084?utm_medium=api&utm_source=f15ef5ad,
5876718085,Data Analyst,Cornerstone onDemand,"Pune, Maharashtra",,,INR,IT Jobs,,2026-09-09T11:07:12Z,2026-09-14T07:33:56.993847+00:00,data analyst,Pune,https://www.adzuna.in/details/5876718085?utm_medium=api&utm_source=f15ef5ad,
5876869978,Data Analyst,Ignisov Consulting Services,"Bangalore, Karnataka",,,INR,IT Jobs,,2026-09-09T14:44:26Z,2026-09-14T07:33:56.993847+00:00,data analyst,Bangalore,https://www.adzuna.in/land/ad/5876869978?se=lBYqpg6w8RGw3foOHxJxCQ&utm_medium=api&utm_source=f15ef5ad&v=072D1CE1CC72D0FC85E89D98E0B5C45236CC78D8,Azure|ETL|Looker|Power BI|Python|SAP|SQL|Tableau
5876872322,Head Customer Success [T500-29223],Talent500,"Mumbai, Maharashtra",,,INR,IT Jobs,,2026-09-09T14:45:57Z,2026-09-14T07:33:56.993847+00:00,business analyst,Mumbai,https://www.adzuna.in/land/ad/5876872322?se=4M1qrQ6w8RG-YIQ5Ljn0Yg&utm_medium=api&utm_source=f15ef5ad&v=F12D368D728001490CE6B862B77E18AB7B91627F,
5876872332,"Senior Business Intelligence Analyst, Global Sales",Getinge,"Mumbai, Maharashtra",,,INR,IT Jobs,,2026-09-09T14:45:58Z,2026-09-14T07:33:56.993847+00:00,business analyst,Mumbai,https://www.adzuna.in/land/ad/5876872332?se=4M1qrQ6w8RG-YIQ5Ljn0Yg&utm_medium=api&utm_source=f15ef5ad&v=4FD7E5808E71F09FD7A03DDC7F371FFF8ECC3D69,Power BI
5876872759,ETL Developer,Horizon Industries International Limited,"Delhi, India",,,INR,IT Jobs,,2026-09-09T14:46:39Z,2026-09-14T07:33:56.993847+00:00,business analyst,Delhi,https://www.adzuna.in/land/ad/5876872759?se=WkU_qw6w8RGQCqo3hlJMDA&utm_medium=api&utm_source=f15ef5ad&v=9146BE027A1C75CFE94829F4BC2FB1B0C3DE7E80,ETL|Power BI|Python|SQL
5876949352,Senior Data Analyst,Unison Group,"Bangalore, Karnataka",,,INR,IT Jobs,,2026-09-09T16:12:53Z,2026-09-14T07:33:56.993847+00:00,data analyst,Bangalore,https://www.adzuna.in/details/5876949352?utm_medium=api&utm_source=f15ef5ad,SAP|SQL
5877184281,"Spclst , Solution Architecture",MSD,"Hyderabad, Telangana",,,INR,IT Jobs,,2026-09-09T20:23:55Z,2026-09-14T07:33:56.993847+00:00,business analyst,Hyderabad,https://www.adzuna.in/land/ad/5877184281?se=uMSGrg6w8RG-FLx_YfIXKQ&utm_medium=api&utm_source=f15ef5ad&v=8E21052A82009DE27AC99A2FAE7ACF4B399B13B2,
5877284557,Reference Data Analyst,JPMorganChase,"Hyderabad, Telangana",,,INR,Accounting & Finance Jobs,,2026-09-09T21:30:57Z,2026-09-14T07:33:56.993847+00:00,data analyst,Hyderabad,https://www.adzuna.in/details/5877284557?utm_medium=api&utm_source=f15ef5ad,
5877292374,QA Business Analyst,Verisk Analytics,"Hyderabad, Telangana",,,INR,IT Jobs,,2026-09-09T21:36:06Z,2026-09-14T07:33:56.993847+00:00,business analyst,Hyderabad,https://www.adzuna.in/details/5877292374?utm_medium=api&utm_source=f15ef5ad,
5877293479,Data Analyst,Cornerstone OnDemand,"Pune, Maharashtra",,,INR,IT Jobs,,2026-09-09T21:36:43Z,2026-09-14T07:33:56.993847+00:00,data analyst,Pune,https://www.adzuna.in/details/5877293479?utm_medium=api&utm_source=f15ef5ad,
5877452336,DVP - Data Science AI,IndiaFirst Life,"Mumbai, Maharashtra",,,INR,IT Jobs,,2026-09-10T00:58:53Z,2026-09-14T07:33:56.993847+00:00,data analyst,Mumbai,https://www.adzuna.in/land/ad/5877452336?se=KhFSpw6w8RGLm6dGg6CjJQ&utm_medium=api&utm_source=f15ef5ad&v=C389ADE3462A8F960BCEB9BFB3D8C01182D8F284,Machine Learning|Scikit-learn|TensorFlow
5877457586,Product Engineer,Tata Consultancy Services,"Bangalore, Karnataka",,,INR,IT Jobs,,2026-09-10T01:02:14Z,2026-09-14T07:33:56.993847+00:00,business analyst,Bangalore,https://www.adzuna.in/land/ad/5877457586?se=ghEsrA6w8RGLm6dGg6CjJQ&utm_medium=api&utm_source=f15ef5ad&v=A14CED592D4B34873442580D9DF3726BE1658AC5,AWS|Kafka
5877457660,Quality Engineering Lead (US Healthcare Revenue Cycle Management (RCM),Sagility,"Hyderabad, Telangana",,,INR,IT Jobs,,2026-09-10T01:02:53Z,2026-09-14T07:33:56.993847+00:00,business analyst,Hyderabad,https://www.adzuna.in/land/ad/5877457660?se=nickrw6w8RGVStDP6hg5Ow&utm_medium=api&utm_source=f15ef5ad&v=3E0B2B73C7E73E6727406D011208E9E02973EDEB,
5877829076,Data Analyst,Virtual Connect Solutions,"Delhi, India",700000.0,1200000.0,INR,IT Jobs,,2026-09-10T07:03:45Z,2026-09-14T07:33:56.993847+00:00,data analyst,Delhi,https://www.adzuna.in/details/5877829076?utm_medium=api&utm_source=f15ef5ad,ETL|Power BI|Python|SQL
5877842298,Travel Business Analyst,Cybage Software Private Limited,"Pune, Maharashtra",,,INR,IT Jobs,,2026-09-10T07:36:43Z,2026-09-14T07:33:56.993847+00:00,business analyst,Pune,https://www.adzuna.in/details/5877842298?utm_medium=api&utm_source=f15ef5ad,
5877844187,Senior Data Analyst 1,ModMed Technologies India Private Lid,"Hyderabad, Telangana",,,INR,IT Jobs,,2026-09-10T07:37:22Z,2026-09-14T07:33:56.993847+00:00,data analyst,Hyderabad,https://www.adzuna.in/details/5877844187?utm_medium=api&utm_source=f15ef5ad,Looker|Power BI|Tableau
5877845353,Technical Business Analyst,Nihilent,"Pune, Maharashtra",,,INR,IT Jobs,,2026-09-10T07:38:48Z,2026-09-14T07:33:56.993847+00:00,business analyst,Pune,https://www.adzuna.in/details/5877845353?utm_medium=api&utm_source=f15ef5ad,
5877845358,Data Analyst - Technical Data PM,Nihilent,"Pune, Maharashtra",,,INR,IT Jobs,,2026-09-10T07:38:49Z,2026-09-14T07:33:56.993847+00:00,data analyst,Pune,https://www.adzuna.in/details/5877845358?utm_medium=api&utm_source=f15ef5ad,
5877845375,Data/BI/Business Analyst,Nihilent,"Pune, Maharashtra",,,INR,IT Jobs,,2026-09-10T07:38:50Z,2026-09-14T07:33:56.993847+00:00,data analyst,Pune,https://www.adzuna.in/details/5877845375?utm_medium=api&utm_source=f15ef5ad,
5878037718,Senior Data Analyst,"RealPage, Inc.","Kyasaram, Hyderabad",,,INR,IT Jobs,,2026-09-10T10:59:00Z,2026-09-14T07:33:56.993847+00:00,data analyst,Hyderabad,https://www.adzuna.in/details/5878037718?utm_medium=api&utm_source=f15ef5ad,
5878058842,IND Staff Data Analyst,The Hartford,"Hyderabad, Telangana",,,INR,IT Jobs,,2026-09-10T11:09:03Z,2026-09-14T07:33:56.993847+00:00,data analyst,Hyderabad,https://www.adzuna.in/details/5878058842?utm_medium=api&utm_source=f15ef5ad,
5878060378,"Sr. Analyst, Global Data Science Supply Chain",Colgate-Palmolive,"Mumbai, Maharashtra",,,INR,IT Jobs,,2026-09-10T11:10:23Z,2026-09-14T07:33:56.993847+00:00,data analyst,Mumbai,https://www.adzuna.in/details/5878060378?utm_medium=api&utm_source=f15ef5ad,
5878550575,Business Analyst,Version 1,"Mumbai, Maharashtra",,,INR,IT Jobs,,2026-09-10T20:15:14Z,2026-09-14T07:33:56.993847+00:00,business analyst,Mumbai,https://www.adzuna.in/details/5878550575?utm_medium=api&utm_source=f15ef5ad,
5878710554,IT ServiceMax Data Developer,Johnson Controls,"Pune, Maharashtra",,,INR,IT Jobs,,2026-09-10T21:40:33Z,2026-09-14T07:33:56.993847+00:00,data analyst,Pune,https://www.adzuna.in/details/5878710554?utm_medium=api&utm_source=f15ef5ad,
5878873558,"Specialist , Data Engineering",MSD,"Hyderabad, Telangana",,,INR,IT Jobs,,2026-09-11T02:23:32Z,2026-09-14T07:33:56.993847+00:00,data analyst,Hyderabad,https://www.adzuna.in/land/ad/5878873558?se=3uVnqQ6w8RG-YIQ5Ljn0Yg&utm_medium=api&utm_source=f15ef5ad&v=E6BEB25A6A51D19C680B2193042080E5E9EE7DB0,
5878873597,"Spcialist , Data Engineering",MSD,"Hyderabad, Telangana",,,INR,IT Jobs,,2026-09-11T02:23:38Z,2026-09-14T07:33:56.993847+00:00,data analyst,Hyderabad,https://www.adzuna.in/land/ad/5878873597?se=3uVnqQ6w8RG-YIQ5Ljn0Yg&utm_medium=api&utm_source=f15ef5ad&v=F3192203A922916D9C5F8EA9A3EC3EA87EB84776,
5878873610,"Associalte Specialist , Data Engineering",MSD,"Hyderabad, Telangana",,,INR,IT Jobs,,2026-09-11T02:23:42Z,2026-09-14T07:33:56.993847+00:00,data analyst,Hyderabad,https://www.adzuna.in/land/ad/5878873610?se=3uVnqQ6w8RG-YIQ5Ljn0Yg&utm_medium=api&utm_source=f15ef5ad&v=F5DADD406FD6313AE207040E43678D4C2832E488,
5878873611,"Associate Specialist , Data Engineering",MSD,"Hyderabad, Telangana",,,INR,IT Jobs,,2026-09-11T02:23:42Z,2026-09-14T07:33:56.993847+00:00,data analyst,Hyderabad,https://www.adzuna.in/land/ad/5878873611?se=3uVnqQ6w8RG-YIQ5Ljn0Yg&utm_medium=api&utm_source=f15ef5ad&v=E1C798285AD390550C411956B5C7ACF6AFDFEBCE,
5878873616,"Senior Specialist, Business Insights & Analytics",MSD,"Mumbai, Maharashtra",,,INR,"PR, Advertising & Marketing Jobs",,2026-09-11T02:23:43Z,2026-09-14T07:33:56.993847+00:00,data analyst,Mumbai,https://www.adzuna.in/land/ad/5878873616?se=Qpb6pw6w8RG-YIQ5Ljn0Yg&utm_medium=api&utm_source=f15ef5ad&v=0BBD75427B5C3B4F889F9147917977D0A6FA6B05,
5878873648,"Specialist, Data Science",MSD,"Pune, Maharashtra",,,INR,IT Jobs,,2026-09-11T02:23:47Z,2026-09-14T07:33:56.993847+00:00,data analyst,Pune,https://www.adzuna.in/land/ad/5878873648?se=9CD4qQ6w8RGQCqo3hlJMDA&utm_medium=api&utm_source=f15ef5ad&v=8512D9F637F13A5DB4E804077F61755BCE672719,
5878873655,"Senior Specialist , Technology Partnership",MSD,"Mumbai, Maharashtra",,,INR,IT Jobs,,2026-09-11T02:23:47Z,2026-09-14T07:33:56.993847+00:00,business analyst,Mumbai,https://www.adzuna.in/land/ad/5878873655?se=5LH1rQ6w8RGhe8--YZ_w9w&utm_medium=api&utm_source=f15ef5ad&v=37ADE28B8BBB22671DBF65269A6644CE7C745AE1,
5879141032,BUSINESS ANALYST – PROCUREMENT TRANSFORMATION,Vrinda International,"Pune, Maharashtra",1200000.0,1500000.0,INR,IT Jobs,contract,2026-09-11T07:38:39Z,2026-09-14T07:33:56.993847+00:00,business analyst,Pune,https://www.adzuna.in/details/5879141032?utm_medium=api&utm_source=f15ef5ad,
5879148827,Data Analyst IV,Aditi Tech Consulting Private Limited,"Hyderabad, Telangana",,,INR,IT Jobs,,2026-09-11T07:42:19Z,2026-09-14T07:33:56.993847+00:00,data analyst,Hyderabad,https://www.adzuna.in/details/5879148827?utm_medium=api&utm_source=f15ef5ad,
5879392072,Business Finance Senior Analyst,Deutsche Bank,"Mumbai, Maharashtra",,,INR,Accounting & Finance Jobs,,2026-09-11T12:21:24Z,2026-09-14T07:33:56.993847+00:00,business analyst,Mumbai,https://www.adzuna.in/land/ad/5879392072?se=4M1qrQ6w8RG-YIQ5Ljn0Yg&utm_medium=api&utm_source=f15ef5ad&v=C8BCF1FCA8659DE97BD18F539AD49FF5F5772116,
5879406597,Freelance Data Engineer – AI Sales Development Representative,thehivecareers.co,"Pune, Maharashtra",,,INR,IT Jobs,contract,2026-09-11T13:01:08Z,2026-09-14T07:33:56.993847+00:00,data analyst,Pune,https://www.adzuna.in/details/5879406597?utm_medium=api&utm_source=f15ef5ad,
5879406600,Freelance Data Engineer – AI Sales Development Representative,thehivecareers.co,"Delhi, India",,,INR,IT Jobs,contract,2026-09-11T13:01:09Z,2026-09-14T07:33:56.993847+00:00,data analyst,Delhi,https://www.adzuna.in/details/5879406600?utm_medium=api&utm_source=f15ef5ad,
5879406608,Freelance Data Engineer – AI Sales Development Representative,thehivecareers.co,"Mumbai, Maharashtra",,,INR,IT Jobs,contract,2026-09-11T13:01:09Z,2026-09-14T07:33:56.993847+00:00,data analyst,Mumbai,https://www.adzuna.in/details/5879406608?utm_medium=api&utm_source=f15ef5ad,
5879552231,Data Analyst,Weekday AI,"Bangalore, Karnataka",,,INR,IT Jobs,,2026-09-11T16:13:31Z,2026-09-14T07:33:56.993847+00:00,data analyst,Bangalore,https://www.adzuna.in/details/5879552231?utm_medium=api&utm_source=f15ef5ad,
5879552361,Senior Data Scientist - Credit Risk,Funding Societies | Modalku Group,"Delhi, India",,,INR,IT Jobs,,2026-09-11T16:13:32Z,2026-09-14T07:33:56.993847+00:00,data analyst,Delhi,https://www.adzuna.in/details/5879552361?utm_medium=api&utm_source=f15ef5ad,
5879561813,Data Analyst,Nineleaps,"Bangalore, Karnataka",,,INR,IT Jobs,,2026-09-11T16:16:13Z,2026-09-14T07:33:56.993847+00:00,data analyst,Bangalore,https://www.adzuna.in/details/5879561813?utm_medium=api&utm_source=f15ef5ad,
5879657384,Sr. Data Analyst – SDM,Aceolution,"Hyderabad, Telangana",,,INR,IT Jobs,,2026-09-11T17:11:16Z,2026-09-14T07:33:56.993847+00:00,data analyst,Hyderabad,https://www.adzuna.in/land/ad/5879657384?se=NuvEqA6w8RGw3foOHxJxCQ&utm_medium=api&utm_source=f15ef5ad&v=B6252D7AB29A2E2D48796345BBF8D886FE2D7780,SQL
5879657779,Enterprise Architect – Offshore,Datamatics,"Mumbai, Maharashtra",,,INR,IT Jobs,,2026-09-11T17:11:21Z,2026-09-14T07:33:56.993847+00:00,business analyst,Mumbai,https://www.adzuna.in/land/ad/5879657779?se=4M1qrQ6w8RG-YIQ5Ljn0Yg&utm_medium=api&utm_source=f15ef5ad&v=9E3E1AF61AEB1EA24B79DF043F06E24D90436DD9,
5879658301,Business Intelligence Analyst,Victoria’s Secret & Co.,"Bangalore, Karnataka",,,INR,IT Jobs,contract,2026-09-11T17:11:32Z,2026-09-14T07:33:56.993847+00:00,business analyst,Bangalore,https://www.adzuna.in/land/ad/5879658301?se=ghEsrA6w8RGLm6dGg6CjJQ&utm_medium=api&utm_source=f15ef5ad&v=528E06E350124A34C3E57228BB3E06C819A4AF13,
5879658434,Azure Data Engineer,KPI Partners,"Bangalore, Karnataka",,,INR,IT Jobs,,2026-09-11T17:11:34Z,2026-09-14T07:33:56.993847+00:00,data analyst,Bangalore,https://www.adzuna.in/land/ad/5879658434?se=Hhavpg6w8RG-FLx_YfIXKQ&utm_medium=api&utm_source=f15ef5ad&v=33A7B39D491DD12E54B73177D290BEBE4205F25E,Azure|Python|SQL
5879662977,Engagement Manager,GoodSpace AI,"Mumbai, Maharashtra",,,INR,IT Jobs,,2026-09-11T17:12:54Z,2026-09-14T07:33:56.993847+00:00,business analyst,Mumbai,https://www.adzuna.in/land/ad/5879662977?se=4M1qrQ6w8RG-YIQ5Ljn0Yg&utm_medium=api&utm_source=f15ef5ad&v=EB72B7A3F9C2B053F830E8DC703ED9F1D3729C44,
5879662990,Lead Data Engineer,ThinkWise Consulting LLP,"Hyderabad, Telangana",,,INR,IT Jobs,,2026-09-11T17:12:54Z,2026-09-14T07:33:56.993847+00:00,data analyst,Hyderabad,https://www.adzuna.in/land/ad/5879662990?se=3uVnqQ6w8RG-YIQ5Ljn0Yg&utm_medium=api&utm_source=f15ef5ad&v=808BD2C02D13DAC9A53964B191B19713EBFC5BCC,ETL|Python|SQL|Snowflake
5879663245,Technology Innovation & Automation Analyst,WiZTREE Consulting,"New Delhi, Delhi",,,INR,IT Jobs,contract,2026-09-11T17:13:04Z,2026-09-14T07:33:56.993847+00:00,business analyst,Delhi,https://www.adzuna.in/land/ad/5879663245?se=WkU_qw6w8RGQCqo3hlJMDA&utm_medium=api&utm_source=f15ef5ad&v=2C9AC1CC1EC7E4D3688A5514C2C5881E1A4A5526,
5879664856,Senior Data Engineer,Latinem Private Limited,"Hyderabad, Telangana",,,INR,IT Jobs,,2026-09-11T17:13:30Z,2026-09-14T07:33:56.993847+00:00,data analyst,Hyderabad,https://www.adzuna.in/land/ad/5879664856?se=NuvEqA6w8RGw3foOHxJxCQ&utm_medium=api&utm_source=f15ef5ad&v=756A6D8C2AAA53628A9BE32BCE0D23C25866D269,
5879664973,Business Data Analyst,VOLTO Consulting,"Bangalore, Karnataka",,,INR,IT Jobs,,2026-09-11T17:13:33Z,2026-09-14T07:33:56.993847+00:00,data analyst,Bangalore,https://www.adzuna.in/land/ad/5879664973?se=lBYqpg6w8RGw3foOHxJxCQ&utm_medium=api&utm_source=f15ef5ad&v=2C0A57227B7AEDBD978559174DBC851C0B4B7E2C,GitHub|Power BI
5879665110,GTM Data & AI Analyst - Night Shift,Orcaworks,"Hyderabad, Telangana",,,INR,IT Jobs,,2026-09-11T17:13:38Z,2026-09-14T07:33:56.993847+00:00,data analyst,Hyderabad,https://www.adzuna.in/land/ad/5879665110?se=NuvEqA6w8RGw3foOHxJxCQ&utm_medium=api&utm_source=f15ef5ad&v=F8882EAC34301360D7E0318E9721F6B941F223E8,
5879665648,Senior Business Intelligence Analyst,Victoria’s Secret & Co.,"Bangalore, Karnataka",,,INR,IT Jobs,,2026-09-11T17:14:21Z,2026-09-14T07:33:56.993847+00:00,business analyst,Bangalore,https://www.adzuna.in/land/ad/5879665648?se=ghEsrA6w8RGLm6dGg6CjJQ&utm_medium=api&utm_source=f15ef5ad&v=BE53E10634242AA94C652C452DC763973567DBD4,
5879665881,Business Intelligence Analyst,Omnicom Global Solutions,"Bangalore, Karnataka",,,INR,IT Jobs,,2026-09-11T17:14:33Z,2026-09-14T07:33:56.993847+00:00,business analyst,Bangalore,https://www.adzuna.in/land/ad/5879665881?se=ghEsrA6w8RGLm6dGg6CjJQ&utm_medium=api&utm_source=f15ef5ad&v=F9E29EEA689E9617FBDD74921184FF4A8F5105CA,
5879668335,Azure Data Engineer,Tata Consultancy Services,"Bangalore, Karnataka",,,INR,IT Jobs,,2026-09-11T17:16:26Z,2026-09-14T07:33:56.993847+00:00,business analyst,Bangalore,https://www.adzuna.in/land/ad/5879668335?se=ghEsrA6w8RGLm6dGg6CjJQ&utm_medium=api&utm_source=f15ef5ad&v=CD6E4D18C7E33E8AFD240AD6754C338232E940D7,Azure|ETL|Python|SQL
5879668539,Data Analyst,Lonza,"Hyderabad, Telangana",,,INR,IT Jobs,,2026-09-11T17:16:32Z,2026-09-14T07:33:56.993847+00:00,data analyst,Hyderabad,https://www.adzuna.in/land/ad/5879668539?se=NuvEqA6w8RGw3foOHxJxCQ&utm_medium=api&utm_source=f15ef5ad&v=520AA2FCBF8F78706C4F65D0128E3B1DA99EC4B3,
5879668991,Business Analyst (Enterprise Cyber Security Resilience ),Tesslogs IT Solutions,"Bangalore, Karnataka",,,INR,IT Jobs,,2026-09-11T17:16:40Z,2026-09-14T07:33:56.993847+00:00,business analyst,Bangalore,https://www.adzuna.in/land/ad/5879668991?se=ghEsrA6w8RGLm6dGg6CjJQ&utm_medium=api&utm_source=f15ef5ad&v=515DC1E82F65E00627C9042936058E5B7EB0F35D,
5879669811,Lead – Analyst & Advisor Relations,Mastek,"Mumbai, Maharashtra",,,INR,Accounting & Finance Jobs,,2026-09-11T17:16:51Z,2026-09-14T07:33:56.993847+00:00,business analyst,Mumbai,https://www.adzuna.in/land/ad/5879669811?se=5LH1rQ6w8RGhe8--YZ_w9w&utm_medium=api&utm_source=f15ef5ad&v=0CA74A8B88275F25A8583E4D406781BBC0E77B4A,
5879671139,Azure Data Engineer,Tata Consultancy Services,"Hyderabad, Telangana",,,INR,IT Jobs,,2026-09-11T17:17:16Z,2026-09-14T07:33:56.993847+00:00,data analyst,Hyderabad,https://www.adzuna.in/land/ad/5879671139?se=3uVnqQ6w8RG-YIQ5Ljn0Yg&utm_medium=api&utm_source=f15ef5ad&v=195099C2F04853363BCC0176AB65DC578ABFA2C3,Azure|ETL|Python|SQL
5879929502,Manager Business Finance - Hitachi Payment Services Pvt. Ltd.,Hitachi,"Mumbai, Maharashtra",,,INR,IT Jobs,,2026-09-11T21:31:38Z,2026-09-14T07:33:56.993847+00:00,data analyst,Mumbai,https://www.adzuna.in/details/5879929502?utm_medium=api&utm_source=f15ef5ad,
5879936056,Senior Associate- Business Analyst,Davies,"Pune, Maharashtra",,,INR,IT Jobs,,2026-09-11T21:34:56Z,2026-09-14T07:33:56.993847+00:00,business analyst,Pune,https://www.adzuna.in/details/5879936056?utm_medium=api&utm_source=f15ef5ad,
5879948172,Reference Data Analyst,JPMorganChase,"Hyderabad, Telangana",,,INR,IT Jobs,,2026-09-11T21:45:05Z,2026-09-14T07:33:56.993847+00:00,data analyst,Hyderabad,https://www.adzuna.in/details/5879948172?utm_medium=api&utm_source=f15ef5ad,
5880001632,Infra Engineer,Standard Chartered Bank,"Bangalore, Karnataka",,,INR,IT Jobs,,2026-09-11T22:27:37Z,2026-09-14T07:33:56.993847+00:00,business analyst,Bangalore,https://www.adzuna.in/land/ad/5880001632?se=ghEsrA6w8RGLm6dGg6CjJQ&utm_medium=api&utm_source=f15ef5ad&v=E76456D2C01B332E21C551D7A1214420188D48A2,
5880001880,"Senior Specialist, Data Analysis",MSD,"Hyderabad, Telangana",,,INR,IT Jobs,,2026-09-11T22:27:44Z,2026-09-14T07:33:56.993847+00:00,data analyst,Hyderabad,https://www.adzuna.in/land/ad/5880001880?se=3uVnqQ6w8RG-YIQ5Ljn0Yg&utm_medium=api&utm_source=f15ef5ad&v=765179730552EB82EEADEE4E123318C23E3F8F2A,
5880049436,Business Analyst,Acme Services Private Limited,"Richmond Town, Bangalore",1900000.0,2000000.0,INR,IT Jobs,,2026-09-11T23:41:39Z,2026-09-14T07:33:56.993847+00:00,business analyst,Bangalore,https://www.adzuna.in/details/5880049436?utm_medium=api&utm_source=f15ef5ad,Power BI|Python|SQL|Tableau
5880064440,Pyspark Role,Tata Consultancy Services,"Hyderabad, Telangana",,,INR,IT Jobs,,2026-09-12T01:04:56Z,2026-09-14T07:33:56.993847+00:00,data analyst,Hyderabad,https://www.adzuna.in/land/ad/5880064440?se=NuvEqA6w8RGw3foOHxJxCQ&utm_medium=api&utm_source=f15ef5ad&v=5ECB0AE2BD3ABA11AB908F132B9302F7186DE2F1,AWS
5880070268,Data Analytics - TL,Aceolution,"Hyderabad, Telangana",,,INR,IT Jobs,,2026-09-12T01:09:17Z,2026-09-14T07:33:56.993847+00:00,data analyst,Hyderabad,https://www.adzuna.in/land/ad/5880070268?se=NuvEqA6w8RGw3foOHxJxCQ&utm_medium=api&utm_source=f15ef5ad&v=73E047A648757A5363A821FEA289057FEC4A2FCE,SQL
5880070282,Senior Data Analyst,Tanla Platforms Limited,"Hyderabad, Telangana",,,INR,IT Jobs,,2026-09-12T01:09:17Z,2026-09-14T07:33:56.993847+00:00,data analyst,Hyderabad,https://www.adzuna.in/land/ad/5880070282?se=NuvEqA6w8RGw3foOHxJxCQ&utm_medium=api&utm_source=f15ef5ad&v=E8DC8A9A73AC64C793B0F5E2C5CAFD6FA1DD09E9,
5880458047,Business Analyst - Channel,Schneider Electric,"Mumbai, Maharashtra",,,INR,IT Jobs,permanent,2026-09-12T07:28:15Z,2026-09-14T07:33:56.993847+00:00,business analyst,Mumbai,https://www.adzuna.in/details/5880458047?utm_medium=api&utm_source=f15ef5ad,
5880458050,Business Analyst - Service,Schneider Electric,"Mumbai, Maharashtra",,,INR,IT Jobs,permanent,2026-09-12T07:28:15Z,2026-09-14T07:33:56.993847+00:00,business analyst,Mumbai,https://www.adzuna.in/details/5880458050?utm_medium=api&utm_source=f15ef5ad,
5880458051,Senior Analyst - Data Quality,Schneider Electric,"Mumbai, Maharashtra",,,INR,IT Jobs,permanent,2026-09-12T07:28:15Z,2026-09-14T07:33:56.993847+00:00,data analyst,Mumbai,https://www.adzuna.in/details/5880458051?utm_medium=api&utm_source=f15ef5ad,Machine Learning
5880523767,Staff Backend Engineer,Wise,"Hyderabad, Telangana",,,INR,IT Jobs,,2026-09-12T08:31:36Z,2026-09-14T07:33:56.993847+00:00,data analyst,Hyderabad,https://www.adzuna.in/land/ad/5880523767?se=NuvEqA6w8RGw3foOHxJxCQ&utm_medium=api&utm_source=f15ef5ad&v=19D202C3C6F1F5691A8ADF7CC017C85F6D5A9F8E,
5880672509,ERP Business Analyst,Roche,"Hyderabad, Telangana",,,INR,IT Jobs,,2026-09-12T11:12:02Z,2026-09-14T07:33:56.993847+00:00,business analyst,Hyderabad,https://www.adzuna.in/details/5880672509?utm_medium=api&utm_source=f15ef5ad,
5880673255,Data Analyst,S&P Global,"Hyderabad, Telangana",,,INR,Accounting & Finance Jobs,,2026-09-12T11:12:46Z,2026-09-14T07:33:56.993847+00:00,data analyst,Hyderabad,https://www.adzuna.in/details/5880673255?utm_medium=api&utm_source=f15ef5ad,
5880845469,Business Analyst,Metron Security Private Limited,"Pune, Maharashtra",,,INR,IT Jobs,,2026-09-12T16:12:16Z,2026-09-14T07:33:56.993847+00:00,business analyst,Pune,https://www.adzuna.in/details/5880845469?utm_medium=api&utm_source=f15ef5ad,
5880855267,Business Analyst - 12-Month Contract,one75mbhrm pvt ltd,"Delhi, India",,,INR,IT Jobs,,2026-09-12T16:13:43Z,2026-09-14T07:33:56.993847+00:00,business analyst,Delhi,https://www.adzuna.in/details/5880855267?utm_medium=api&utm_source=f15ef5ad,
5880949916,Functional Consultant – GST / Indirect Tax (Tax-Tech),Kevin Shah & Associates,"Mumbai, Maharashtra",,,INR,IT Jobs,,2026-09-12T17:19:08Z,2026-09-14T07:33:56.993847+00:00,business analyst,Mumbai,https://www.adzuna.in/land/ad/5880949916?se=4M1qrQ6w8RG-YIQ5Ljn0Yg&utm_medium=api&utm_source=f15ef5ad&v=9BA91C33D87F799D10F079028B117D088A141C1B,
5880950390,Presales Team Lead,Straive,"Mumbai, Maharashtra",,,INR,Sales Jobs,,2026-09-12T17:19:15Z,2026-09-14T07:33:56.993847+00:00,business analyst,Mumbai,https://www.adzuna.in/land/ad/5880950390?se=4M1qrQ6w8RG-YIQ5Ljn0Yg&utm_medium=api&utm_source=f15ef5ad&v=8C3A6A05957023F3D0456DB9987D44B14C7CF082,
5880950681,Sr Data Modeler,Texplorers Inc,"Hyderabad, Telangana",,,INR,IT Jobs,,2026-09-12T17:19:21Z,2026-09-14T07:33:56.993847+00:00,data analyst,Hyderabad,https://www.adzuna.in/land/ad/5880950681?se=3uVnqQ6w8RG-YIQ5Ljn0Yg&utm_medium=api&utm_source=f15ef5ad&v=C85CB26FF4271D1A9E03CACB9C67FD4D1C34B0A9,
5880951385,Back End Developer,Datum Technologies Group,"Mumbai, Maharashtra",,,INR,IT Jobs,,2026-09-12T17:19:38Z,2026-09-14T07:33:56.993847+00:00,business analyst,Mumbai,https://www.adzuna.in/land/ad/5880951385?se=4M1qrQ6w8RG-YIQ5Ljn0Yg&utm_medium=api&utm_source=f15ef5ad&v=ED9612B42D67D9AA5845FE3314AD2585F4C6D9CB,Azure|Kafka
5880953365,Data Analyst,Seth M. R. Jaipuria Schools,"New Delhi, Delhi",,,INR,IT Jobs,,2026-09-12T17:21:17Z,2026-09-14T07:33:56.993847+00:00,data analyst,Delhi,https://www.adzuna.in/land/ad/5880953365?se=qhVNpQ6w8RGVStDP6hg5Ow&utm_medium=api&utm_source=f15ef5ad&v=0466AA07EEAC4BFCA80C0A152649513CFC8381E4,Power BI
5881110349,Business Analyst (TPP)| Mumbai,CSB Bank,"Mumbai, Maharashtra",,,INR,Sales Jobs,,2026-09-12T21:12:32Z,2026-09-14T07:33:56.993847+00:00,business analyst,Mumbai,https://www.adzuna.in/details/5881110349?utm_medium=api&utm_source=f15ef5ad,
5881150960,Data Analyst Executive,BECO BECO,"Mumbai, Maharashtra",,,INR,IT Jobs,,2026-09-12T21:29:55Z,2026-09-14T07:33:56.993847+00:00,data analyst,Mumbai,https://www.adzuna.in/details/5881150960?utm_medium=api&utm_source=f15ef5ad,
5881155320,Business Analyst - Process Governance| Mumbai,CSB Bank,"Mumbai, Maharashtra",,,INR,IT Jobs,,2026-09-12T21:32:26Z,2026-09-14T07:33:56.993847+00:00,business analyst,Mumbai,https://www.adzuna.in/details/5881155320?utm_medium=api&utm_source=f15ef5ad,
5881759768,Automation Engineer,QualityKiosk Technologies,"Mumbai, Maharashtra",,,INR,IT Jobs,,2026-09-13T01:06:51Z,2026-09-14T07:33:56.993847+00:00,business analyst,Mumbai,https://www.adzuna.in/land/ad/5881759768?se=4M1qrQ6w8RG-YIQ5Ljn0Yg&utm_medium=api&utm_source=f15ef5ad&v=F2ACF5DBB4B477AC83B7AAC149C471C3B76B4319,
5881760260,Automation Engineer,QualityKiosk Technologies,"Mumbai, Maharashtra",,,INR,IT Jobs,,2026-09-13T01:07:03Z,2026-09-14T07:33:56.993847+00:00,business analyst,Mumbai,https://www.adzuna.in/land/ad/5881760260?se=4M1qrQ6w8RG-YIQ5Ljn0Yg&utm_medium=api&utm_source=f15ef5ad&v=3603C1FEEC8EC86EB1CA319AA467413FA472B55A,Python
5881760267,Project Manager (.NET / D365 CRM),Happiest Minds Technologies,"Bangalore, Karnataka",,,INR,IT Jobs,,2026-09-13T01:07:03Z,2026-09-14T07:33:56.993847+00:00,business analyst,Bangalore,https://www.adzuna.in/land/ad/5881760267?se=cJjFrA6w8RGhe8--YZ_w9w&utm_medium=api&utm_source=f15ef5ad&v=2C1DFC815D49F8BE18F0572275242786F74996C6,
5881766890,Capital Market Specialist,Innova ESI,"Delhi, India",,,INR,IT Jobs,,2026-09-13T01:09:05Z,2026-09-14T07:33:56.993847+00:00,business analyst,Delhi,https://www.adzuna.in/land/ad/5881766890?se=WkU_qw6w8RGQCqo3hlJMDA&utm_medium=api&utm_source=f15ef5ad&v=9DEC77F293EECF63F4E4F0A5FE11C7B45CA99F17,
5881770943,Operations and data analyst,Roology HQ,"Mumbai, Maharashtra",,,INR,Admin Jobs,,2026-09-13T01:10:21Z,2026-09-14T07:33:56.993847+00:00,data analyst,Mumbai,https://www.adzuna.in/land/ad/5881770943?se=KhFSpw6w8RGLm6dGg6CjJQ&utm_medium=api&utm_source=f15ef5ad&v=A1EFA82775AF98ADD742F053620F472D7FFB12BD,
5882087297,Data / Business Analyst,Innovkaro Solutions LLP,"Bangalore, Karnataka",180000.0,300000.0,INR,IT Jobs,permanent,2026-09-13T07:04:36Z,2026-09-14T07:33:56.993847+00:00,business analyst,Bangalore,https://www.adzuna.in/details/5882087297?utm_medium=api&utm_source=f15ef5ad,
5882108582,Business Analyst,ascendion,"Pune, Maharashtra",,,INR,IT Jobs,,2026-09-13T07:42:15Z,2026-09-14T07:33:56.993847+00:00,data analyst,Pune,https://www.adzuna.in/details/5882108582?utm_medium=api&utm_source=f15ef5ad,
5882108588,Lead Business Analyst,lykora consulting services private limited,"Mumbai, Maharashtra",,,INR,IT Jobs,,2026-09-13T07:42:16Z,2026-09-14T07:33:56.993847+00:00,business analyst,Mumbai,https://www.adzuna.in/details/5882108588?utm_medium=api&utm_source=f15ef5ad,
5882244372,Lead - Business Analyst,StoneX,"Vadgaon Sheri, Pune",,,INR,IT Jobs,,2026-09-13T10:58:34Z,2026-09-14T07:33:56.993847+00:00,business analyst,Pune,https://www.adzuna.in/details/5882244372?utm_medium=api&utm_source=f15ef5ad,
5882277084,Senior Data Analyst,UnitedHealth Group,"Hyderabad, Telangana",,,INR,IT Jobs,,2026-09-13T11:17:43Z,2026-09-14T07:33:56.993847+00:00,data analyst,Hyderabad,https://www.adzuna.in/details/5882277084?utm_medium=api&utm_source=f15ef5ad,
5882337120,Quality Analyst - Data Review Expert,Mercor,"Mumbai, Maharashtra",,,INR,IT Jobs,contract,2026-09-13T13:06:15Z,2026-09-14T07:33:56.993847+00:00,data analyst,Mumbai,https://www.adzuna.in/details/5882337120?utm_medium=api&utm_source=f15ef5ad,
5882426600,"Senior Engineer, COBOL– Home Loan Savings, AVP",Deutsche Bank,"Pune, Maharashtra",,,INR,IT Jobs,,2026-09-13T14:31:34Z,2026-09-14T07:33:56.993847+00:00,business analyst,Pune,https://www.adzuna.in/land/ad/5882426600?se=XuJSsA6w8RGVStDP6hg5Ow&utm_medium=api&utm_source=f15ef5ad&v=7EDEA2DA56D37B1AC1C712831F06CB2A941C595A,
5882499682,Data Analyst Fintech,EXL,"Bangalore, Karnataka",,,INR,IT Jobs,,2026-09-13T16:12:49Z,2026-09-14T07:33:56.993847+00:00,data analyst,Bangalore,https://www.adzuna.in/details/5882499682?utm_medium=api&utm_source=f15ef5ad,
5882595924,Lead Data Analyst - Cyber Incident Review.,Epiq,"Hyderabad, Telangana",,,INR,IT Jobs,,2026-09-13T17:21:06Z,2026-09-14T07:33:56.993847+00:00,data analyst,Hyderabad,https://www.adzuna.in/land/ad/5882595924?se=NuvEqA6w8RGw3foOHxJxCQ&utm_medium=api&utm_source=f15ef5ad&v=6D7F651B037D9F9F7990663C96F0D5AB70EB8258,
5882598171,Senior Data Engineer,ProAnalyst,"Bangalore, Karnataka",,,INR,IT Jobs,,2026-09-13T17:22:26Z,2026-09-14T07:33:56.993847+00:00,data analyst,Bangalore,https://www.adzuna.in/land/ad/5882598171?se=Hhavpg6w8RG-FLx_YfIXKQ&utm_medium=api&utm_source=f15ef5ad&v=BAF3758A50D8D8355622AAE9CA7D0936998530B3,
5882598245,Data Engineer,ACL Digital,"Bangalore, Karnataka",,,INR,IT Jobs,,2026-09-13T17:22:31Z,2026-09-14T07:33:56.993847+00:00,data analyst,Bangalore,https://www.adzuna.in/land/ad/5882598245?se=Hhavpg6w8RG-FLx_YfIXKQ&utm_medium=api&utm_source=f15ef5ad&v=AD1F01E5AAE98C7392697139B19FFE1281B907CD,ETL|Hadoop
5882598341,Data Analyst,Innova ESI,"Bangalore, Karnataka",,,INR,IT Jobs,,2026-09-13T17:22:39Z,2026-09-14T07:33:56.993847+00:00,data analyst,Bangalore,https://www.adzuna.in/land/ad/5882598341?se=lBYqpg6w8RGw3foOHxJxCQ&utm_medium=api&utm_source=f15ef5ad&v=94234C7E52F98822F83E7DC43C50160706EB86F3,Python|SQL
5882729136,Data Analyst,Target,"Bangalore, Karnataka",,,INR,IT Jobs,,2026-09-13T21:13:17Z,2026-09-14T07:33:56.993847+00:00,data analyst,Bangalore,https://www.adzuna.in/details/5882729136?utm_medium=api&utm_source=f15ef5ad,
5882781479,Senior Specialist Sales Operations & Business Analyst,Financial Services,"Connaught Place, New Delhi",,,INR,Sales Jobs,,2026-09-13T21:47:12Z,2026-09-14T07:33:56.993847+00:00,business analyst,Delhi,https://www.adzuna.in/details/5882781479?utm_medium=api&utm_source=f15ef5ad,
5882858049,Informatica IDMC / Cloud Integration Developer,Trigent Software - Professional Services,"Bangalore, Karnataka",,,INR,IT Jobs,,2026-09-14T01:09:20Z,2026-09-14T07:33:56.993847+00:00,data analyst,Bangalore,https://www.adzuna.in/land/ad/5882858049?se=Hhavpg6w8RG-FLx_YfIXKQ&utm_medium=api&utm_source=f15ef5ad&v=E643C839133744EAAE1A43170FDB929853897992,
5882861190,Senior Data Analyst,Kamakhya Analytics Private Limited,"Bangalore, Karnataka",,,INR,IT Jobs,,2026-09-14T01:11:06Z,2026-09-14T07:33:56.993847+00:00,data analyst,Bangalore,https://www.adzuna.in/land/ad/5882861190?se=lBYqpg6w8RGw3foOHxJxCQ&utm_medium=api&utm_source=f15ef5ad&v=3F4E1282AEE628212FB0C68C1A0A7BC1BFA2E50F,
5882864622,Data Analysis Specialist (Remote | $31–$60/hr),Synthires,"Bangalore, Karnataka",,,INR,IT Jobs,contract,2026-09-14T01:14:23Z,2026-09-14T07:33:56.993847+00:00,data analyst,Bangalore,https://www.adzuna.in/land/ad/5882864622?se=lBYqpg6w8RGw3foOHxJxCQ&utm_medium=api&utm_source=f15ef5ad&v=862A8966B3874C04C1EDCE0D04E52BC5161D92E8,
5882866389,IBM MQ,Tata Consultancy Services,"Bangalore, Karnataka",,,INR,IT Jobs,,2026-09-14T01:15:20Z,2026-09-14T07:33:56.993847+00:00,business analyst,Bangalore,https://www.adzuna.in/land/ad/5882866389?se=ghEsrA6w8RGLm6dGg6CjJQ&utm_medium=api&utm_source=f15ef5ad&v=F2053D14F084F3AD87F7C0DBED021ADB9EF6E86F,AWS|Azure|GCP|Git|Python
5883283871,Senior Data Analyst,UnitedHealth Group,"Hyderabad, Telangana",,,INR,IT Jobs,,2026-09-14T11:20:33Z,2026-09-14T07:33:56.993847+00:00,data analyst,Hyderabad,https://www.adzuna.in/details/5883283871?utm_medium=api&utm_source=f15ef5ad,
5883377937,OriginPro Expert - Data Analyst,Mercor,"Mumbai, Maharashtra",,,INR,IT Jobs,contract,2026-09-14T13:00:16Z,2026-09-14T07:33:56.993847+00:00,data analyst,Mumbai,https://www.adzuna.in/details/5883377937?utm_medium=api&utm_source=f15ef5ad,Statistics
5828668155,Business Analyst,Toolyt,"Richmond Town, Bangalore",120000.0,240000.0,INR,IT Jobs,,2026-08-05T08:26:17Z,2026-09-07T07:00:12.319647+00:00,business analyst,Bangalore,https://www.adzuna.in/details/5828668155?utm_medium=api&utm_source=f15ef5ad,
5859573341,Senior Quality Assurance Automation Engineer,SII Group India,"Bangalore, Karnataka",,,INR,IT Jobs,,2026-08-28T16:03:55Z,2026-09-07T07:00:12.319647+00:00,business analyst,Bangalore,https://www.adzuna.in/land/ad/5859573341?se=7Nj9yYmq8RGS9tX3gPU9Ng&utm_medium=api&utm_source=f15ef5ad&v=E0EF45D146C68071B50041BB7BC58BB1E77A3092,
5859991660,Marketing Communications Intern,Tricog Health,"Bangalore, Karnataka",,,INR,"PR, Advertising & Marketing Jobs",contract,2026-08-29T00:05:10Z,2026-09-07T07:00:12.319647+00:00,business analyst,Bangalore,https://www.adzuna.in/land/ad/5859991660?se=7Nj9yYmq8RGS9tX3gPU9Ng&utm_medium=api&utm_source=f15ef5ad&v=6F0DE967662277E779D618E0AC98C1E697074A32,
5861243168,Business Analyst,Right Advisors,"Bangalore, Karnataka",600000.0,600000.0,INR,IT Jobs,,2026-08-29T21:04:51Z,2026-09-07T07:00:12.319647+00:00,business analyst,Bangalore,https://www.adzuna.in/details/5861243168?utm_medium=api&utm_source=f15ef5ad,
5862891684,Business Analyst,ADCI - BLR 14 SEZ - F07,"Bangalore, Karnataka",,,INR,IT Jobs,,2026-08-31T16:10:30Z,2026-09-07T07:00:12.319647+00:00,business analyst,Bangalore,https://www.adzuna.in/details/5862891684?utm_medium=api&utm_source=f15ef5ad,
5864421944,SERVICEMAX ADMINISTRATOR,Vaisesika,"Bangalore, Karnataka",,,INR,IT Jobs,,2026-09-01T16:19:48Z,2026-09-07T07:00:12.319647+00:00,business analyst,Bangalore,https://www.adzuna.in/land/ad/5864421944?se=7Nj9yYmq8RGS9tX3gPU9Ng&utm_medium=api&utm_source=f15ef5ad&v=16CDC21DB2DEE0607B1BC3367EF8CF3BB3AC113D,
5864422050,Walkin Drive_Salesforce Technical Lead_22nd Aug 26_Bengaluru,Tata Consultancy Services,"Bangalore, Karnataka",,,INR,IT Jobs,,2026-09-01T16:19:51Z,2026-09-07T07:00:12.319647+00:00,business analyst,Bangalore,https://www.adzuna.in/land/ad/5864422050?se=7Nj9yYmq8RGS9tX3gPU9Ng&utm_medium=api&utm_source=f15ef5ad&v=7E588EAB3FEF3C29D87EF451C3142ACC595B66FE,
5864427699,Data Modeler,Movate,"Bangalore, Karnataka",,,INR,IT Jobs,,2026-09-01T16:21:09Z,2026-09-07T07:00:12.319647+00:00,business analyst,Bangalore,https://www.adzuna.in/land/ad/5864427699?se=CCE3zYmq8RGS9tX3gPU9Ng&utm_medium=api&utm_source=f15ef5ad&v=99AB8021E0CEB5475B6A1AB075FD8035097C6A32,SAP|SQL|Snowflake
5864429139,Oracle Finance Business Analyst,Insight Global,"Bangalore, Karnataka",,,INR,IT Jobs,permanent,2026-09-01T16:21:25Z,2026-09-07T07:00:12.319647+00:00,business analyst,Bangalore,https://www.adzuna.in/land/ad/5864429139?se=7Nj9yYmq8RGS9tX3gPU9Ng&utm_medium=api&utm_source=f15ef5ad&v=D6170E3CE801A93796AA94D43A76D255D3A7D694,
5864429988,Quality Assurance Automation Engineer,SII Group India,"Bangalore, Karnataka",,,INR,IT Jobs,,2026-09-01T16:21:35Z,2026-09-07T07:00:12.319647+00:00,business analyst,Bangalore,https://www.adzuna.in/land/ad/5864429988?se=7Nj9yYmq8RGS9tX3gPU9Ng&utm_medium=api&utm_source=f15ef5ad&v=9ED45D5C8A28E29F1CC92906DF0F61C70CE8A6C8,
5864434043,Oracle CPQ Business Analyst,Tata Consultancy Services,"Bangalore, Karnataka",,,INR,IT Jobs,,2026-09-01T16:22:07Z,2026-09-07T07:00:12.319647+00:00,business analyst,Bangalore,https://www.adzuna.in/land/ad/5864434043?se=7Nj9yYmq8RGS9tX3gPU9Ng&utm_medium=api&utm_source=f15ef5ad&v=CCCBA8FF6CB526B6EA64927C659CD26772C01E4B,
5864435640,User Experience Designer,EXL,"Bangalore, Karnataka",,,INR,IT Jobs,,2026-09-01T16:22:22Z,2026-09-07T07:00:12.319647+00:00,business analyst,Bangalore,https://www.adzuna.in/land/ad/5864435640?se=7Nj9yYmq8RGS9tX3gPU9Ng&utm_medium=api&utm_source=f15ef5ad&v=5FA8499439247873A7B8A5CAB5D3BFA79004A05C,Power BI
5864438723,SAP PLM ANALYST,GyanSys Inc.,"Bangalore, Karnataka",,,INR,IT Jobs,,2026-09-01T16:22:48Z,2026-09-07T07:00:12.319647+00:00,business analyst,Bangalore,https://www.adzuna.in/land/ad/5864438723?se=7Nj9yYmq8RGS9tX3gPU9Ng&utm_medium=api&utm_source=f15ef5ad&v=AB251349159EE03F900300CDE0C7FB16621E39F9,SAP
5864439025,Senior SAP Consultant,Wissen Infotech,"Bangalore, Karnataka",,,INR,IT Jobs,,2026-09-01T16:22:51Z,2026-09-07T07:00:12.319647+00:00,business analyst,Bangalore,https://www.adzuna.in/land/ad/5864439025?se=7Nj9yYmq8RGS9tX3gPU9Ng&utm_medium=api&utm_source=f15ef5ad&v=D0D3826E1AC148187B6E472CC1FEECD63F9C4C0E,SAP
5864439069,Functional Analyst,GyanSys Inc.,"Bangalore, Karnataka",,,INR,IT Jobs,,2026-09-01T16:22:52Z,2026-09-07T07:00:12.319647+00:00,business analyst,Bangalore,https://www.adzuna.in/land/ad/5864439069?se=7Nj9yYmq8RGS9tX3gPU9Ng&utm_medium=api&utm_source=f15ef5ad&v=C8376D569B28291C49FA41E335B6B6EB47813B66,SAP|Snowflake
5864439196,Senior Back End Engineer - Java,HDFC Bank,"Bangalore, Karnataka",,,INR,IT Jobs,,2026-09-01T16:22:53Z,2026-09-07T07:00:12.319647+00:00,business analyst,Bangalore,https://www.adzuna.in/land/ad/5864439196?se=7Nj9yYmq8RGS9tX3gPU9Ng&utm_medium=api&utm_source=f15ef5ad&v=5CEB6774308643D412B4FA3C0E2B73D8FBE9E9F0,
5864439309,BI Engineer (SAS),PwC Acceleration Centers,"Bangalore, Karnataka",,,INR,IT Jobs,,2026-09-01T16:22:55Z,2026-09-07T07:00:12.319647+00:00,business analyst,Bangalore,https://www.adzuna.in/land/ad/5864439309?se=7Nj9yYmq8RGS9tX3gPU9Ng&utm_medium=api&utm_source=f15ef5ad&v=A8824099779BC062C05E7E59CBEECFEBC5D26D86,Power BI|SQL|Tableau
5868702111,Business Analyst Job,YASH Technologies,"Bangalore, Karnataka",,,INR,IT Jobs,,2026-09-03T16:08:29Z,2026-09-07T07:00:12.319647+00:00,business analyst,Bangalore,https://www.adzuna.in/details/5868702111?utm_medium=api&utm_source=f15ef5ad,
5869479497,Business Analyst,VDart Software Services Pvt. Ltd.,"Richmond Town, Bangalore",,,INR,IT Jobs,,2026-09-03T23:38:54Z,2026-09-07T07:00:12.319647+00:00,business analyst,Bangalore,https://www.adzuna.in/details/5869479497?utm_medium=api&utm_source=f15ef5ad,
5869817165,Business Analyst,Tudip Technologies,"Bangalore, Karnataka",,,INR,IT Jobs,,2026-09-04T07:36:43Z,2026-09-07T07:00:12.319647+00:00,business analyst,Bangalore,https://www.adzuna.in/details/5869817165?utm_medium=api&utm_source=f15ef5ad,
5870527089,Data Engineer,Amaris Consulting,"Bangalore, Karnataka",,,INR,IT Jobs,,2026-09-04T16:57:16Z,2026-09-07T07:00:12.319647+00:00,business analyst,Bangalore,https://www.adzuna.in/land/ad/5870527089?se=7Nj9yYmq8RGS9tX3gPU9Ng&utm_medium=api&utm_source=f15ef5ad&v=57C3892C1DA1B301994F6FCCBC6741CF32B024BB,dbt
5870527366,Oracle CPQ Business Analyst,Tata Consultancy Services,"Bangalore, Karnataka",,,INR,IT Jobs,,2026-09-04T16:57:26Z,2026-09-07T07:00:12.319647+00:00,business analyst,Bangalore,https://www.adzuna.in/land/ad/5870527366?se=7Nj9yYmq8RGS9tX3gPU9Ng&utm_medium=api&utm_source=f15ef5ad&v=21272A9ABB27141DBBCDF1F7FDF3CBA274CAD8C4,
5870693506,Business Analyst - Data & Privacy,Standard Chartered Bank,"Bangalore, Karnataka",,,INR,IT Jobs,,2026-09-04T20:33:07Z,2026-09-07T07:00:12.319647+00:00,business analyst,Bangalore,https://www.adzuna.in/land/ad/5870693506?se=7Nj9yYmq8RGS9tX3gPU9Ng&utm_medium=api&utm_source=f15ef5ad&v=7CCD167073B35C5DD2D4C2D541424EF62FFE1D51,
5870802571,Business Analyst,Novo Nordisk,"Bangalore, Karnataka",,,INR,Accounting & Finance Jobs,,2026-09-04T21:47:02Z,2026-09-07T07:00:12.319647+00:00,business analyst,Bangalore,https://www.adzuna.in/details/5870802571?utm_medium=api&utm_source=f15ef5ad,
5870857421,Data Scientist,Tata Consultancy Services,"Bangalore, Karnataka",,,INR,IT Jobs,,2026-09-04T22:28:36Z,2026-09-07T07:00:12.319647+00:00,business analyst,Bangalore,https://www.adzuna.in/land/ad/5870857421?se=7Nj9yYmq8RGS9tX3gPU9Ng&utm_medium=api&utm_source=f15ef5ad&v=491F7CA20D022F36BBEE8E54D66FEAA38A7B1895,
5871845991,Business Analyst - Financial Crime Compliance,Capco,"Bangalore, Karnataka",,,INR,IT Jobs,,2026-09-05T16:19:29Z,2026-09-07T07:00:12.319647+00:00,business analyst,Bangalore,https://www.adzuna.in/land/ad/5871845991?se=7Nj9yYmq8RGS9tX3gPU9Ng&utm_medium=api&utm_source=f15ef5ad&v=6EB3C24E201CE9B2F4EB4882357B5EB18396FD2E,
5871991541,Power BI/Business Intelligence Analyst,Applicantz,"Bangalore, Karnataka",,,INR,IT Jobs,,2026-09-05T18:29:23Z,2026-09-07T07:00:12.319647+00:00,business analyst,Bangalore,https://www.adzuna.in/land/ad/5871991541?se=7Nj9yYmq8RGS9tX3gPU9Ng&utm_medium=api&utm_source=f15ef5ad&v=8578581C8A66801AAAD1F342C6F88B2711484314,Power BI
5727140135,Data Management Analyst,Highrise Solutions LLP,"Pune, Maharashtra",,,INR,IT Jobs,,2026-05-13T02:04:27Z,2026-08-31T08:06:43.174198+00:00,data analyst,Pune,https://www.adzuna.in/details/5727140135?utm_medium=api&utm_source=f15ef5ad,
5755736751,Senior Data Analyst,Zeta Global,"Hyderabad, Telangana",,,INR,IT Jobs,,2026-06-08T02:34:31Z,2026-08-31T08:06:43.174198+00:00,data analyst,Hyderabad,https://www.adzuna.in/details/5755736751?utm_medium=api&utm_source=f15ef5ad,
5758900366,Business Analyst,InTouch CX,"Hyderabad, Telangana",,,INR,IT Jobs,,2026-06-11T02:17:54Z,2026-08-31T08:06:43.174198+00:00,business analyst,Hyderabad,https://www.adzuna.in/details/5758900366?utm_medium=api&utm_source=f15ef5ad,
5771387436,"Business Analyst, Salesforce",Consilio,"Bangalore, Karnataka",,,INR,IT Jobs,,2026-06-21T10:17:09Z,2026-08-31T08:06:43.174198+00:00,business analyst,Bangalore,https://www.adzuna.in/details/5771387436?utm_medium=api&utm_source=f15ef5ad,
5782684165,Business Analyst,ADP Private Limited,"Hyderabad, Telangana",,,INR,IT Jobs,,2026-07-01T07:13:55Z,2026-08-31T08:06:43.174198+00:00,business analyst,Hyderabad,https://www.adzuna.in/details/5782684165?utm_medium=api&utm_source=f15ef5ad,
5782685582,Lead Data Engineer(Snowflake/DBT),Tide,"Delhi, India",,,INR,IT Jobs,,2026-07-01T07:14:36Z,2026-08-31T08:06:43.174198+00:00,business analyst,Delhi,https://www.adzuna.in/details/5782685582?utm_medium=api&utm_source=f15ef5ad,AWS|Airflow|BigQuery|ETL|GCP|Looker|Snowflake|Tableau|dbt
5783379223,Technical Business Analyst,Metron Security Private Limited,"Pune, Maharashtra",800000.0,1500000.0,INR,IT Jobs,,2026-07-01T14:58:38Z,2026-08-31T08:06:43.174198+00:00,business analyst,Pune,https://www.adzuna.in/details/5783379223?utm_medium=api&utm_source=f15ef5ad,
5785772494,"Associate Specialist, Workflow Support (Adobe Workfront)",MSD,"Hyderabad, Telangana",,,INR,IT Jobs,,2026-07-03T00:54:27Z,2026-08-31T08:06:43.174198+00:00,business analyst,Hyderabad,https://www.adzuna.in/land/ad/5785772494?se=Wj558hKl8RGcfKYe_cIpvA&utm_medium=api&utm_source=f15ef5ad&v=2183C1CE2ADF692A2C0C21A38AE65805BC695155,
5785772661,"Specialist, Business Analyst – Content Workflow & Platform Enablement (Adobe Workfront)",MSD,"Hyderabad, Telangana",,,INR,IT Jobs,,2026-07-03T00:54:28Z,2026-08-31T08:06:43.174198+00:00,business analyst,Hyderabad,https://www.adzuna.in/land/ad/5785772661?se=Wj558hKl8RGcfKYe_cIpvA&utm_medium=api&utm_source=f15ef5ad&v=18B5F48C8547E86F836256A6E256C87D0313E3BA,
5786227747,Business Analyst- Life insurance,Cognizant Technology Solutions India Pvt Ltd,"Pune, Maharashtra",,,INR,IT Jobs,,2026-07-03T07:20:01Z,2026-08-31T08:06:43.174198+00:00,business analyst,Pune,https://www.adzuna.in/details/5786227747?utm_medium=api&utm_source=f15ef5ad,
5790433770,Data Analyst Intern,Innovexis,"Bangalore, Karnataka",,,INR,IT Jobs,contract,2026-07-07T06:25:08Z,2026-08-31T08:06:43.174198+00:00,data analyst,Bangalore,https://www.adzuna.in/details/5790433770?utm_medium=api&utm_source=f15ef5ad,
5794908949,Cactus Communications Data Science Lead,Cactus Communications,"Delhi, India",,,INR,IT Jobs,,2026-07-10T06:25:19Z,2026-08-31T08:06:43.174198+00:00,data analyst,Delhi,https://www.adzuna.in/details/5794908949?utm_medium=api&utm_source=f15ef5ad,
5794934960,Business Analyst,Qualitykiosk Technologies Private Limited,"Mumbai, Maharashtra",,,INR,IT Jobs,,2026-07-10T07:16:41Z,2026-08-31T08:06:43.174198+00:00,business analyst,Mumbai,https://www.adzuna.in/details/5794934960?utm_medium=api&utm_source=f15ef5ad,
5794934973,Business Analyst,Qualitykiosk Technologies Private Limited,"Pune, Maharashtra",,,INR,IT Jobs,,2026-07-10T07:16:41Z,2026-08-31T08:06:43.174198+00:00,business analyst,Pune,https://www.adzuna.in/details/5794934973?utm_medium=api&utm_source=f15ef5ad,
5794941067,Business Analyst - BPO,Titanium Consulting,"Pune, Maharashtra",,,INR,IT Jobs,,2026-07-10T07:20:30Z,2026-08-31T08:06:43.174198+00:00,business analyst,Pune,https://www.adzuna.in/details/5794941067?utm_medium=api&utm_source=f15ef5ad,Excel
5794941125,Business Analyst - BPO,Titanium Consulting,"Pune, Maharashtra",,,INR,IT Jobs,,2026-07-10T07:20:31Z,2026-08-31T08:06:43.174198+00:00,business analyst,Pune,https://www.adzuna.in/details/5794941125?utm_medium=api&utm_source=f15ef5ad,Excel
5796403973,Business Analyst II,Kroll Associates India Private Limited,"Mumbai, Maharashtra",,,INR,IT Jobs,,2026-07-11T07:17:32Z,2026-08-31T08:06:43.174198+00:00,business analyst,Mumbai,https://www.adzuna.in/details/5796403973?utm_medium=api&utm_source=f15ef5ad,
5796404000,"Business Intelligence Analyst I, Technology",Kroll Associates India Private Limited,"Mumbai, Maharashtra",,,INR,IT Jobs,,2026-07-11T07:17:32Z,2026-08-31T08:06:43.174198+00:00,data analyst,Mumbai,https://www.adzuna.in/details/5796404000?utm_medium=api&utm_source=f15ef5ad,
5796404409,Data Analyst,Aeries Technology,"Bangalore, Karnataka",,,INR,IT Jobs,,2026-07-11T07:17:42Z,2026-08-31T08:06:43.174198+00:00,data analyst,Bangalore,https://www.adzuna.in/details/5796404409?utm_medium=api&utm_source=f15ef5ad,ETL
5796406369,Business Analyst,Fujitsu,"Mumbai, Maharashtra",,,INR,IT Jobs,,2026-07-11T07:18:26Z,2026-08-31T08:06:43.174198+00:00,business analyst,Mumbai,https://www.adzuna.in/details/5796406369?utm_medium=api&utm_source=f15ef5ad,SQL
5796410661,Business Analyst,Marlabs,"Bangalore, Karnataka",,,INR,IT Jobs,,2026-07-11T07:19:15Z,2026-08-31T08:06:43.174198+00:00,business analyst,Bangalore,https://www.adzuna.in/details/5796410661?utm_medium=api&utm_source=f15ef5ad,
5796410880,Data Analyst,Novel Office,"Bangalore, Karnataka",,,INR,IT Jobs,,2026-07-11T07:19:21Z,2026-08-31T08:06:43.174198+00:00,data analyst,Bangalore,https://www.adzuna.in/details/5796410880?utm_medium=api&utm_source=f15ef5ad,Excel
5796410883,Data Analyst,Novel Office,"Pune, Maharashtra",,,INR,IT Jobs,,2026-07-11T07:19:21Z,2026-08-31T08:06:43.174198+00:00,data analyst,Pune,https://www.adzuna.in/details/5796410883?utm_medium=api&utm_source=f15ef5ad,Excel
5796411046,Business Analyst,Sprinklr,"Bangalore, Karnataka",,,INR,IT Jobs,,2026-07-11T07:19:25Z,2026-08-31T08:06:43.174198+00:00,business analyst,Bangalore,https://www.adzuna.in/details/5796411046?utm_medium=api&utm_source=f15ef5ad,
5796414151,Data Analyst Dashboard Specialist,Align Technology,"Delhi, India",,,INR,IT Jobs,,2026-07-11T07:20:30Z,2026-08-31T08:06:43.174198+00:00,data analyst,Delhi,https://www.adzuna.in/details/5796414151?utm_medium=api&utm_source=f15ef5ad,Power BI|Tableau
5799158393,Data Analyst ||,Diversey,"Hyderabad, Telangana",,,INR,Accounting & Finance Jobs,permanent,2026-07-14T03:23:44Z,2026-08-31T08:06:43.174198+00:00,data analyst,Hyderabad,https://www.adzuna.in/details/5799158393?utm_medium=api&utm_source=f15ef5ad,
5806699864,Data Analyst Manager,Conneqt Business Solutions Limited,"Bangalore, Karnataka",,,INR,IT Jobs,,2026-07-19T07:19:46Z,2026-08-31T08:06:43.174198+00:00,data analyst,Bangalore,https://www.adzuna.in/details/5806699864?utm_medium=api&utm_source=f15ef5ad,Power BI|Python|R|SQL
5806701759,Data Analyst,ValueMomentum,"Hyderabad, Telangana",,,INR,IT Jobs,,2026-07-19T07:21:31Z,2026-08-31T08:06:43.174198+00:00,data analyst,Hyderabad,https://www.adzuna.in/details/5806701759?utm_medium=api&utm_source=f15ef5ad,
5806701806,Guidewire Data Analyst,ValueMomentum,"Hyderabad, Telangana",,,INR,IT Jobs,,2026-07-19T07:21:32Z,2026-08-31T08:06:43.174198+00:00,data analyst,Hyderabad,https://www.adzuna.in/details/5806701806?utm_medium=api&utm_source=f15ef5ad,
5806701910,Guidewire Business Analyst,ValueMomentum,"Pune, Maharashtra",,,INR,IT Jobs,,2026-07-19T07:21:34Z,2026-08-31T08:06:43.174198+00:00,business analyst,Pune,https://www.adzuna.in/details/5806701910?utm_medium=api&utm_source=f15ef5ad,
5806705162,Business Analyst,Simulationhub,"Hyderabad, Telangana",,,INR,IT Jobs,,2026-07-19T07:24:19Z,2026-08-31T08:06:43.174198+00:00,business analyst,Hyderabad,https://www.adzuna.in/details/5806705162?utm_medium=api&utm_source=f15ef5ad,
5808699201,Senior HR Analytics Data Analyst,Dr Reddys Laboratories,"Hyderabad, Telangana",,,INR,IT Jobs,,2026-07-21T06:40:28Z,2026-08-31T08:06:43.174198+00:00,data analyst,Hyderabad,https://www.adzuna.in/details/5808699201?utm_medium=api&utm_source=f15ef5ad,
5810245610,Data Analyst (Excel/MIS specialist),Kirtane And Pandit LLP,"Mumbai, Maharashtra",,,INR,IT Jobs,,2026-07-22T07:26:33Z,2026-08-31T08:06:43.174198+00:00,data analyst,Mumbai,https://www.adzuna.in/details/5810245610?utm_medium=api&utm_source=f15ef5ad,Excel
5812187941,Business Analyst (DMS / PMO),Staffnixcom,"Pune, Maharashtra",1500000.0,2200000.0,INR,IT Jobs,,2026-07-23T15:56:50Z,2026-08-31T08:06:43.174198+00:00,business analyst,Pune,https://www.adzuna.in/details/5812187941?utm_medium=api&utm_source=f15ef5ad,
5814756742,Business Analyst Intern,CODEMONK,"Bangalore, Karnataka",156000.0,180000.0,INR,IT Jobs,contract,2026-07-25T06:50:26Z,2026-08-31T08:06:43.174198+00:00,business analyst,Bangalore,https://www.adzuna.in/details/5814756742?utm_medium=api&utm_source=f15ef5ad,
5819192908,Master Data Analyst - Material & Production,Amgen Technology Private Limited,"Hyderabad, Telangana",,,INR,IT Jobs,,2026-07-29T07:50:09Z,2026-08-31T08:06:43.174198+00:00,data analyst,Hyderabad,https://www.adzuna.in/details/5819192908?utm_medium=api&utm_source=f15ef5ad,
5819192912,Principal Business Analyst,Amgen Technology Private Limited,"Hyderabad, Telangana",,,INR,IT Jobs,,2026-07-29T07:50:09Z,2026-08-31T08:06:43.174198+00:00,business analyst,Hyderabad,https://www.adzuna.in/details/5819192912?utm_medium=api&utm_source=f15ef5ad,
5821854267,Power BI Developer - Consultant,KPMG,"Pune, Maharashtra",,,INR,IT Jobs,,2026-07-31T07:24:38Z,2026-08-31T08:06:43.174198+00:00,data analyst,Pune,https://www.adzuna.in/details/5821854267?utm_medium=api&utm_source=f15ef5ad,Power BI
5821857066,Business Analyst,Sonata Software,"Hyderabad, Telangana",,,INR,IT Jobs,,2026-07-31T07:26:15Z,2026-08-31T08:06:43.174198+00:00,business analyst,Hyderabad,https://www.adzuna.in/details/5821857066?utm_medium=api&utm_source=f15ef5ad,SQL
5821862587,Business Analyst,Cctech,"Pune, Maharashtra",,,INR,Engineering Jobs,,2026-07-31T07:29:57Z,2026-08-31T08:06:43.174198+00:00,business analyst,Pune,https://www.adzuna.in/details/5821862587?utm_medium=api&utm_source=f15ef5ad,
5821863666,Data Analyst 2,Aditi Tech Consulting Private Limited,"Hyderabad, Telangana",,,INR,IT Jobs,,2026-07-31T07:31:32Z,2026-08-31T08:06:43.174198+00:00,data analyst,Hyderabad,https://www.adzuna.in/details/5821863666?utm_medium=api&utm_source=f15ef5ad,
5822050618,Associate,Clinton Health Access Initiative,"Sansad Marg, New Delhi",,,INR,Scientific & QA Jobs,,2026-07-31T10:51:14Z,2026-08-31T08:06:43.174198+00:00,data analyst,Delhi,https://www.adzuna.in/details/5822050618?utm_medium=api&utm_source=f15ef5ad,
5826713461,Data Analyst,Headout,"Bangalore, Karnataka",,,INR,IT Jobs,permanent,2026-08-03T21:35:03Z,2026-08-31T08:06:43.174198+00:00,data analyst,Bangalore,https://www.adzuna.in/details/5826713461?utm_medium=api&utm_source=f15ef5ad,
5827202787,Data Science and Data Analyst Trainer,Quastech Hiring For Quastech,"Mumbai, Maharashtra",,,INR,Teaching Jobs,,2026-08-04T06:49:20Z,2026-08-31T08:06:43.174198+00:00,data analyst,Mumbai,https://www.adzuna.in/details/5827202787?utm_medium=api&utm_source=f15ef5ad,Excel|Power BI|Python|SQL|Tableau
5828030710,Associate -Data Analyst,Myntra,"Bangalore, Karnataka",,,INR,IT Jobs,permanent,2026-08-04T21:36:42Z,2026-08-31T08:06:43.174198+00:00,data analyst,Bangalore,https://www.adzuna.in/details/5828030710?utm_medium=api&utm_source=f15ef5ad,
5828880477,Business Analyst,Happiest Resume,"New Delhi, Delhi",400000.0,900000.0,INR,Accounting & Finance Jobs,,2026-08-05T14:47:54Z,2026-08-31T08:06:43.174198+00:00,business analyst,Delhi,https://www.adzuna.in/details/5828880477?utm_medium=api&utm_source=f15ef5ad,
5828880832,Business Analyst,Happiest Resume,"New Delhi, Delhi",30000.0,900000.0,INR,Accounting & Finance Jobs,,2026-08-05T14:48:06Z,2026-08-31T08:06:43.174198+00:00,business analyst,Delhi,https://www.adzuna.in/details/5828880832?utm_medium=api&utm_source=f15ef5ad,
5830595369,Specialist Business Analyst,Amgen,"Hyderabad, Telangana",,,INR,IT Jobs,,2026-08-06T20:38:11Z,2026-08-31T08:06:43.174198+00:00,business analyst,Hyderabad,https://www.adzuna.in/details/5830595369?utm_medium=api&utm_source=f15ef5ad,
5830599367,Business Analyst,In Touch,"Hyderabad, Telangana",,,INR,IT Jobs,,2026-08-06T20:40:05Z,2026-08-31T08:06:43.174198+00:00,business analyst,Hyderabad,https://www.adzuna.in/details/5830599367?utm_medium=api&utm_source=f15ef5ad,
5831395886,Data Modeler,Whisk Software Private Limited,"Pune, Maharashtra",,,INR,IT Jobs,,2026-08-07T07:26:30Z,2026-08-31T08:06:43.174198+00:00,data analyst,Pune,https://www.adzuna.in/details/5831395886?utm_medium=api&utm_source=f15ef5ad,
5831397288,"Analyst, Data Analysis II",ICE,"Hyderabad, Telangana",,,INR,Admin Jobs,,2026-08-07T07:27:22Z,2026-08-31T08:06:43.174198+00:00,data analyst,Hyderabad,https://www.adzuna.in/details/5831397288?utm_medium=api&utm_source=f15ef5ad,
5831399856,Technical Business Analyst,Acuity Knowledge Partners,"Pune, Maharashtra",,,INR,IT Jobs,,2026-08-07T07:29:51Z,2026-08-31T08:06:43.174198+00:00,business analyst,Pune,https://www.adzuna.in/details/5831399856?utm_medium=api&utm_source=f15ef5ad,
5832092606,Master Data Analyst,SPX FLOW,"Bangalore, Karnataka",,,INR,Accounting & Finance Jobs,,2026-08-07T20:57:12Z,2026-08-31T08:06:43.174198+00:00,data analyst,Bangalore,https://www.adzuna.in/details/5832092606?utm_medium=api&utm_source=f15ef5ad,
5832978132,Lead Analyst/ Lead Payments Business Analyst,StoneX,"Vadgaon Sheri, Pune",,,INR,IT Jobs,,2026-08-08T10:46:04Z,2026-08-31T08:06:43.174198+00:00,business analyst,Pune,https://www.adzuna.in/details/5832978132?utm_medium=api&utm_source=f15ef5ad,
5834763905,Associate Data Analyst,GIA Services,"Mumbai, Maharashtra",,,INR,IT Jobs,,2026-08-09T20:59:01Z,2026-08-31T08:06:43.174198+00:00,data analyst,Mumbai,https://www.adzuna.in/details/5834763905?utm_medium=api&utm_source=f15ef5ad,
5834812076,Product Manager,Cubictree ,"Mumbai, Maharashtra",,,INR,IT Jobs,permanent,2026-08-09T21:41:54Z,2026-08-31T08:06:43.174198+00:00,data analyst,Mumbai,https://www.adzuna.in/details/5834812076?utm_medium=api&utm_source=f15ef5ad,
5837138886,Principal Business Systems Analyst,Cornerstone OnDemand,"Hyderabad, Telangana",,,INR,IT Jobs,,2026-08-12T01:59:18Z,2026-08-31T08:06:43.174198+00:00,business analyst,Hyderabad,https://www.adzuna.in/land/ad/5837138886?se=Wj558hKl8RGcfKYe_cIpvA&utm_medium=api&utm_source=f15ef5ad&v=BA78504A2BD51C4E8BE535B9A6B85D92D8F286DF,
5837139231,Fraud Business Analyst,Standard Chartered Bank,"Bangalore, Karnataka",,,INR,Accounting & Finance Jobs,,2026-08-12T01:59:31Z,2026-08-31T08:06:43.174198+00:00,business analyst,Bangalore,https://www.adzuna.in/land/ad/5837139231?se=2KrI7xKl8RGEeLI7Dotn4Q&utm_medium=api&utm_source=f15ef5ad&v=9EB7DB70AEB7AAC9053AABE30A9302B57160D866,
5837139372,BA -Capital Market - Bangalore,Capco,"Bangalore, Karnataka",,,INR,IT Jobs,,2026-08-12T01:59:34Z,2026-08-31T08:06:43.174198+00:00,business analyst,Bangalore,https://www.adzuna.in/land/ad/5837139372?se=2KrI7xKl8RGEeLI7Dotn4Q&utm_medium=api&utm_source=f15ef5ad&v=6AEF408EF496944EC4C39A07105E9A4A40175640,
5837139383,Product Manager,Capco,"Bangalore, Karnataka",,,INR,IT Jobs,,2026-08-12T01:59:34Z,2026-08-31T08:06:43.174198+00:00,business analyst,Bangalore,https://www.adzuna.in/land/ad/5837139383?se=2KrI7xKl8RGEeLI7Dotn4Q&utm_medium=api&utm_source=f15ef5ad&v=B59C2764E993F20F6D103EFED86F1CBDA506836F,
5837139464,Business Analyst - Custody & Trade Processing,Capco,"Bangalore, Karnataka",,,INR,IT Jobs,,2026-08-12T01:59:37Z,2026-08-31T08:06:43.174198+00:00,business analyst,Bangalore,https://www.adzuna.in/land/ad/5837139464?se=2KrI7xKl8RGEeLI7Dotn4Q&utm_medium=api&utm_source=f15ef5ad&v=9B873E0CCC9FF124D27EC6C97E233569129CE6C0,
5837139569,BA - Conversation Banking (Chat),Capco,"Pune, Maharashtra",,,INR,IT Jobs,,2026-08-12T01:59:38Z,2026-08-31T08:06:43.174198+00:00,business analyst,Pune,https://www.adzuna.in/land/ad/5837139569?se=5gb28xKl8RGO7NzH2xZesA&utm_medium=api&utm_source=f15ef5ad&v=A610A0904C1D0A816DDE50E691583078319D53EF,
5837139699,"IT&D Principle BA, Finance",Reckitt,"Hyderabad, Telangana",,,INR,IT Jobs,,2026-08-12T01:59:40Z,2026-08-31T08:06:43.174198+00:00,business analyst,Hyderabad,https://www.adzuna.in/land/ad/5837139699?se=Wj558hKl8RGcfKYe_cIpvA&utm_medium=api&utm_source=f15ef5ad&v=6DB82CA218734368893173C486FF9F3CCFB15CF6,
5837139701,KYC Funds BA,Capco,"Mumbai, Maharashtra",,,INR,IT Jobs,,2026-08-12T01:59:40Z,2026-08-31T08:06:43.174198+00:00,business analyst,Mumbai,https://www.adzuna.in/land/ad/5837139701?se=hn_G8RKl8RGcfKYe_cIpvA&utm_medium=api&utm_source=f15ef5ad&v=0DDE9BEE0F7EE069CE333A59BC78BCEE99E98679,
5837139722,Senior BA (Securities Settlements) – Mumbai/Bangalore,Capco,"Mumbai, Maharashtra",,,INR,Accounting & Finance Jobs,,2026-08-12T01:59:41Z,2026-08-31T08:06:43.174198+00:00,business analyst,Mumbai,https://www.adzuna.in/land/ad/5837139722?se=SMgq8RKl8RGEeLI7Dotn4Q&utm_medium=api&utm_source=f15ef5ad&v=85BD84E3965156751DAE02FFF2D0388CC9E30978,
5837139774,BA - Reg Reporting,Capco,"Mumbai, Maharashtra",,,INR,IT Jobs,,2026-08-12T01:59:42Z,2026-08-31T08:06:43.174198+00:00,business analyst,Mumbai,https://www.adzuna.in/land/ad/5837139774?se=hn_G8RKl8RGcfKYe_cIpvA&utm_medium=api&utm_source=f15ef5ad&v=EC1D4293DB92FDE516A33D95D72032FE571FE7D7,
5837139803,Capital Reporting PM BA,Capco,"Mumbai, Maharashtra",,,INR,IT Jobs,,2026-08-12T01:59:42Z,2026-08-31T08:06:43.174198+00:00,business analyst,Mumbai,https://www.adzuna.in/land/ad/5837139803?se=SMgq8RKl8RGEeLI7Dotn4Q&utm_medium=api&utm_source=f15ef5ad&v=6D6EED0A34BF47BA6E322A410BC885B1D52C93F6,
5837139807,"IT&D Business Analyst, Quality",Reckitt,"Hyderabad, Telangana",,,INR,IT Jobs,,2026-08-12T01:59:42Z,2026-08-31T08:06:43.174198+00:00,business analyst,Hyderabad,https://www.adzuna.in/land/ad/5837139807?se=Wj558hKl8RGcfKYe_cIpvA&utm_medium=api&utm_source=f15ef5ad&v=3D96E7E9267B37E23061552F67DF328CDBCB8E91,
5837139823,IT&D Senior Business Analyst - Genesis Procurement,Reckitt,"Hyderabad, Telangana",,,INR,IT Jobs,,2026-08-12T01:59:43Z,2026-08-31T08:06:43.174198+00:00,business analyst,Hyderabad,https://www.adzuna.in/land/ad/5837139823?se=Wj558hKl8RGcfKYe_cIpvA&utm_medium=api&utm_source=f15ef5ad&v=E235392770EDD9E2B0BEB7DD50D3CD0B7DE4F1D4,
5837139914,Business Analyst-Third Party Risk Management,Capco,"Bangalore, Karnataka",,,INR,IT Jobs,,2026-08-12T01:59:43Z,2026-08-31T08:06:43.174198+00:00,business analyst,Bangalore,https://www.adzuna.in/land/ad/5837139914?se=2KrI7xKl8RGEeLI7Dotn4Q&utm_medium=api&utm_source=f15ef5ad&v=D0881E74DD6EF225270AA28AF3565E757E8267A3,
5837803282,ServiceNow - Associate Business Analyst Junior,"NTT America, Inc.","Delhi, India",,,INR,IT Jobs,,2026-08-12T10:59:14Z,2026-08-31T08:06:43.174198+00:00,business analyst,Delhi,https://www.adzuna.in/details/5837803282?utm_medium=api&utm_source=f15ef5ad,
5838435451,Senior Associate Safety Data Analyst,Amgen,"Hyderabad, Telangana",,,INR,Scientific & QA Jobs,,2026-08-12T20:42:37Z,2026-08-31T08:06:43.174198+00:00,data analyst,Hyderabad,https://www.adzuna.in/details/5838435451?utm_medium=api&utm_source=f15ef5ad,
5838614311,Financial Analyst,Capco,"Mumbai, Maharashtra",,,INR,IT Jobs,,2026-08-12T22:00:57Z,2026-08-31T08:06:43.174198+00:00,business analyst,Mumbai,https://www.adzuna.in/land/ad/5838614311?se=SMgq8RKl8RGEeLI7Dotn4Q&utm_medium=api&utm_source=f15ef5ad&v=5F0717BD1E210C6183396BDE1FCB720DB8AB4DB1,
5839225581,Business Analyst,Foray Software Private Limited,"Bangalore, Karnataka",,,INR,IT Jobs,,2026-08-13T07:33:12Z,2026-08-31T08:06:43.174198+00:00,business analyst,Bangalore,https://www.adzuna.in/details/5839225581?utm_medium=api&utm_source=f15ef5ad,
5839326171,Business analyst-risk domain,N Consulting Ltd,"Sakinaka, Mumbai",500000.0,2600000.0,INR,IT Jobs,,2026-08-13T08:29:19Z,2026-08-31T08:06:43.174198+00:00,business analyst,Mumbai,https://www.adzuna.in/details/5839326171?utm_medium=api&utm_source=f15ef5ad,
5839585374,Data Analyst - MDM,Eaton Corporation,"Pune, Maharashtra",,,INR,IT Jobs,,2026-08-13T11:02:36Z,2026-08-31T08:06:43.174198+00:00,data analyst,Pune,https://www.adzuna.in/details/5839585374?utm_medium=api&utm_source=f15ef5ad,
5841398417,Senior Associate Safety Data Analyst,Amgen,"Hyderabad, Telangana",,,INR,Scientific & QA Jobs,,2026-08-14T11:11:15Z,2026-08-31T08:06:43.174198+00:00,data analyst,Hyderabad,https://www.adzuna.in/details/5841398417?utm_medium=api&utm_source=f15ef5ad,
5841440296,Clinical Data Analyst II,Parexel,"Hyderabad, Telangana",,,INR,Scientific & QA Jobs,,2026-08-14T11:22:46Z,2026-08-31T08:06:43.174198+00:00,data analyst,Hyderabad,https://www.adzuna.in/details/5841440296?utm_medium=api&utm_source=f15ef5ad,
5841958198,Data Analyst,Fam,"Bangalore, Karnataka",,,INR,Accounting & Finance Jobs,,2026-08-14T21:04:29Z,2026-08-31T08:06:43.174198+00:00,data analyst,Bangalore,https://www.adzuna.in/details/5841958198?utm_medium=api&utm_source=f15ef5ad,
5842051499,Business Analyst,IDFC FIRST Bank,"Mumbai, Maharashtra",,,INR,IT Jobs,permanent,2026-08-14T21:58:41Z,2026-08-31T08:06:43.174198+00:00,data analyst,Mumbai,https://www.adzuna.in/details/5842051499?utm_medium=api&utm_source=f15ef5ad,
5842114982,Senior Data Analyst III,Elsevier,"Bangalore, Karnataka",,,INR,IT Jobs,,2026-08-15T00:04:09Z,2026-08-31T08:06:43.174198+00:00,data analyst,Bangalore,https://www.adzuna.in/land/ad/5842114982?se=ML-z6BKl8RGcfKYe_cIpvA&utm_medium=api&utm_source=f15ef5ad&v=3263DA3568883D53BD2F53EE96E4EFA2F6B33C94,
5842617028,SAP BODS / SAP Data Conversion Analyst,Clevanoo LLC,"Pune, Maharashtra",,,INR,IT Jobs,,2026-08-15T08:56:09Z,2026-08-31T08:06:43.174198+00:00,data analyst,Pune,https://www.adzuna.in/details/5842617028?utm_medium=api&utm_source=f15ef5ad,ETL|SAP|SQL
5842763348,Biofuels Market Analyst,ICF,"New Delhi, Delhi",,,INR,Consultancy Jobs,,2026-08-15T11:35:11Z,2026-08-31T08:06:43.174198+00:00,business analyst,Delhi,https://www.adzuna.in/details/5842763348?utm_medium=api&utm_source=f15ef5ad,
5842777499,"Associate Data Analyst - Scala, PySpark, Azure cloud, AI",UnitedHealth Group,"Hyderabad, Telangana",,,INR,IT Jobs,,2026-08-15T11:38:52Z,2026-08-31T08:06:43.174198+00:00,data analyst,Hyderabad,https://www.adzuna.in/details/5842777499?utm_medium=api&utm_source=f15ef5ad,Azure
5842826153,Visual Data Analyst - Fully Remote,Mercor,"Mumbai, Maharashtra",,,INR,IT Jobs,contract,2026-08-15T12:23:13Z,2026-08-31T08:06:43.174198+00:00,data analyst,Mumbai,https://www.adzuna.in/details/5842826153?utm_medium=api&utm_source=f15ef5ad,
5844310711,HO BIU Financials-HO & SUPPORT-Finance,Kotak Mahindra Bank,"Mumbai, Maharashtra",,,INR,Accounting & Finance Jobs,,2026-08-16T21:00:23Z,2026-08-31T08:06:43.174198+00:00,data analyst,Mumbai,https://www.adzuna.in/details/5844310711?utm_medium=api&utm_source=f15ef5ad,
5845820479,Data Scientist Data Science Intern,Amayradh Infotech Private Limited,"Delhi, India",,,INR,IT Jobs,,2026-08-18T07:15:45Z,2026-08-31T08:06:43.174198+00:00,data analyst,Delhi,https://www.adzuna.in/details/5845820479?utm_medium=api&utm_source=f15ef5ad,
5845820507,Data Scientist Data Science Intern,Technobrilliant Learning Solutions,"Pune, Maharashtra",,,INR,IT Jobs,,2026-08-18T07:15:46Z,2026-08-31T08:06:43.174198+00:00,data analyst,Pune,https://www.adzuna.in/details/5845820507?utm_medium=api&utm_source=f15ef5ad,
5846554577,Sr. Data Analyst,Straatix Partners,"Bangalore, Karnataka",2000000.0,4000000.0,INR,IT Jobs,,2026-08-18T16:04:04Z,2026-08-31T08:06:43.174198+00:00,data analyst,Bangalore,https://www.adzuna.in/details/5846554577?utm_medium=api&utm_source=f15ef5ad,
5846723122,Senior Software Engineer,Morningstar,"Mumbai, Maharashtra",,,INR,IT Jobs,,2026-08-18T18:03:33Z,2026-08-31T08:06:43.174198+00:00,data analyst,Mumbai,https://www.adzuna.in/land/ad/5846723122?se=uKnG6hKl8RGEeLI7Dotn4Q&utm_medium=api&utm_source=f15ef5ad&v=D433CBC53861F80A6F3BD7A905ACC945A8D6BCBE,
5846723391,"Project & Change Lead – Business Analyst/Project Manager, AVP",Deutsche Bank,"Mumbai, Maharashtra",,,INR,Accounting & Finance Jobs,,2026-08-18T18:03:38Z,2026-08-31T08:06:43.174198+00:00,business analyst,Mumbai,https://www.adzuna.in/land/ad/5846723391?se=SMgq8RKl8RGEeLI7Dotn4Q&utm_medium=api&utm_source=f15ef5ad&v=24650F9F441F0DA328596550392B38511B7AF478,
5846723666,"Group Data Privacy (GDP) – Data Privacy Analyst,AS",Deutsche Bank,"Bangalore, Karnataka",,,INR,IT Jobs,,2026-08-18T18:03:43Z,2026-08-31T08:06:43.174198+00:00,data analyst,Bangalore,https://www.adzuna.in/land/ad/5846723666?se=ML-z6BKl8RGcfKYe_cIpvA&utm_medium=api&utm_source=f15ef5ad&v=07CDF9B8A492511E4099EDEE9695F3B4DCF98743,
5846723667,Business Finance Senior Analyst,Deutsche Bank,"Mumbai, Maharashtra",,,INR,Accounting & Finance Jobs,,2026-08-18T18:03:43Z,2026-08-31T08:06:43.174198+00:00,business analyst,Mumbai,https://www.adzuna.in/land/ad/5846723667?se=SMgq8RKl8RGEeLI7Dotn4Q&utm_medium=api&utm_source=f15ef5ad&v=3B5C56D3F9176F68E280592ACEEBBD8CD9A332A4,
5848059797,"Business Analyst, ROC, ROC",ADCI HYD 13 SEZ,"Hyderabad, Telangana",,,INR,IT Jobs,,2026-08-19T16:05:17Z,2026-08-31T08:06:43.174198+00:00,business analyst,Hyderabad,https://www.adzuna.in/details/5848059797?utm_medium=api&utm_source=f15ef5ad,
5849297101,Software Engineer- PLSQL -ACP,Avaloq,"Pune, Maharashtra",,,INR,IT Jobs,,2026-08-20T10:04:50Z,2026-08-31T08:06:43.174198+00:00,business analyst,Pune,https://www.adzuna.in/land/ad/5849297101?se=5gb28xKl8RGO7NzH2xZesA&utm_medium=api&utm_source=f15ef5ad&v=170ABD5EB32B33D0BC4717E9433A3CFFFD17A09D,
5849684161,Data Acquisition Analyst,Amgen,"Hyderabad, Telangana",,,INR,Scientific & QA Jobs,,2026-08-20T20:52:19Z,2026-08-31T08:06:43.174198+00:00,data analyst,Hyderabad,https://www.adzuna.in/details/5849684161?utm_medium=api&utm_source=f15ef5ad,
5849698616,Associate - Performance & Analytics,TIAA,"Mumbai, Maharashtra",,,INR,Accounting & Finance Jobs,,2026-08-20T21:05:14Z,2026-08-31T08:06:43.174198+00:00,data analyst,Mumbai,https://www.adzuna.in/details/5849698616?utm_medium=api&utm_source=f15ef5ad,
5850375877,Business Analyst,Weir,"Bangalore, Karnataka",,,INR,IT Jobs,,2026-08-21T07:38:47Z,2026-08-31T08:06:43.174198+00:00,business analyst,Bangalore,https://www.adzuna.in/details/5850375877?utm_medium=api&utm_source=f15ef5ad,
5850375945,Specialist Business Analyst,ISSQUARED,"Hyderabad, Telangana",,,INR,IT Jobs,,2026-08-21T07:38:48Z,2026-08-31T08:06:43.174198+00:00,business analyst,Hyderabad,https://www.adzuna.in/details/5850375945?utm_medium=api&utm_source=f15ef5ad,
5850376683,D&A Business Analyst,Mondelez,"Mumbai, Maharashtra",,,INR,IT Jobs,,2026-08-21T07:39:00Z,2026-08-31T08:06:43.174198+00:00,business analyst,Mumbai,https://www.adzuna.in/details/5850376683?utm_medium=api&utm_source=f15ef5ad,
5850377036,"Business Analyst - CRE , CMBS",Vichara Technologies,"Pune, Maharashtra",,,INR,IT Jobs,,2026-08-21T07:39:06Z,2026-08-31T08:06:43.174198+00:00,business analyst,Pune,https://www.adzuna.in/details/5850377036?utm_medium=api&utm_source=f15ef5ad,
5850613230,"Business Analyst, ROC, ROC",Amazon,"Hyderabad, Telangana",,,INR,IT Jobs,,2026-08-21T11:10:02Z,2026-08-31T08:06:43.174198+00:00,business analyst,Hyderabad,https://www.adzuna.in/details/5850613230?utm_medium=api&utm_source=f15ef5ad,
5850636017,Data Analyst I,TIAA,"Pune, Maharashtra",,,INR,IT Jobs,,2026-08-21T11:18:28Z,2026-08-31T08:06:43.174198+00:00,data analyst,Pune,https://www.adzuna.in/details/5850636017?utm_medium=api&utm_source=f15ef5ad,Statistics
5850903185,Senior Data Analyst,Straatix Partners,"Bangalore, Karnataka",2500000.0,4000000.0,INR,IT Jobs,,2026-08-21T16:04:48Z,2026-08-31T08:06:43.174198+00:00,data analyst,Bangalore,https://www.adzuna.in/details/5850903185?utm_medium=api&utm_source=f15ef5ad,
5852139082,Senior Business Analyst,The Hartford,"Hyderabad, Telangana",,,INR,IT Jobs,,2026-08-22T11:18:34Z,2026-08-31T08:06:43.174198+00:00,business analyst,Hyderabad,https://www.adzuna.in/details/5852139082?utm_medium=api&utm_source=f15ef5ad,
5852164425,Senior Analyst - Internal Audit,Wise,"Hyderabad, Telangana",,,INR,Accounting & Finance Jobs,,2026-08-22T12:06:19Z,2026-08-31T08:06:43.174198+00:00,data analyst,Hyderabad,https://www.adzuna.in/land/ad/5852164425?se=6CFp6xKl8RGEeLI7Dotn4Q&utm_medium=api&utm_source=f15ef5ad&v=475302999EA43BCC908B3B261E2AD4C6A04D15C7,
5853191251,Data Architect - Lead Systems Engineer,Autozone,"New Delhi, Delhi",,,INR,IT Jobs,permanent,2026-08-23T07:23:46Z,2026-08-31T08:06:43.174198+00:00,data analyst,Delhi,https://www.adzuna.in/details/5853191251?utm_medium=api&utm_source=f15ef5ad,
5853371424,Lead Data Analyst - INTL India,Insight Global,"Hyderabad, Telangana",,,INR,IT Jobs,,2026-08-23T11:19:02Z,2026-08-31T08:06:43.174198+00:00,data analyst,Hyderabad,https://www.adzuna.in/details/5853371424?utm_medium=api&utm_source=f15ef5ad,
5854447867,Senior Business Analyst,Apex Group,"Baner, Pune",,,INR,IT Jobs,permanent,2026-08-24T21:03:59Z,2026-08-31T08:06:43.174198+00:00,business analyst,Pune,https://www.adzuna.in/details/5854447867?utm_medium=api&utm_source=f15ef5ad,
5854537719,"Sr Manager, Senior Data Analyst",Standard Chartered Bank,"Bangalore, Karnataka",,,INR,Accounting & Finance Jobs,contract,2026-08-25T00:07:28Z,2026-08-31T08:06:43.174198+00:00,data analyst,Bangalore,https://www.adzuna.in/land/ad/5854537719?se=ML-z6BKl8RGcfKYe_cIpvA&utm_medium=api&utm_source=f15ef5ad&v=EBA3E5A1C90D3E6A92603C46CEEC7ABAC2746B3A,
5854877435,Data Analyst,Purview India Consulting And Services Llp,"Pune, Maharashtra",,,INR,IT Jobs,,2026-08-25T07:40:46Z,2026-08-31T08:06:43.174198+00:00,data analyst,Pune,https://www.adzuna.in/details/5854877435?utm_medium=api&utm_source=f15ef5ad,
5854877634,Lead Data Analyst,Purview India Consulting And Services Llp,"Pune, Maharashtra",,,INR,IT Jobs,,2026-08-25T07:40:54Z,2026-08-31T08:06:43.174198+00:00,data analyst,Pune,https://www.adzuna.in/details/5854877634?utm_medium=api&utm_source=f15ef5ad,Hadoop|SQL
5854880417,Business Analyst,Apex 2000,"Pune, Maharashtra",,,INR,IT Jobs,,2026-08-25T07:43:26Z,2026-08-31T08:06:43.174198+00:00,business analyst,Pune,https://www.adzuna.in/details/5854880417?utm_medium=api&utm_source=f15ef5ad,
5854880422,Data Analyst,Apex 2000,"Bangalore, Karnataka",,,INR,IT Jobs,,2026-08-25T07:43:27Z,2026-08-31T08:06:43.174198+00:00,data analyst,Bangalore,https://www.adzuna.in/details/5854880422?utm_medium=api&utm_source=f15ef5ad,
5854880424,Business Analyst,Apex 2000,"Bangalore, Karnataka",,,INR,IT Jobs,,2026-08-25T07:43:27Z,2026-08-31T08:06:43.174198+00:00,business analyst,Bangalore,https://www.adzuna.in/details/5854880424?utm_medium=api&utm_source=f15ef5ad,
5854880926,Lead - Business Analyst,Path Solutions,"Hyderabad, Telangana",,,INR,IT Jobs,,2026-08-25T07:44:11Z,2026-08-31T08:06:43.174198+00:00,business analyst,Hyderabad,https://www.adzuna.in/details/5854880926?utm_medium=api&utm_source=f15ef5ad,
5854880938,Business Analyst,Path Solutions,"Hyderabad, Telangana",,,INR,IT Jobs,,2026-08-25T07:44:11Z,2026-08-31T08:06:43.174198+00:00,business analyst,Hyderabad,https://www.adzuna.in/details/5854880938?utm_medium=api&utm_source=f15ef5ad,
5855007053,Data Analyst / Engineer,Kyndryl,"Bangalore, Karnataka",,,INR,Accounting & Finance Jobs,,2026-08-25T10:08:09Z,2026-08-31T08:06:43.174198+00:00,data analyst,Bangalore,https://www.adzuna.in/land/ad/5855007053?se=ML-z6BKl8RGcfKYe_cIpvA&utm_medium=api&utm_source=f15ef5ad&v=987DAA3F2A13BDCC295A40B49D687ABE3F6B00F5,
5855248947,Business Analyst,Blackbaud India,"Hyderabad, Telangana",,,INR,IT Jobs,,2026-08-25T16:04:50Z,2026-08-31T08:06:43.174198+00:00,business analyst,Hyderabad,https://www.adzuna.in/details/5855248947?utm_medium=api&utm_source=f15ef5ad,
5855249504,Business Analyst / Sr. Business Analyst - OMR - ALMT IT,BNP Paribas,"Mumbai, Maharashtra",,,INR,IT Jobs,,2026-08-25T16:04:52Z,2026-08-31T08:06:43.174198+00:00,business analyst,Mumbai,https://www.adzuna.in/details/5855249504?utm_medium=api&utm_source=f15ef5ad,
5855325334,SFDC - CPQ & Sales Cloud Developer / Lead,ITC Infotech,"Bangalore, Karnataka",,,INR,IT Jobs,,2026-08-25T17:45:57Z,2026-08-31T08:06:43.174198+00:00,business analyst,Bangalore,https://www.adzuna.in/land/ad/5855325334?se=BEda8BKl8RGO7NzH2xZesA&utm_medium=api&utm_source=f15ef5ad&v=F52975ED8E59F7B0485C8C67C7FD08ED54597AC0,
5855429344,"Senior Specialist, Lab Execution System, Business Analyst",MSD,"Hyderabad, Telangana",,,INR,IT Jobs,,2026-08-25T20:08:11Z,2026-08-31T08:06:43.174198+00:00,business analyst,Hyderabad,https://www.adzuna.in/land/ad/5855429344?se=Wj558hKl8RGcfKYe_cIpvA&utm_medium=api&utm_source=f15ef5ad&v=4064BD8B3BEBFD9F4EA93215133961FF9C6E3A0D,
5855429390,"Sr. Spclst, Data Business Analyst",MSD,"Hyderabad, Telangana",,,INR,IT Jobs,,2026-08-25T20:08:16Z,2026-08-31T08:06:43.174198+00:00,data analyst,Hyderabad,https://www.adzuna.in/land/ad/5855429390?se=6CFp6xKl8RGEeLI7Dotn4Q&utm_medium=api&utm_source=f15ef5ad&v=03377EAFCD46DF1B677B73A508CB825985E03903,
5855429399,"Analyst, Data Governance (Corp Functions)",Invesco,"Hyderabad, Telangana",,,INR,Accounting & Finance Jobs,contract,2026-08-25T20:08:16Z,2026-08-31T08:06:43.174198+00:00,data analyst,Hyderabad,https://www.adzuna.in/land/ad/5855429399?se=6CFp6xKl8RGEeLI7Dotn4Q&utm_medium=api&utm_source=f15ef5ad&v=8BCCB1C95660A244F23364B1C8CAE87854AAFBFF,
5855655445,Consultant - Business Analyst,Trigent Software Private Limited,"Richmond Town, Bangalore",100000.0,3500000.0,INR,Accounting & Finance Jobs,,2026-08-25T23:42:27Z,2026-08-31T08:06:43.174198+00:00,business analyst,Bangalore,https://www.adzuna.in/details/5855655445?utm_medium=api&utm_source=f15ef5ad,
5856167964,Business Analyst Associate,CODEMONK,"Bangalore, Karnataka",400000.0,600000.0,INR,IT Jobs,permanent,2026-08-26T07:18:29Z,2026-08-31T08:06:43.174198+00:00,business analyst,Bangalore,https://www.adzuna.in/details/5856167964?utm_medium=api&utm_source=f15ef5ad,
5856197224,Data Testing - Cloud Analyst,Infosys Limited,"Pune, Maharashtra",,,INR,IT Jobs,,2026-08-26T07:38:06Z,2026-08-31T08:06:43.174198+00:00,data analyst,Pune,https://www.adzuna.in/details/5856197224?utm_medium=api&utm_source=f15ef5ad,
5856198092,Business Analyst,QualityKiosk Technologies Private Limited,"Mumbai, Maharashtra",,,INR,IT Jobs,,2026-08-26T07:38:12Z,2026-08-31T08:06:43.174198+00:00,business analyst,Mumbai,https://www.adzuna.in/details/5856198092?utm_medium=api&utm_source=f15ef5ad,
5856198196,Business Analyst- AI (Manufacturing),creospan private limited,"Pune, Maharashtra",,,INR,IT Jobs,,2026-08-26T07:38:13Z,2026-08-31T08:06:43.174198+00:00,business analyst,Pune,https://www.adzuna.in/details/5856198196?utm_medium=api&utm_source=f15ef5ad,
5856441767,Banking - Business Analyst - Officer,Citigroup,"Mumbai, Maharashtra",,,INR,Accounting & Finance Jobs,,2026-08-26T11:17:43Z,2026-08-31T08:06:43.174198+00:00,business analyst,Mumbai,https://www.adzuna.in/details/5856441767?utm_medium=api&utm_source=f15ef5ad,
5856444607,Data Governance Analyst II,Hyster-Yale Materials Handling,"Pune, Maharashtra",,,INR,IT Jobs,,2026-08-26T11:19:20Z,2026-08-31T08:06:43.174198+00:00,data analyst,Pune,https://www.adzuna.in/details/5856444607?utm_medium=api&utm_source=f15ef5ad,
5856447824,Lead Business Analyst,Mastercard,"Pune, Maharashtra",,,INR,Accounting & Finance Jobs,,2026-08-26T11:20:14Z,2026-08-31T08:06:43.174198+00:00,business analyst,Pune,https://www.adzuna.in/details/5856447824?utm_medium=api&utm_source=f15ef5ad,
5856450802,Sr Business Analyst,IQVIA,"Pune, Maharashtra",,,INR,IT Jobs,,2026-08-26T11:21:19Z,2026-08-31T08:06:43.174198+00:00,business analyst,Pune,https://www.adzuna.in/details/5856450802?utm_medium=api&utm_source=f15ef5ad,
5856450915,ERP Business Analyst,Roche,"Hyderabad, Telangana",,,INR,IT Jobs,,2026-08-26T11:21:33Z,2026-08-31T08:06:43.174198+00:00,business analyst,Hyderabad,https://www.adzuna.in/details/5856450915?utm_medium=api&utm_source=f15ef5ad,
5856450949,Senior Analyst Data and Process Management,Sanofi Group,"Hyderabad, Telangana",,,INR,IT Jobs,,2026-08-26T11:21:40Z,2026-08-31T08:06:43.174198+00:00,data analyst,Hyderabad,https://www.adzuna.in/details/5856450949?utm_medium=api&utm_source=f15ef5ad,
5856678805,Maritime Data Analyst,Marcura,"Mumbai, Maharashtra",,,INR,IT Jobs,,2026-08-26T16:05:15Z,2026-08-31T08:06:43.174198+00:00,data analyst,Mumbai,https://www.adzuna.in/details/5856678805?utm_medium=api&utm_source=f15ef5ad,
5856679823,AI Engineer - Agentic AI & Automation,LUXASIA,"Delhi, India",,,INR,IT Jobs,,2026-08-26T16:05:20Z,2026-08-31T08:06:43.174198+00:00,data analyst,Delhi,https://www.adzuna.in/details/5856679823?utm_medium=api&utm_source=f15ef5ad,
5856948344,Data Quality Analyst - Senior 2,Cummins,"Pune, Maharashtra",,,INR,IT Jobs,,2026-08-26T20:47:12Z,2026-08-31T08:06:43.174198+00:00,data analyst,Pune,https://www.adzuna.in/details/5856948344?utm_medium=api&utm_source=f15ef5ad,
5856956853,Sr Business Analyst,IQVIA,"Pune, Maharashtra",,,INR,IT Jobs,,2026-08-26T20:50:35Z,2026-08-31T08:06:43.174198+00:00,business analyst,Pune,https://www.adzuna.in/details/5856956853?utm_medium=api&utm_source=f15ef5ad,
5856970494,Data Analyst SME,Jade Global,"Pune, Maharashtra",,,INR,IT Jobs,,2026-08-26T20:56:20Z,2026-08-31T08:06:43.174198+00:00,data analyst,Pune,https://www.adzuna.in/details/5856970494?utm_medium=api&utm_source=f15ef5ad,
5856973572,Senior Data Analyst,Okta,"Bangalore, Karnataka",,,INR,IT Jobs,,2026-08-26T20:57:59Z,2026-08-31T08:06:43.174198+00:00,data analyst,Bangalore,https://www.adzuna.in/details/5856973572?utm_medium=api&utm_source=f15ef5ad,
5856982252,Senior Analyst Data and Process Management,Sanofi,"Hyderabad, Telangana",,,INR,IT Jobs,permanent,2026-08-26T21:03:05Z,2026-08-31T08:06:43.174198+00:00,data analyst,Hyderabad,https://www.adzuna.in/details/5856982252?utm_medium=api&utm_source=f15ef5ad,
5857002161,Business Analyst,Phoenix Mills,"Mumbai, Maharashtra",,,INR,Accounting & Finance Jobs,,2026-08-26T21:07:52Z,2026-08-31T08:06:43.174198+00:00,business analyst,Mumbai,https://www.adzuna.in/details/5857002161?utm_medium=api&utm_source=f15ef5ad,
5857207838,Business Analyst EU,Acme Services Private Limited,"Richmond Town, Bangalore",2100000.0,2200000.0,INR,IT Jobs,,2026-08-26T23:41:52Z,2026-08-31T08:06:43.174198+00:00,business analyst,Bangalore,https://www.adzuna.in/details/5857207838?utm_medium=api&utm_source=f15ef5ad,
5857207870,Senior Business Analyst,Trigent Software Private Limited,"Richmond Town, Bangalore",1500000.0,1500000.0,INR,IT Jobs,,2026-08-26T23:41:53Z,2026-08-31T08:06:43.174198+00:00,business analyst,Bangalore,https://www.adzuna.in/details/5857207870?utm_medium=api&utm_source=f15ef5ad,
5857213368,Calypso BA,Blue Spire Inc,"Hyderabad, Telangana",,,INR,IT Jobs,,2026-08-26T23:57:50Z,2026-08-31T08:06:43.174198+00:00,business analyst,Hyderabad,https://www.adzuna.in/land/ad/5857213368?se=Wj558hKl8RGcfKYe_cIpvA&utm_medium=api&utm_source=f15ef5ad&v=AABD46C8549593FFEA8E982018B432D115904041,
5857251124,Senior Business Analysis - Sr Business Analyst - BNPP - Paribas,Capco,"Bangalore, Karnataka",,,INR,IT Jobs,,2026-08-27T02:10:26Z,2026-08-31T08:06:43.174198+00:00,business analyst,Bangalore,https://www.adzuna.in/land/ad/5857251124?se=2KrI7xKl8RGEeLI7Dotn4Q&utm_medium=api&utm_source=f15ef5ad&v=2BDA6E1E87A7D7EDE3952410F9E14A4AB2AA5A62,
5857251168,Competitive Data Eng & Analyst,eBay,"Bangalore, Karnataka",,,INR,IT Jobs,,2026-08-27T02:10:33Z,2026-08-31T08:06:43.174198+00:00,data analyst,Bangalore,https://www.adzuna.in/land/ad/5857251168?se=ML-z6BKl8RGcfKYe_cIpvA&utm_medium=api&utm_source=f15ef5ad&v=EC8A5FFC2C126851558CFAA0685976C27C1836ED,
5857251181,Data Analyst - Data Remediation - Mumbai,Capco,"Mumbai, Maharashtra",,,INR,IT Jobs,,2026-08-27T02:10:36Z,2026-08-31T08:06:43.174198+00:00,data analyst,Mumbai,https://www.adzuna.in/land/ad/5857251181?se=rsMR6hKl8RG6yI2gUSaFGg&utm_medium=api&utm_source=f15ef5ad&v=E627D12D3B0555AB7B69176F505B871F5F83ABC5,
5857743374,Business Analyst III,F5 Networks Innovation Private Limited,"Hyderabad, Telangana",,,INR,IT Jobs,,2026-08-27T07:39:46Z,2026-08-31T08:06:43.174198+00:00,business analyst,Hyderabad,https://www.adzuna.in/details/5857743374?utm_medium=api&utm_source=f15ef5ad,
5857743638,Mis Executive,Bigbasket,"Pune, Maharashtra",,,INR,IT Jobs,,2026-08-27T07:40:00Z,2026-08-31T08:06:43.174198+00:00,data analyst,Pune,https://www.adzuna.in/details/5857743638?utm_medium=api&utm_source=f15ef5ad,Statistics
5857750991,Mirai- Data Analyst,Hindustan Unilever Hul,"Bangalore, Karnataka",,,INR,IT Jobs,,2026-08-27T07:41:45Z,2026-08-31T08:06:43.174198+00:00,data analyst,Bangalore,https://www.adzuna.in/details/5857750991?utm_medium=api&utm_source=f15ef5ad,
5857951382,Data Quality Analyst - Senior 2,Cummins Inc.,"Pune, Maharashtra",,,INR,IT Jobs,,2026-08-27T11:21:00Z,2026-08-31T08:06:43.174198+00:00,data analyst,Pune,https://www.adzuna.in/details/5857951382?utm_medium=api&utm_source=f15ef5ad,
5857956612,Business Analyst,Insight Global,"Hyderabad, Telangana",,,INR,IT Jobs,,2026-08-27T11:22:45Z,2026-08-31T08:06:43.174198+00:00,business analyst,Hyderabad,https://www.adzuna.in/details/5857956612?utm_medium=api&utm_source=f15ef5ad,Excel
5857982535,"Specialist, ServiceNow Business Analyst",MSD,"Hyderabad, Telangana",,,INR,IT Jobs,,2026-08-27T12:12:28Z,2026-08-31T08:06:43.174198+00:00,business analyst,Hyderabad,https://www.adzuna.in/land/ad/5857982535?se=Wj558hKl8RGcfKYe_cIpvA&utm_medium=api&utm_source=f15ef5ad&v=0905440A2349F5D693B5F4F3D27D0CFFEF0A64BF,
5857982560,Senior Analyst,Deutsche Bank,"Pune, Maharashtra",,,INR,IT Jobs,,2026-08-27T12:12:29Z,2026-08-31T08:06:43.174198+00:00,business analyst,Pune,https://www.adzuna.in/land/ad/5857982560?se=tnSy9BKl8RGmWLSJ9NNeiw&utm_medium=api&utm_source=f15ef5ad&v=5F17985220291EE0BF916FDC7B360E5223B98399,
5858113410,Project management - Finance,KPMG India,"Mumbai, Maharashtra",,,INR,IT Jobs,,2026-08-27T15:59:22Z,2026-08-31T08:06:43.174198+00:00,business analyst,Mumbai,https://www.adzuna.in/land/ad/5858113410?se=hn_G8RKl8RGcfKYe_cIpvA&utm_medium=api&utm_source=f15ef5ad&v=83A092E2F94AA2AFB484B9E776323E14A8EB78E2,
5858114183,Business Development Manager,Selective Global Search Pvt. Ltd.,"Delhi, India",,,INR,Sales Jobs,,2026-08-27T16:00:35Z,2026-08-31T08:06:43.174198+00:00,business analyst,Delhi,https://www.adzuna.in/land/ad/5858114183?se=JnMs7hKl8RGMLchEge5yKg&utm_medium=api&utm_source=f15ef5ad&v=1157CDFFA958AD4F611A7256374BA8660507676F,
5858124431,Data Engineer,Weekday AI,"New Delhi, Delhi",,,INR,IT Jobs,,2026-08-27T16:05:29Z,2026-08-31T08:06:43.174198+00:00,data analyst,Delhi,https://www.adzuna.in/details/5858124431?utm_medium=api&utm_source=f15ef5ad,Azure
5858124472,Data Engineer,Weekday AI,"Delhi, India",,,INR,IT Jobs,,2026-08-27T16:05:29Z,2026-08-31T08:06:43.174198+00:00,data analyst,Delhi,https://www.adzuna.in/details/5858124472?utm_medium=api&utm_source=f15ef5ad,Azure
5858131069,Sr Data Analyst (Tariff Data,Staffnixcom,"Pune, Maharashtra",1100000.0,1500000.0,INR,IT Jobs,,2026-08-27T16:06:25Z,2026-08-31T08:06:43.174198+00:00,data analyst,Pune,https://www.adzuna.in/details/5858131069?utm_medium=api&utm_source=f15ef5ad,Excel|Python|SQL
5858131073,Data Analyst,Vikash Technologies,"Delhi, India",1400000.0,2000000.0,INR,IT Jobs,,2026-08-27T16:06:25Z,2026-08-31T08:06:43.174198+00:00,data analyst,Delhi,https://www.adzuna.in/details/5858131073?utm_medium=api&utm_source=f15ef5ad,Azure|ETL|Python|SQL
5858205139,Senior Business Analyst,Vrinda International,"Bangalore, Karnataka",1500000.0,1800000.0,INR,IT Jobs,permanent,2026-08-27T17:11:56Z,2026-08-31T08:06:43.174198+00:00,business analyst,Bangalore,https://www.adzuna.in/details/5858205139?utm_medium=api&utm_source=f15ef5ad,
5858309628,Business Analyst -Remote – Telecom,AireSpring,"Pune, Maharashtra",,,INR,IT Jobs,,2026-08-27T19:45:09Z,2026-08-31T08:06:43.174198+00:00,business analyst,Pune,https://www.adzuna.in/details/5858309628?utm_medium=api&utm_source=f15ef5ad,
5858367077,SAP FI Business Analyst,MiniMed,"Pune, Maharashtra",,,INR,Accounting & Finance Jobs,,2026-08-27T20:51:47Z,2026-08-31T08:06:43.174198+00:00,business analyst,Pune,https://www.adzuna.in/details/5858367077?utm_medium=api&utm_source=f15ef5ad,SAP
5858392134,Business and Data Analyst - Emerging Leader,State Street,"Hyderabad, Telangana",,,INR,IT Jobs,,2026-08-27T21:06:02Z,2026-08-31T08:06:43.174198+00:00,data analyst,Hyderabad,https://www.adzuna.in/details/5858392134?utm_medium=api&utm_source=f15ef5ad,Power BI|Tableau
5858392279,SAP P2P Principal Business Analyst,MiniMed,"Pune, Maharashtra",,,INR,IT Jobs,,2026-08-27T21:06:08Z,2026-08-31T08:06:43.174198+00:00,business analyst,Pune,https://www.adzuna.in/details/5858392279?utm_medium=api&utm_source=f15ef5ad,SAP
5858394269,"Business Analyst, Operation",Red Nucleus,"Pune, Maharashtra",,,INR,IT Jobs,,2026-08-27T21:06:56Z,2026-08-31T08:06:43.174198+00:00,business analyst,Pune,https://www.adzuna.in/details/5858394269?utm_medium=api&utm_source=f15ef5ad,
5858538869,Technical Product Manager,Morningstar,"Mumbai, Maharashtra",,,INR,IT Jobs,,2026-08-27T22:17:06Z,2026-08-31T08:06:43.174198+00:00,business analyst,Mumbai,https://www.adzuna.in/land/ad/5858538869?se=hn_G8RKl8RGcfKYe_cIpvA&utm_medium=api&utm_source=f15ef5ad&v=4A6C44C54D2CCC275F0F6D568A7F5D964547B345,
5858708882,Senior Business Analyst ID85838,AgileEngine,"Vileparle West, Mumbai",,,INR,IT Jobs,contract,2026-08-28T03:21:09Z,2026-08-31T08:06:43.174198+00:00,business analyst,Mumbai,https://www.adzuna.in/details/5858708882?utm_medium=api&utm_source=f15ef5ad,Machine Learning
5858708996,Senior Business Analyst ID85838,AgileEngine,"Sansad Marg, New Delhi",,,INR,IT Jobs,contract,2026-08-28T03:21:10Z,2026-08-31T08:06:43.174198+00:00,business analyst,Delhi,https://www.adzuna.in/details/5858708996?utm_medium=api&utm_source=f15ef5ad,Machine Learning
5858709007,Senior Business Analyst ID85838,AgileEngine,"Yerwada, Pune",,,INR,IT Jobs,contract,2026-08-28T03:21:10Z,2026-08-31T08:06:43.174198+00:00,business analyst,Pune,https://www.adzuna.in/details/5858709007?utm_medium=api&utm_source=f15ef5ad,Machine Learning
5858709030,Senior Business Analyst ID85838,AgileEngine,"Hussainialam, Hyderabad",,,INR,IT Jobs,contract,2026-08-28T03:21:10Z,2026-08-31T08:06:43.174198+00:00,business analyst,Hyderabad,https://www.adzuna.in/details/5858709030?utm_medium=api&utm_source=f15ef5ad,Machine Learning
5858724416,Data Analyst,Garden City Games India Pvt Ltd,"Richmond Town, Bangalore",,,INR,IT Jobs,permanent,2026-08-28T03:23:17Z,2026-08-31T08:06:43.174198+00:00,data analyst,Bangalore,https://www.adzuna.in/details/5858724416?utm_medium=api&utm_source=f15ef5ad,
5858724469,Require a Data Analyst - Data Operations in Mumbai,TestHiring,"M A Marg, Mumbai",1000000.0,1400000.0,INR,Accounting & Finance Jobs,permanent,2026-08-28T03:23:17Z,2026-08-31T08:06:43.174198+00:00,data analyst,Mumbai,https://www.adzuna.in/details/5858724469?utm_medium=api&utm_source=f15ef5ad,
5859117636,Aerospace Warranty Data Analyst,Onward Technologies Limited,"Pune, Maharashtra",,,INR,Engineering Jobs,,2026-08-28T07:35:50Z,2026-08-31T08:06:43.174198+00:00,data analyst,Pune,https://www.adzuna.in/details/5859117636?utm_medium=api&utm_source=f15ef5ad,
5859118160,Sr. Business Analyst,BcForward India Technologies Private Limited,"Hyderabad, Telangana",,,INR,IT Jobs,,2026-08-28T07:36:14Z,2026-08-31T08:06:43.174198+00:00,business analyst,Hyderabad,https://www.adzuna.in/details/5859118160?utm_medium=api&utm_source=f15ef5ad,
5859120187,Senior Data Analyst,GSPANN,"Delhi, India",,,INR,IT Jobs,,2026-08-28T07:36:56Z,2026-08-31T08:06:43.174198+00:00,data analyst,Delhi,https://www.adzuna.in/details/5859120187?utm_medium=api&utm_source=f15ef5ad,
5859120210,Senior Data Analyst,GSPANN,"Pune, Maharashtra",,,INR,IT Jobs,,2026-08-28T07:36:56Z,2026-08-31T08:06:43.174198+00:00,data analyst,Pune,https://www.adzuna.in/details/5859120210?utm_medium=api&utm_source=f15ef5ad,
5859120223,Data Modeller,GSPANN,"Pune, Maharashtra",,,INR,IT Jobs,,2026-08-28T07:36:57Z,2026-08-31T08:06:43.174198+00:00,data analyst,Pune,https://www.adzuna.in/details/5859120223?utm_medium=api&utm_source=f15ef5ad,
5859120231,Senior Data Analyst,GSPANN,"Hyderabad, Telangana",,,INR,IT Jobs,,2026-08-28T07:36:57Z,2026-08-31T08:06:43.174198+00:00,data analyst,Hyderabad,https://www.adzuna.in/details/5859120231?utm_medium=api&utm_source=f15ef5ad,
5859121332,Business Analyst,Mastermind Network,"Bangalore, Karnataka",,,INR,IT Jobs,,2026-08-28T07:37:18Z,2026-08-31T08:06:43.174198+00:00,business analyst,Bangalore,https://www.adzuna.in/details/5859121332?utm_medium=api&utm_source=f15ef5ad,
5859122458,Principal Data Architect- Data Modelling,Tiger Analytics,"Delhi, India",,,INR,IT Jobs,,2026-08-28T07:37:30Z,2026-08-31T08:06:43.174198+00:00,data analyst,Delhi,https://www.adzuna.in/details/5859122458?utm_medium=api&utm_source=f15ef5ad,
5859122619,Senior Data Analyst,Robosoft Technologies,"Bangalore, Karnataka",,,INR,IT Jobs,,2026-08-28T07:37:33Z,2026-08-31T08:06:43.174198+00:00,data analyst,Bangalore,https://www.adzuna.in/details/5859122619?utm_medium=api&utm_source=f15ef5ad,Python|SQL
5859122633,Senior Data Analyst,Robosoft Technologies,"Bangalore, Karnataka",,,INR,IT Jobs,,2026-08-28T07:37:33Z,2026-08-31T08:06:43.174198+00:00,data analyst,Bangalore,https://www.adzuna.in/details/5859122633?utm_medium=api&utm_source=f15ef5ad,
5859122688,Data Analyst,Robosoft Technologies,"Bangalore, Karnataka",,,INR,IT Jobs,,2026-08-28T07:37:34Z,2026-08-31T08:06:43.174198+00:00,data analyst,Bangalore,https://www.adzuna.in/details/5859122688?utm_medium=api&utm_source=f15ef5ad,SQL
5859122691,Lead Data Analyst,Robosoft Technologies,"Bangalore, Karnataka",,,INR,IT Jobs,,2026-08-28T07:37:34Z,2026-08-31T08:06:43.174198+00:00,data analyst,Bangalore,https://www.adzuna.in/details/5859122691?utm_medium=api&utm_source=f15ef5ad,SQL
5859124407,Business Analyst - Success Acceleration Services,SailPoint Technologies,"Pune, Maharashtra",,,INR,IT Jobs,,2026-08-28T07:38:10Z,2026-08-31T08:06:43.174198+00:00,business analyst,Pune,https://www.adzuna.in/details/5859124407?utm_medium=api&utm_source=f15ef5ad,
5859124426,Data Analyst (Tableau),SailPoint Technologies,"Pune, Maharashtra",,,INR,IT Jobs,,2026-08-28T07:38:10Z,2026-08-31T08:06:43.174198+00:00,data analyst,Pune,https://www.adzuna.in/details/5859124426?utm_medium=api&utm_source=f15ef5ad,Tableau
5859162367,"Business Functional Analyst (Midrange), AVP",Deutsche Bank,"Pune, Maharashtra",,,INR,IT Jobs,,2026-08-28T08:11:35Z,2026-08-31T08:06:43.174198+00:00,business analyst,Pune,https://www.adzuna.in/land/ad/5859162367?se=5gb28xKl8RGO7NzH2xZesA&utm_medium=api&utm_source=f15ef5ad&v=1F46D961C746B123E3886426D87297365109D264,
5859162456,Analytics Senior Manager - Risk & Controls,Wise,"Hyderabad, Telangana",,,INR,IT Jobs,,2026-08-28T08:11:46Z,2026-08-31T08:06:43.174198+00:00,data analyst,Hyderabad,https://www.adzuna.in/land/ad/5859162456?se=5J366xKl8RGcfKYe_cIpvA&utm_medium=api&utm_source=f15ef5ad&v=BF15CD28F34C58331A5CFF3143E3263AC04449E4,
5859426417,Reference Data Services Intmd Analyst,Citigroup,"Mumbai, Maharashtra",,,INR,Accounting & Finance Jobs,,2026-08-28T11:22:33Z,2026-08-31T08:06:43.174198+00:00,data analyst,Mumbai,https://www.adzuna.in/details/5859426417?utm_medium=api&utm_source=f15ef5ad,
5859426464,Data Quality Analyst,Citigroup,"Pune, Maharashtra",,,INR,Accounting & Finance Jobs,,2026-08-28T11:22:34Z,2026-08-31T08:06:43.174198+00:00,data analyst,Pune,https://www.adzuna.in/details/5859426464?utm_medium=api&utm_source=f15ef5ad,
5859432776,Senior Data Analyst I with Python Experience,Intercontinental Exchange ,"Pune, Maharashtra",,,INR,IT Jobs,,2026-08-28T11:25:44Z,2026-08-31T08:06:43.174198+00:00,data analyst,Pune,https://www.adzuna.in/details/5859432776?utm_medium=api&utm_source=f15ef5ad,Python
5859435881,Procurement Data Analytics & Reporting Analyst,Qnity,"Hyderabad, Telangana",,,INR,IT Jobs,,2026-08-28T11:27:20Z,2026-08-31T08:06:43.174198+00:00,data analyst,Hyderabad,https://www.adzuna.in/details/5859435881?utm_medium=api&utm_source=f15ef5ad,
5859436291,Data Management Analyst,Wells Fargo,"Hyderabad, Telangana",,,INR,IT Jobs,,2026-08-28T11:27:40Z,2026-08-31T08:06:43.174198+00:00,data analyst,Hyderabad,https://www.adzuna.in/details/5859436291?utm_medium=api&utm_source=f15ef5ad,
5859436871,Business Analyst,UnitedHealth Group,"Hyderabad, Telangana",,,INR,IT Jobs,,2026-08-28T11:28:27Z,2026-08-31T08:06:43.174198+00:00,business analyst,Hyderabad,https://www.adzuna.in/details/5859436871?utm_medium=api&utm_source=f15ef5ad,
5859582489,Business Analyst (StarLIMS),Avacone,"Hyderabad, Telangana",,,INR,IT Jobs,,2026-08-28T16:06:00Z,2026-08-31T08:06:43.174198+00:00,business analyst,Hyderabad,https://www.adzuna.in/details/5859582489?utm_medium=api&utm_source=f15ef5ad,
5859582963,Senior Data Analyst,Keka HR,"Hyderabad, Telangana",,,INR,IT Jobs,,2026-08-28T16:06:02Z,2026-08-31T08:06:43.174198+00:00,data analyst,Hyderabad,https://www.adzuna.in/details/5859582963?utm_medium=api&utm_source=f15ef5ad,
5859658122,Data Migration Lead – MS Dynamics 365 CRM,BAY6.AI,"Hyderabad, Telangana",,,INR,IT Jobs,,2026-08-28T18:04:36Z,2026-08-31T08:06:43.174198+00:00,business analyst,Hyderabad,https://www.adzuna.in/land/ad/5859658122?se=Wj558hKl8RGcfKYe_cIpvA&utm_medium=api&utm_source=f15ef5ad&v=4F13B9BFF53AB86466BFCC89AD18B0DF261B094C,
5859662577,Data Analyst- Geology,S&P Global,"Bangalore, Karnataka",,,INR,"Energy, Oil & Gas Jobs",,2026-08-28T18:11:48Z,2026-08-31T08:06:43.174198+00:00,data analyst,Bangalore,https://www.adzuna.in/land/ad/5859662577?se=ML-z6BKl8RGcfKYe_cIpvA&utm_medium=api&utm_source=f15ef5ad&v=16E84E5C9812DC7D6DE8F384F3B7FEB570FFD3C3,
5859662662,Business Analyst,Standard Chartered Bank,"Bangalore, Karnataka",,,INR,Accounting & Finance Jobs,,2026-08-28T18:11:57Z,2026-08-31T08:06:43.174198+00:00,business analyst,Bangalore,https://www.adzuna.in/land/ad/5859662662?se=2KrI7xKl8RGEeLI7Dotn4Q&utm_medium=api&utm_source=f15ef5ad&v=5F8E98C35FE17B8AA72E0FC7DEEF1A416AE1556F,
5859756827,Executive - Regional Data Analytics - Express Logistics,DP World,"Delhi, India",,,INR,IT Jobs,,2026-08-28T20:48:04Z,2026-08-31T08:06:43.174198+00:00,data analyst,Delhi,https://www.adzuna.in/details/5859756827?utm_medium=api&utm_source=f15ef5ad,
5859757085,Business Analyst (18 months Contract),RGA,"Mumbai, Maharashtra",,,INR,Accounting & Finance Jobs,contract,2026-08-28T20:48:21Z,2026-08-31T08:06:43.174198+00:00,business analyst,Mumbai,https://www.adzuna.in/details/5859757085?utm_medium=api&utm_source=f15ef5ad,
5859770672,SAP FI Principal Business Analyst,MiniMed,"Pune, Maharashtra",,,INR,Accounting & Finance Jobs,,2026-08-28T21:01:24Z,2026-08-31T08:06:43.174198+00:00,business analyst,Pune,https://www.adzuna.in/details/5859770672?utm_medium=api&utm_source=f15ef5ad,SAP
5860300765,"Business Analyst/AI Translator, Credit Risk",Deutsche Bank,"Mumbai, Maharashtra",,,INR,IT Jobs,,2026-08-29T04:13:21Z,2026-08-31T08:06:43.174198+00:00,business analyst,Mumbai,https://www.adzuna.in/land/ad/5860300765?se=SMgq8RKl8RGEeLI7Dotn4Q&utm_medium=api&utm_source=f15ef5ad&v=5098E8A57654FBAA2CC69FE6295671A3B98E8257,
5860300789,"Project & Change Lead – Business Analyst/Project Manager, AVP",Deutsche Bank,"Mumbai, Maharashtra",,,INR,Accounting & Finance Jobs,,2026-08-29T04:13:26Z,2026-08-31T08:06:43.174198+00:00,business analyst,Mumbai,https://www.adzuna.in/land/ad/5860300789?se=SMgq8RKl8RGEeLI7Dotn4Q&utm_medium=api&utm_source=f15ef5ad&v=1C1ABFD9D46439949C0EBD2EF9122A4F14817D3E,
5860516888,Automation Test Engineer - Senior Systems Engineer,Autozone,"New Delhi, Delhi",,,INR,IT Jobs,permanent,2026-08-29T07:36:04Z,2026-08-31T08:06:43.174198+00:00,business analyst,Delhi,https://www.adzuna.in/details/5860516888?utm_medium=api&utm_source=f15ef5ad,
5860534478,Business Analyst,Nutanix,"Bangalore, Karnataka",,,INR,IT Jobs,,2026-08-29T07:40:07Z,2026-08-31T08:06:43.174198+00:00,business analyst,Bangalore,https://www.adzuna.in/details/5860534478?utm_medium=api&utm_source=f15ef5ad,
5860539948,Engineer - Data Analyst,BUSINESSNEXT,"Mumbai, Maharashtra",,,INR,IT Jobs,,2026-08-29T07:41:05Z,2026-08-31T08:06:43.174198+00:00,data analyst,Mumbai,https://www.adzuna.in/details/5860539948?utm_medium=api&utm_source=f15ef5ad,
5860541611,Product Specialist / Business Analyst,Aurionpro,"Mumbai, Maharashtra",,,INR,IT Jobs,,2026-08-29T07:41:25Z,2026-08-31T08:06:43.174198+00:00,business analyst,Mumbai,https://www.adzuna.in/details/5860541611?utm_medium=api&utm_source=f15ef5ad,
5860541645,Business Analyst,Aurionpro,"Mumbai, Maharashtra",,,INR,IT Jobs,,2026-08-29T07:41:26Z,2026-08-31T08:06:43.174198+00:00,business analyst,Mumbai,https://www.adzuna.in/details/5860541645?utm_medium=api&utm_source=f15ef5ad,
5860805793,SAP FI Principal Business Analyst,MiniMed,"Pune, Maharashtra",,,INR,IT Jobs,,2026-08-29T11:25:53Z,2026-08-31T08:06:43.174198+00:00,business analyst,Pune,https://www.adzuna.in/details/5860805793?utm_medium=api&utm_source=f15ef5ad,SAP
5860806668,Senior Analyst (Data Strategy & Acquisition),Roche,"Hyderabad, Telangana",,,INR,IT Jobs,,2026-08-29T11:26:48Z,2026-08-31T08:06:43.174198+00:00,data analyst,Hyderabad,https://www.adzuna.in/details/5860806668?utm_medium=api&utm_source=f15ef5ad,
5860807711,Data Engineer Analyst,UnitedHealth Group,"Hyderabad, Telangana",,,INR,IT Jobs,,2026-08-29T11:28:23Z,2026-08-31T08:06:43.174198+00:00,data analyst,Hyderabad,https://www.adzuna.in/details/5860807711?utm_medium=api&utm_source=f15ef5ad,
5860807772,Senior Data Engineering Analyst,UnitedHealth Group,"Hyderabad, Telangana",,,INR,IT Jobs,,2026-08-29T11:28:29Z,2026-08-31T08:06:43.174198+00:00,data analyst,Hyderabad,https://www.adzuna.in/details/5860807772?utm_medium=api&utm_source=f15ef5ad,
5860916024,Sr. BA II,Invesco,"Hyderabad, Telangana",,,INR,IT Jobs,contract,2026-08-29T14:15:09Z,2026-08-31T08:06:43.174198+00:00,business analyst,Hyderabad,https://www.adzuna.in/land/ad/5860916024?se=Wj558hKl8RGcfKYe_cIpvA&utm_medium=api&utm_source=f15ef5ad&v=529B6C172891F552D3DDB48E2E538C7E24074E75,
5860969604,Senior Data Analyst and Power BI Expert,Nextpower,"Hyderabad, Telangana",,,INR,"Energy, Oil & Gas Jobs",,2026-08-29T16:06:33Z,2026-08-31T08:06:43.174198+00:00,data analyst,Hyderabad,https://www.adzuna.in/details/5860969604?utm_medium=api&utm_source=f15ef5ad,Power BI
5861224652,Distribution Data Management Analyst,Franklin Templeton,"Hyderabad, Telangana",,,INR,IT Jobs,,2026-08-29T20:51:04Z,2026-08-31T08:06:43.174198+00:00,data analyst,Hyderabad,https://www.adzuna.in/details/5861224652?utm_medium=api&utm_source=f15ef5ad,
5861227541,AI Business Analyst,Crowe,"Hyderabad, Telangana",,,INR,IT Jobs,,2026-08-29T20:53:21Z,2026-08-31T08:06:43.174198+00:00,business analyst,Hyderabad,https://www.adzuna.in/details/5861227541?utm_medium=api&utm_source=f15ef5ad,
5861239081,Data Analyst L1,Cohere Health,"Hyderabad, Telangana",,,INR,Accounting & Finance Jobs,,2026-08-29T21:02:10Z,2026-08-31T08:06:43.174198+00:00,data analyst,Hyderabad,https://www.adzuna.in/details/5861239081?utm_medium=api&utm_source=f15ef5ad,
5861792577,Business Analyst,Talodyn Networks Private Limited,"Bangalore, Karnataka",,,INR,IT Jobs,,2026-08-30T07:38:43Z,2026-08-31T08:06:43.174198+00:00,business analyst,Bangalore,https://www.adzuna.in/details/5861792577?utm_medium=api&utm_source=f15ef5ad,
5861792755,Intern - Business Analyst,People tech,"Hyderabad, Telangana",,,INR,IT Jobs,,2026-08-30T07:39:03Z,2026-08-31T08:06:43.174198+00:00,business analyst,Hyderabad,https://www.adzuna.in/details/5861792755?utm_medium=api&utm_source=f15ef5ad,
5861793858,Data Analyst,Aon,"Bangalore, Karnataka",,,INR,IT Jobs,,2026-08-30T07:40:00Z,2026-08-31T08:06:43.174198+00:00,data analyst,Bangalore,https://www.adzuna.in/details/5861793858?utm_medium=api&utm_source=f15ef5ad,
5861794505,Tech Business Analyst,Genzeon Corporation,"Hyderabad, Telangana",,,INR,IT Jobs,,2026-08-30T07:40:26Z,2026-08-31T08:06:43.174198+00:00,business analyst,Hyderabad,https://www.adzuna.in/details/5861794505?utm_medium=api&utm_source=f15ef5ad,
5861956084,Senior Business Data Analyst - Capital Market- Vice President,Citigroup,"Pune, Maharashtra",,,INR,IT Jobs,,2026-08-30T11:23:06Z,2026-08-31T08:06:43.174198+00:00,data analyst,Pune,https://www.adzuna.in/details/5861956084?utm_medium=api&utm_source=f15ef5ad,
5861956154,Senior Business Data Analyst - Capital Market- Vice President,Citigroup,"Pune, Maharashtra",,,INR,IT Jobs,,2026-08-30T11:23:07Z,2026-08-31T08:06:43.174198+00:00,data analyst,Pune,https://www.adzuna.in/details/5861956154?utm_medium=api&utm_source=f15ef5ad,
5861965799,Senior Data Engineering Analyst,UnitedHealth Group,"Hyderabad, Telangana",,,INR,IT Jobs,,2026-08-30T11:28:04Z,2026-08-31T08:06:43.174198+00:00,data analyst,Hyderabad,https://www.adzuna.in/details/5861965799?utm_medium=api&utm_source=f15ef5ad,
5861965986,Data Analyst,Veralto,"Bangalore, Karnataka",,,INR,IT Jobs,,2026-08-30T11:28:16Z,2026-08-31T08:06:43.174198+00:00,data analyst,Bangalore,https://www.adzuna.in/details/5861965986?utm_medium=api&utm_source=f15ef5ad,Power BI
5862691763,Business Analyst,ascendion,"Bangalore, Karnataka",,,INR,IT Jobs,,2026-08-31T07:42:07Z,2026-08-31T08:06:43.174198+00:00,business analyst,Bangalore,https://www.adzuna.in/details/5862691763?utm_medium=api&utm_source=f15ef5ad,
5851408983,Data Analyst,Acme Services Private Limited,"Richmond Town, Bangalore",1900000.0,2000000.0,INR,IT Jobs,,2026-08-21T23:35:59Z,2026-08-24T03:00:57.421760+00:00,data analyst,Bangalore,https://www.adzuna.in/details/5851408983?utm_medium=api&utm_source=f15ef5ad,AWS|NumPy|Pandas|Python|SQL|Spark
5513865406,Lead Product Designer (Growth) - B2C,Peak Hire Solutions,"Mumbai, Maharashtra",2500000.0,4000000.0,INR,IT Jobs,,2025-11-26T04:50:08Z,2026-08-23T16:40:23.813095+00:00,data analyst,Mumbai,https://www.adzuna.in/details/5513865406?utm_medium=api&utm_source=f15ef5ad,
5627352864,"Lead Product Designer (B2C, Tier-1)",Peak Hire Solutions,"Mumbai, Maharashtra",3800000.0,5000000.0,INR,"PR, Advertising & Marketing Jobs",,2026-02-13T11:41:19Z,2026-08-23T16:40:23.813095+00:00,data analyst,Mumbai,https://www.adzuna.in/details/5627352864?utm_medium=api&utm_source=f15ef5ad,
5646970241,"Sr. Business Analyst, Account Integrity",ADCI - Karnataka,"Hyderabad, Telangana",,,INR,Sales Jobs,,2026-02-27T11:16:36Z,2026-08-23T16:40:23.813095+00:00,business analyst,Hyderabad,https://www.adzuna.in/details/5646970241?utm_medium=api&utm_source=f15ef5ad,
5727281847,Business Analyst - Retail Liabilities & NRI - Leading Bank,Acura Solution,"Mumbai, Maharashtra",,,INR,IT Jobs,,2026-05-13T02:19:13Z,2026-08-23T16:40:23.813095+00:00,business analyst,Mumbai,https://www.adzuna.in/details/5727281847?utm_medium=api&utm_source=f15ef5ad,
5781824777,Senior Consultant – Business Analyst,Jobskey Consultancy,"Pune, Maharashtra",,,INR,IT Jobs,,2026-06-30T11:19:31Z,2026-08-23T16:40:23.813095+00:00,business analyst,Pune,https://www.adzuna.in/details/5781824777?utm_medium=api&utm_source=f15ef5ad,
5782536483,Data Governance Analyst,EXL,"Pune, Maharashtra",,,INR,IT Jobs,,2026-07-01T02:41:49Z,2026-08-23T16:40:23.813095+00:00,data analyst,Pune,https://www.adzuna.in/details/5782536483?utm_medium=api&utm_source=f15ef5ad,
5795115935,Climate Data Analyst,MSCI Inc.,"Goregaon East, Mumbai",,,INR,Scientific & QA Jobs,,2026-07-10T10:25:35Z,2026-08-23T16:40:23.813095+00:00,data analyst,Mumbai,https://www.adzuna.in/details/5795115935?utm_medium=api&utm_source=f15ef5ad,
5796414140,Sr Scrum Master & Business Analyst,Align Technology,"Hyderabad, Telangana",,,INR,IT Jobs,,2026-07-11T07:20:30Z,2026-08-23T16:40:23.813095+00:00,business analyst,Hyderabad,https://www.adzuna.in/details/5796414140?utm_medium=api&utm_source=f15ef5ad,
5819297198,Software Test Engineer,AQM Technologies,"Mumbai, Maharashtra",,,INR,IT Jobs,,2026-07-29T09:20:07Z,2026-08-23T16:40:23.813095+00:00,business analyst,Mumbai,https://www.adzuna.in/land/ad/5819297198?se=NnKlXhGf8RGfQpohglHoaw&utm_medium=api&utm_source=f15ef5ad&v=4583AB65CFECB634C60291D0BE3F1A87DAEDDAAE,
5828766522,Junior Business Analyst - INTL India,Insight Global,"Hyderabad, Telangana",,,INR,IT Jobs,,2026-08-05T10:55:53Z,2026-08-23T16:40:23.813095+00:00,business analyst,Hyderabad,https://www.adzuna.in/details/5828766522?utm_medium=api&utm_source=f15ef5ad,
5830642457,Data Analyst - Enterprise Relationship Mgmt,Franklin Templeton,"Hyderabad, Telangana",,,INR,Accounting & Finance Jobs,,2026-08-06T20:58:31Z,2026-08-23T16:40:23.813095+00:00,data analyst,Hyderabad,https://www.adzuna.in/details/5830642457?utm_medium=api&utm_source=f15ef5ad,
5831965887,Business Development Manager,Collegedunia,"Mumbai, Maharashtra",,,INR,"PR, Advertising & Marketing Jobs",,2026-08-07T17:55:28Z,2026-08-23T16:40:23.813095+00:00,data analyst,Mumbai,https://www.adzuna.in/land/ad/5831965887?se=ACq7WBGf8RGfQpohglHoaw&utm_medium=api&utm_source=f15ef5ad&v=61D01EAC1E17D14840F811A665A1B4D951C0B544,
5834385643,Prin IT Business Analyst - SAP IBP,MiniMed,"Pune, Maharashtra",,,INR,IT Jobs,,2026-08-09T11:09:24Z,2026-08-23T16:40:23.813095+00:00,business analyst,Pune,https://www.adzuna.in/details/5834385643?utm_medium=api&utm_source=f15ef5ad,SAP
5837138896,Business Analyst,Kyndryl,"Bangalore, Karnataka",,,INR,IT Jobs,,2026-08-12T01:59:18Z,2026-08-23T16:40:23.813095+00:00,business analyst,Bangalore,https://www.adzuna.in/land/ad/5837138896?se=FDGHXRGf8RGU6LIjyaRnwA&utm_medium=api&utm_source=f15ef5ad&v=9159888CFA510B66583FE0511133847CA2B22151,
5839570868,Senior Data Analyst I - APEC2026-002,Marriott Tech Accelerator,"Hyderabad, Telangana",,,INR,IT Jobs,,2026-08-13T11:00:05Z,2026-08-23T16:40:23.813095+00:00,data analyst,Hyderabad,https://www.adzuna.in/details/5839570868?utm_medium=api&utm_source=f15ef5ad,
5841755616,Technical Delivery Manager,Mareana,"Bangalore, Karnataka",,,INR,IT Jobs,,2026-08-14T16:34:52Z,2026-08-23T16:40:23.813095+00:00,business analyst,Bangalore,https://www.adzuna.in/land/ad/5841755616?se=eP4EXhGf8RGftbC-rj-wUg&utm_medium=api&utm_source=f15ef5ad&v=7E889CAB1500BEF17E1817D86D1859B186D8057F,
5843766857,IS Data Security - Senior Analyst,ABB,"Bangalore, Karnataka",,,INR,IT Jobs,,2026-08-16T06:19:54Z,2026-08-23T16:40:23.813095+00:00,data analyst,Bangalore,https://www.adzuna.in/land/ad/5843766857?se=3heWVxGf8RGU6LIjyaRnwA&utm_medium=api&utm_source=f15ef5ad&v=01FE278DE8610A415ACA5BDAD4540C0D25350285,
5844918501,Business Analyst,symplr,"Hoodi, Bangalore",,,INR,IT Jobs,,2026-08-17T11:08:31Z,2026-08-23T16:40:23.813095+00:00,business analyst,Bangalore,https://www.adzuna.in/details/5844918501?utm_medium=api&utm_source=f15ef5ad,
5844938806,Specialist - IT Business Analyst & Process Owner ServiceNow,Eaton Corporation,"Pune, Maharashtra",,,INR,IT Jobs,,2026-08-17T11:18:45Z,2026-08-23T16:40:23.813095+00:00,business analyst,Pune,https://www.adzuna.in/details/5844938806?utm_medium=api&utm_source=f15ef5ad,
5845324791,"Senior Manager, Data Science & Analytics (Media Mix Modelling)",Pfizer,"Mumbai, Maharashtra",,,INR,"PR, Advertising & Marketing Jobs",,2026-08-17T22:09:23Z,2026-08-23T16:40:23.813095+00:00,data analyst,Mumbai,https://www.adzuna.in/land/ad/5845324791?se=aMxQWRGf8RGftbC-rj-wUg&utm_medium=api&utm_source=f15ef5ad&v=BDEB570BF05CC723804190A155F00D676E2AFE01,
5845374534,Data Engineer,Acme Services Private Limited,"Srinivasapuram, Hyderabad",2100000.0,2200000.0,INR,IT Jobs,,2026-08-17T23:34:53Z,2026-08-23T16:40:23.813095+00:00,data analyst,Hyderabad,https://www.adzuna.in/details/5845374534?utm_medium=api&utm_source=f15ef5ad,BigQuery|GCP|Python|SQL|dbt
5845390545,Senior Research Analyst,Avasant,"Delhi, India",,,INR,IT Jobs,,2026-08-18T00:00:31Z,2026-08-23T16:40:23.813095+00:00,data analyst,Delhi,https://www.adzuna.in/details/5845390545?utm_medium=api&utm_source=f15ef5ad,
5845542030,ERP Testing and Data Validation Analyst,Prolifics Corporation Private Limited,"Kyasaram, Hyderabad",,,INR,IT Jobs,permanent,2026-08-18T03:34:11Z,2026-08-23T16:40:23.813095+00:00,data analyst,Hyderabad,https://www.adzuna.in/details/5845542030?utm_medium=api&utm_source=f15ef5ad,
5845682798,Analyst Relations Specialist - Global Strategy,Mindsprint,"Bangalore, Karnataka",,,INR,"PR, Advertising & Marketing Jobs",,2026-08-18T05:07:46Z,2026-08-23T16:40:23.813095+00:00,business analyst,Bangalore,https://www.adzuna.in/land/ad/5845682798?se=eP4EXhGf8RGftbC-rj-wUg&utm_medium=api&utm_source=f15ef5ad&v=B06F592197AEAC70257B42E2013BE9A29D98D975,
5845682804,Engagement Lead,Saras Analytics,"Hyderabad, Telangana",,,INR,Sales Jobs,,2026-08-18T05:07:47Z,2026-08-23T16:40:23.813095+00:00,business analyst,Hyderabad,https://www.adzuna.in/land/ad/5845682804?se=pEuoXxGf8RGSb8VpDRDiVA&utm_medium=api&utm_source=f15ef5ad&v=E42E46CEDAFF433B919D1FDD7C44D04C3826E68F,
5845820435,Data Scientist Data Science Intern,Kodetocareer,"Delhi, India",,,INR,IT Jobs,,2026-08-18T07:15:45Z,2026-08-23T16:40:23.813095+00:00,data analyst,Delhi,https://www.adzuna.in/details/5845820435?utm_medium=api&utm_source=f15ef5ad,Machine Learning|Python
5845843149,Business Analyst,ascendion,"Bangalore, Karnataka",,,INR,IT Jobs,,2026-08-18T07:33:26Z,2026-08-23T16:40:23.813095+00:00,business analyst,Bangalore,https://www.adzuna.in/details/5845843149?utm_medium=api&utm_source=f15ef5ad,Azure|SQL
5846124500,Offshore Senior Business Analyst,People First Consultants,"Hyderabad, Telangana",,,INR,IT Jobs,,2026-08-18T11:08:22Z,2026-08-23T16:40:23.813095+00:00,business analyst,Hyderabad,https://www.adzuna.in/details/5846124500?utm_medium=api&utm_source=f15ef5ad,
5846124789,Business Analyst (Cross-Portfolio),Whitefield Careers,"Mumbai, Maharashtra",,,INR,IT Jobs,,2026-08-18T11:08:42Z,2026-08-23T16:40:23.813095+00:00,business analyst,Mumbai,https://www.adzuna.in/details/5846124789?utm_medium=api&utm_source=f15ef5ad,Excel
5846549883,Business Analyst IFRS9 & ALM (EPM / Finance Transformation),Unison Group,"Mumbai, Maharashtra",,,INR,IT Jobs,,2026-08-18T16:03:19Z,2026-08-23T16:40:23.813095+00:00,business analyst,Mumbai,https://www.adzuna.in/details/5846549883?utm_medium=api&utm_source=f15ef5ad,
5846550087,Business Analyst/POPM,"Mattel, Inc.","Hyderabad, Telangana",,,INR,IT Jobs,,2026-08-18T16:03:21Z,2026-08-23T16:40:23.813095+00:00,business analyst,Hyderabad,https://www.adzuna.in/details/5846550087?utm_medium=api&utm_source=f15ef5ad,
5846723036,Channel Specialist (Data Analyst),Danaher,"Mumbai, Maharashtra",,,INR,IT Jobs,,2026-08-18T18:03:32Z,2026-08-23T16:40:23.813095+00:00,data analyst,Mumbai,https://www.adzuna.in/land/ad/5846723036?se=ACq7WBGf8RGfQpohglHoaw&utm_medium=api&utm_source=f15ef5ad&v=07C574FA6E72005FAA8A0973531B8616A32C2E01,
5846723039,"Data/Business Analyst, Credit Risk Change",Deutsche Bank,"Pune, Maharashtra",,,INR,IT Jobs,,2026-08-18T18:03:32Z,2026-08-23T16:40:23.813095+00:00,data analyst,Pune,https://www.adzuna.in/land/ad/5846723039?se=zIA7WxGf8RGftbC-rj-wUg&utm_medium=api&utm_source=f15ef5ad&v=6345FFEF21BFF1A1A158832214A86615510346CA,
5846723091,"Business Clients Credit Junior Advisor, Analyst",Deutsche Bank,"Mumbai, Maharashtra",,,INR,Accounting & Finance Jobs,,2026-08-18T18:03:33Z,2026-08-23T16:40:23.813095+00:00,business analyst,Mumbai,https://www.adzuna.in/land/ad/5846723091?se=NnKlXhGf8RGfQpohglHoaw&utm_medium=api&utm_source=f15ef5ad&v=6CD36B02CBC9A5608AF2D28DB64C8668D4AA3F0B,
5846723092,Lead Product Analyst - Operations,Wise,"Hyderabad, Telangana",,,INR,IT Jobs,,2026-08-18T18:03:33Z,2026-08-23T16:40:23.813095+00:00,data analyst,Hyderabad,https://www.adzuna.in/land/ad/5846723092?se=nGAAWhGf8RGfQpohglHoaw&utm_medium=api&utm_source=f15ef5ad&v=B940BEEC26331667C9DC28B66C0BC3F43D244E9B,
5846723110,Business Finance Senior Analyst,Deutsche Bank,"Mumbai, Maharashtra",,,INR,Accounting & Finance Jobs,,2026-08-18T18:03:33Z,2026-08-23T16:40:23.813095+00:00,business analyst,Mumbai,https://www.adzuna.in/land/ad/5846723110?se=NnKlXhGf8RGfQpohglHoaw&utm_medium=api&utm_source=f15ef5ad&v=2EA1145F5EFE160755466CD78E5ABD9C03F95872,
5846723135,"Business Management Analyst, NCT",Deutsche Bank,"Pune, Maharashtra",,,INR,IT Jobs,,2026-08-18T18:03:33Z,2026-08-23T16:40:23.813095+00:00,business analyst,Pune,https://www.adzuna.in/land/ad/5846723135?se=iDLNYBGf8RGftbC-rj-wUg&utm_medium=api&utm_source=f15ef5ad&v=A5AA54991B2C4468C4D8836717F17BA6A3E56F93,
5846723250,Software Engineer (Onboarding),Morningstar,"Mumbai, Maharashtra",,,INR,IT Jobs,,2026-08-18T18:03:36Z,2026-08-23T16:40:23.813095+00:00,business analyst,Mumbai,https://www.adzuna.in/land/ad/5846723250?se=NnKlXhGf8RGfQpohglHoaw&utm_medium=api&utm_source=f15ef5ad&v=FD163B70D5A7E1D9ED77D9D26B6470B9BACBC8ED,
5846723264,Foreign Exchange Production Engineering Lead,Deutsche Bank,"Pune, Maharashtra",,,INR,IT Jobs,,2026-08-18T18:03:36Z,2026-08-23T16:40:23.813095+00:00,business analyst,Pune,https://www.adzuna.in/land/ad/5846723264?se=xkVxYRGf8RGfQpohglHoaw&utm_medium=api&utm_source=f15ef5ad&v=EFE7678979545426B284D2C20EBA1DF7A18E9922,
5846723322,Senior Software Engineer,Morningstar,"Mumbai, Maharashtra",,,INR,IT Jobs,,2026-08-18T18:03:36Z,2026-08-23T16:40:23.813095+00:00,data analyst,Mumbai,https://www.adzuna.in/land/ad/5846723322?se=aMxQWRGf8RGftbC-rj-wUg&utm_medium=api&utm_source=f15ef5ad&v=8C01359E03AFA9F71D7C648F1635A82AA34105B6,Excel|Python|SQL
5846723373,Staff Backend Engineer,Wise,"Hyderabad, Telangana",,,INR,IT Jobs,,2026-08-18T18:03:38Z,2026-08-23T16:40:23.813095+00:00,data analyst,Hyderabad,https://www.adzuna.in/land/ad/5846723373?se=nGAAWhGf8RGfQpohglHoaw&utm_medium=api&utm_source=f15ef5ad&v=C31F1F74EB0255ECF876EA87D8F09441DC39F4EB,
5846723378,Business Finance Senior Analyst,Deutsche Bank,"Mumbai, Maharashtra",,,INR,Accounting & Finance Jobs,,2026-08-18T18:03:38Z,2026-08-23T16:40:23.813095+00:00,business analyst,Mumbai,https://www.adzuna.in/land/ad/5846723378?se=NnKlXhGf8RGfQpohglHoaw&utm_medium=api&utm_source=f15ef5ad&v=A8D5A375F09A5AD261972942F70E863FDE622222,
5846723423,Software Engineer,Morningstar,"Mumbai, Maharashtra",,,INR,IT Jobs,,2026-08-18T18:03:39Z,2026-08-23T16:40:23.813095+00:00,business analyst,Mumbai,https://www.adzuna.in/land/ad/5846723423?se=NnKlXhGf8RGfQpohglHoaw&utm_medium=api&utm_source=f15ef5ad&v=4D29D9B958BB069BFA5C6FE81CE8716140A176E3,Python
5846723457,Senior Business Analyst - Modelling & Quantitative Analytics,Moody's,"Bangalore, Karnataka",,,INR,Accounting & Finance Jobs,,2026-08-18T18:03:40Z,2026-08-23T16:40:23.813095+00:00,business analyst,Bangalore,https://www.adzuna.in/land/ad/5846723457?se=FDGHXRGf8RGU6LIjyaRnwA&utm_medium=api&utm_source=f15ef5ad&v=3CAFDF20732319F6CF400DFE1E33B086DDF0CCA8,
5846723458,"Product Owner Credit Risk, VP",Deutsche Bank,"Pune, Maharashtra",,,INR,IT Jobs,,2026-08-18T18:03:40Z,2026-08-23T16:40:23.813095+00:00,business analyst,Pune,https://www.adzuna.in/land/ad/5846723458?se=xkVxYRGf8RGfQpohglHoaw&utm_medium=api&utm_source=f15ef5ad&v=EA9C9BFB6AAA94EE53CA634D4AC0E8DB92118C9F,
5846723580,"ServiceNow ATF Developer, AS",Deutsche Bank,"Pune, Maharashtra",,,INR,IT Jobs,,2026-08-18T18:03:42Z,2026-08-23T16:40:23.813095+00:00,business analyst,Pune,https://www.adzuna.in/land/ad/5846723580?se=iDLNYBGf8RGftbC-rj-wUg&utm_medium=api&utm_source=f15ef5ad&v=9126FFCA97AB55CE3F679981673DF49BD2D3810E,
5846723588,Analyst for CB - Business Finance,Deutsche Bank,"Mumbai, Maharashtra",,,INR,Accounting & Finance Jobs,,2026-08-18T18:03:42Z,2026-08-23T16:40:23.813095+00:00,business analyst,Mumbai,https://www.adzuna.in/land/ad/5846723588?se=NnKlXhGf8RGfQpohglHoaw&utm_medium=api&utm_source=f15ef5ad&v=4636B2D20086511B4BB7596C290FA66BF0DDB57B,
5846723609,"Product Analyst – Operations Reference Data, AVP",Deutsche Bank,"Bangalore, Karnataka",,,INR,IT Jobs,,2026-08-18T18:03:42Z,2026-08-23T16:40:23.813095+00:00,data analyst,Bangalore,https://www.adzuna.in/land/ad/5846723609?se=3heWVxGf8RGU6LIjyaRnwA&utm_medium=api&utm_source=f15ef5ad&v=063156DD23150BBCAF81505F2DE895A6040C5342,
5846723625,VP - Treasury Operations,Deutsche Bank,"Bangalore, Karnataka",,,INR,Accounting & Finance Jobs,,2026-08-18T18:03:42Z,2026-08-23T16:40:23.813095+00:00,business analyst,Bangalore,https://www.adzuna.in/land/ad/5846723625?se=FDGHXRGf8RGU6LIjyaRnwA&utm_medium=api&utm_source=f15ef5ad&v=726FD22E55A7CE00ADC4D2259A3C92D4C0916008,
5846723639,Senior People Analyst,Wise,"Hyderabad, Telangana",,,INR,IT Jobs,,2026-08-18T18:03:42Z,2026-08-23T16:40:23.813095+00:00,data analyst,Hyderabad,https://www.adzuna.in/land/ad/5846723639?se=nGAAWhGf8RGfQpohglHoaw&utm_medium=api&utm_source=f15ef5ad&v=36A1DC37A199ACB77D77BBBCF743B72B5A52395F,
5846907838,Senior Business Analyst,Pivotree,"Mumbai, Maharashtra",,,INR,IT Jobs,,2026-08-18T20:39:14Z,2026-08-23T16:40:23.813095+00:00,business analyst,Mumbai,https://www.adzuna.in/details/5846907838?utm_medium=api&utm_source=f15ef5ad,
5846910026,Junior Data Analyst,ISS STOXX,"Mumbai, Maharashtra",,,INR,Accounting & Finance Jobs,permanent,2026-08-18T20:44:49Z,2026-08-23T16:40:23.813095+00:00,data analyst,Mumbai,https://www.adzuna.in/details/5846910026?utm_medium=api&utm_source=f15ef5ad,
5846910202,"Associate, Infra N & T Admin - Business Analyst",Northern Trust,"Pune, Maharashtra",,,INR,IT Jobs,,2026-08-18T20:45:16Z,2026-08-23T16:40:23.813095+00:00,business analyst,Pune,https://www.adzuna.in/details/5846910202?utm_medium=api&utm_source=f15ef5ad,
5846914656,Associate Data Operations Analyst,Cohere Health,"Hyderabad, Telangana",,,INR,IT Jobs,,2026-08-18T20:52:04Z,2026-08-23T16:40:23.813095+00:00,data analyst,Hyderabad,https://www.adzuna.in/details/5846914656?utm_medium=api&utm_source=f15ef5ad,
5847540676,Data Engineer - Analyst,Barclays,"Mumbai, Maharashtra",,,INR,Accounting & Finance Jobs,permanent,2026-08-19T05:48:24Z,2026-08-23T16:40:23.813095+00:00,data analyst,Mumbai,https://www.adzuna.in/details/5847540676?utm_medium=api&utm_source=f15ef5ad,Snowflake
5847540690,"Senior Data Analyst, People Insights",Johnson & Johnson MedTech,"Hyderabad, Telangana",,,INR,IT Jobs,permanent,2026-08-19T05:48:24Z,2026-08-23T16:40:23.813095+00:00,data analyst,Hyderabad,https://www.adzuna.in/details/5847540690?utm_medium=api&utm_source=f15ef5ad,
5847675472,Business Analyst,Orion India Systems Private Limited,"Pune, Maharashtra",,,INR,IT Jobs,,2026-08-19T07:40:24Z,2026-08-23T16:40:23.813095+00:00,business analyst,Pune,https://www.adzuna.in/details/5847675472?utm_medium=api&utm_source=f15ef5ad,
5847837302,Data Storage & Warehousing Senior Analyst,Inspire Brands Hyderabad Support Center,"Hyderabad, Telangana",,,INR,IT Jobs,,2026-08-19T11:04:05Z,2026-08-23T16:40:23.813095+00:00,data analyst,Hyderabad,https://www.adzuna.in/details/5847837302?utm_medium=api&utm_source=f15ef5ad,
5847846155,Data Science Lead Analyst - HIH - Evernorth,The Cigna Group,"Hyderabad, Telangana",,,INR,IT Jobs,,2026-08-19T11:07:57Z,2026-08-23T16:40:23.813095+00:00,data analyst,Hyderabad,https://www.adzuna.in/details/5847846155?utm_medium=api&utm_source=f15ef5ad,Machine Learning
5847849277,Data Analyst - Data & Program Governance - Vice President,Citigroup,"Pune, Maharashtra",,,INR,IT Jobs,,2026-08-19T11:09:30Z,2026-08-23T16:40:23.813095+00:00,data analyst,Pune,https://www.adzuna.in/details/5847849277?utm_medium=api&utm_source=f15ef5ad,SQL
5847850824,Data Analyst -Power Markets,ICF,"New Delhi, Delhi",,,INR,IT Jobs,,2026-08-19T11:10:45Z,2026-08-23T16:40:23.813095+00:00,data analyst,Delhi,https://www.adzuna.in/details/5847850824?utm_medium=api&utm_source=f15ef5ad,
5847851611,Data Analyst Entry,Labcorp,"Bangalore, Karnataka",,,INR,IT Jobs,,2026-08-19T11:11:03Z,2026-08-23T16:40:23.813095+00:00,data analyst,Bangalore,https://www.adzuna.in/details/5847851611?utm_medium=api&utm_source=f15ef5ad,
5847854180,RegTech Data Analyst,Tradeweb,"Bangalore, Karnataka",,,INR,IT Jobs,,2026-08-19T11:12:35Z,2026-08-23T16:40:23.813095+00:00,data analyst,Bangalore,https://www.adzuna.in/details/5847854180?utm_medium=api&utm_source=f15ef5ad,
5847959813,"Project & Change Execution Manager - CRM Change, VP",Deutsche Bank,"Mumbai, Maharashtra",,,INR,Accounting & Finance Jobs,,2026-08-19T14:05:01Z,2026-08-23T16:40:23.813095+00:00,business analyst,Mumbai,https://www.adzuna.in/land/ad/5847959813?se=SlckXxGf8RGfQpohglHoaw&utm_medium=api&utm_source=f15ef5ad&v=DCBAE7BA67BDEC319E017442760CFECFDA74208E,
5847959855,Financial Analyst-Record to Report,HP,"Bangalore, Karnataka",,,INR,Accounting & Finance Jobs,,2026-08-19T14:05:02Z,2026-08-23T16:40:23.813095+00:00,data analyst,Bangalore,https://www.adzuna.in/land/ad/5847959855?se=3heWVxGf8RGU6LIjyaRnwA&utm_medium=api&utm_source=f15ef5ad&v=865C5FFE3AF2664310BC1B8CD9EC28437FA6C4FF,
5848053707,Business Analyst II,Vertafore,"Hyderabad, Telangana",,,INR,IT Jobs,,2026-08-19T16:03:19Z,2026-08-23T16:40:23.813095+00:00,business analyst,Hyderabad,https://www.adzuna.in/details/5848053707?utm_medium=api&utm_source=f15ef5ad,
5848053989,Software Engineering Evaluation Specialist,Mindrift,"New Delhi, Delhi",,,INR,IT Jobs,contract,2026-08-19T16:03:20Z,2026-08-23T16:40:23.813095+00:00,business analyst,Delhi,https://www.adzuna.in/details/5848053989?utm_medium=api&utm_source=f15ef5ad,
5848054040,Senior Data Analyst - Portfolio & Risk Analytics,Funding Societies | Modalku Group,"Delhi, India",,,INR,Accounting & Finance Jobs,,2026-08-19T16:03:20Z,2026-08-23T16:40:23.813095+00:00,data analyst,Delhi,https://www.adzuna.in/details/5848054040?utm_medium=api&utm_source=f15ef5ad,
5848368173,AI & Data Business Analyst,In Touch,"Hyderabad, Telangana",,,INR,IT Jobs,,2026-08-19T20:50:20Z,2026-08-23T16:40:23.813095+00:00,data analyst,Hyderabad,https://www.adzuna.in/details/5848368173?utm_medium=api&utm_source=f15ef5ad,
5848369759,Lead Data Analyst,Cohere Health,"Hyderabad, Telangana",,,INR,IT Jobs,,2026-08-19T20:50:47Z,2026-08-23T16:40:23.813095+00:00,data analyst,Hyderabad,https://www.adzuna.in/details/5848369759?utm_medium=api&utm_source=f15ef5ad,
5848389861,Sr IT Analyst,Honeywell,"Pune, Maharashtra",,,INR,IT Jobs,,2026-08-19T20:56:07Z,2026-08-23T16:40:23.813095+00:00,data analyst,Pune,https://www.adzuna.in/details/5848389861?utm_medium=api&utm_source=f15ef5ad,Machine Learning
5848434574,IT Business Analyst - Senior,Cummins,"Pune, Maharashtra",,,INR,IT Jobs,,2026-08-19T21:07:47Z,2026-08-23T16:40:23.813095+00:00,business analyst,Pune,https://www.adzuna.in/details/5848434574?utm_medium=api&utm_source=f15ef5ad,
5848434841,Customer Master Data Senior Analyst,MiniMed,"Pune, Maharashtra",,,INR,IT Jobs,permanent,2026-08-19T21:08:09Z,2026-08-23T16:40:23.813095+00:00,data analyst,Pune,https://www.adzuna.in/details/5848434841?utm_medium=api&utm_source=f15ef5ad,SAP
5848438450,Data Client Support Analyst,Addepar,"Pune, Maharashtra",,,INR,IT Jobs,,2026-08-19T21:11:46Z,2026-08-23T16:40:23.813095+00:00,data analyst,Pune,https://www.adzuna.in/details/5848438450?utm_medium=api&utm_source=f15ef5ad,
5849116040,Data Analyst,Time Hack Consulting,"Bangalore, Karnataka",600000.0,1300000.0,INR,IT Jobs,permanent,2026-08-20T07:10:41Z,2026-08-23T16:40:23.813095+00:00,data analyst,Bangalore,https://www.adzuna.in/details/5849116040?utm_medium=api&utm_source=f15ef5ad,
5849135074,Data Analyst,Mindteck  Limited,"Bangalore, Karnataka",,,INR,IT Jobs,,2026-08-20T07:31:10Z,2026-08-23T16:40:23.813095+00:00,data analyst,Bangalore,https://www.adzuna.in/details/5849135074?utm_medium=api&utm_source=f15ef5ad,
5849135077,Data Analyst,Mindteck  Limited,"Bangalore, Karnataka",,,INR,IT Jobs,,2026-08-20T07:31:10Z,2026-08-23T16:40:23.813095+00:00,data analyst,Bangalore,https://www.adzuna.in/details/5849135077?utm_medium=api&utm_source=f15ef5ad,
5849143870,Quality Assurance & UAT Engineer – Dialer,Miratech,"New Delhi, Delhi",,,INR,IT Jobs,,2026-08-20T07:34:42Z,2026-08-23T16:40:23.813095+00:00,business analyst,Delhi,https://www.adzuna.in/details/5849143870?utm_medium=api&utm_source=f15ef5ad,
5849143884,Quality Assurance & UAT Engineer – Dialer,Miratech,"South Delhi, Delhi",,,INR,IT Jobs,,2026-08-20T07:34:42Z,2026-08-23T16:40:23.813095+00:00,business analyst,Delhi,https://www.adzuna.in/details/5849143884?utm_medium=api&utm_source=f15ef5ad,
5849143889,Quality Assurance & UAT Engineer – Dialer,Miratech,"South West Delhi, Delhi",,,INR,IT Jobs,,2026-08-20T07:34:42Z,2026-08-23T16:40:23.813095+00:00,business analyst,Delhi,https://www.adzuna.in/details/5849143889?utm_medium=api&utm_source=f15ef5ad,
5849323315,Sr Associate Clinical master data management,Amgen,"Hyderabad, Telangana",,,INR,IT Jobs,,2026-08-20T11:14:47Z,2026-08-23T16:40:23.813095+00:00,data analyst,Hyderabad,https://www.adzuna.in/details/5849323315?utm_medium=api&utm_source=f15ef5ad,
5849326045,IT Business Analyst - Senior,Cummins Inc.,"Pune, Maharashtra",,,INR,IT Jobs,,2026-08-20T11:17:11Z,2026-08-23T16:40:23.813095+00:00,business analyst,Pune,https://www.adzuna.in/details/5849326045?utm_medium=api&utm_source=f15ef5ad,
5849326734,Sr IT Analyst,Honeywell,"Pune, Maharashtra",,,INR,IT Jobs,,2026-08-20T11:17:43Z,2026-08-23T16:40:23.813095+00:00,data analyst,Pune,https://www.adzuna.in/details/5849326734?utm_medium=api&utm_source=f15ef5ad,Machine Learning
5849327089,"Senior Analyst, Big Data Analytics & Engineering",Mastercard,"Pune, Maharashtra",,,INR,IT Jobs,,2026-08-20T11:18:13Z,2026-08-23T16:40:23.813095+00:00,data analyst,Pune,https://www.adzuna.in/details/5849327089?utm_medium=api&utm_source=f15ef5ad,
5849327154,Customer Master Data Senior Analyst,MiniMed,"Pune, Maharashtra",,,INR,IT Jobs,,2026-08-20T11:18:20Z,2026-08-23T16:40:23.813095+00:00,data analyst,Pune,https://www.adzuna.in/details/5849327154?utm_medium=api&utm_source=f15ef5ad,SAP
5849327267,ServiceNow Business Analyst,"NTT America, Inc.","Bangalore, Karnataka",,,INR,IT Jobs,,2026-08-20T11:18:34Z,2026-08-23T16:40:23.813095+00:00,business analyst,Bangalore,https://www.adzuna.in/details/5849327267?utm_medium=api&utm_source=f15ef5ad,
5849525643,ETL Tester,Infinium Associate,"Delhi, India",1000000.0,1500000.0,INR,IT Jobs,,2026-08-20T16:03:52Z,2026-08-23T16:40:23.813095+00:00,data analyst,Delhi,https://www.adzuna.in/details/5849525643?utm_medium=api&utm_source=f15ef5ad,ETL
5849617846,Game Data Analyst (Gaming Product Management KPIs),Ubisoft,"Pune, Maharashtra",,,INR,Accounting & Finance Jobs,,2026-08-20T19:36:58Z,2026-08-23T16:40:23.813095+00:00,data analyst,Pune,https://www.adzuna.in/details/5849617846?utm_medium=api&utm_source=f15ef5ad,
5849675631,Analyst - Data Operations,MRO Careers,"Sasanenagar, Pune",,,INR,IT Jobs,,2026-08-20T20:42:56Z,2026-08-23T16:40:23.813095+00:00,data analyst,Pune,https://www.adzuna.in/details/5849675631?utm_medium=api&utm_source=f15ef5ad,
5849677328,Business Analyst,Caterpillar,"Bangalore, Karnataka",,,INR,IT Jobs,,2026-08-20T20:45:29Z,2026-08-23T16:40:23.813095+00:00,business analyst,Bangalore,https://www.adzuna.in/details/5849677328?utm_medium=api&utm_source=f15ef5ad,
5849678027,Data Scientist/Data Analyst,Novartis,"Hyderabad, Telangana",,,INR,IT Jobs,permanent,2026-08-20T20:46:17Z,2026-08-23T16:40:23.813095+00:00,data analyst,Hyderabad,https://www.adzuna.in/details/5849678027?utm_medium=api&utm_source=f15ef5ad,AWS|Excel|GCP|Hadoop|Power BI|Python|Spark
5849678780,Procurement Business Analyst,Vanderlande Industries,"Pune, Maharashtra",,,INR,Accounting & Finance Jobs,,2026-08-20T20:47:00Z,2026-08-23T16:40:23.813095+00:00,business analyst,Pune,https://www.adzuna.in/details/5849678780?utm_medium=api&utm_source=f15ef5ad,
5849680090,Reference Data Analyst,JPMorganChase,"Hyderabad, Telangana",,,INR,Accounting & Finance Jobs,,2026-08-20T20:48:16Z,2026-08-23T16:40:23.813095+00:00,data analyst,Hyderabad,https://www.adzuna.in/details/5849680090?utm_medium=api&utm_source=f15ef5ad,
5849682607,Business Analyst - PA26AUTRQ3136,SS&C,"Mumbai, Maharashtra",,,INR,IT Jobs,contract,2026-08-20T20:50:33Z,2026-08-23T16:40:23.813095+00:00,business analyst,Mumbai,https://www.adzuna.in/details/5849682607?utm_medium=api&utm_source=f15ef5ad,
5849685928,Senior Data Analyst,MiQ,"Bangalore, Karnataka",,,INR,IT Jobs,,2026-08-20T20:54:12Z,2026-08-23T16:40:23.813095+00:00,data analyst,Bangalore,https://www.adzuna.in/details/5849685928?utm_medium=api&utm_source=f15ef5ad,
5849894192,Business Analyst,Acme Services Private Limited,"Richmond Town, Bangalore",1400000.0,1500000.0,INR,IT Jobs,,2026-08-20T23:35:38Z,2026-08-23T16:40:23.813095+00:00,business analyst,Bangalore,https://www.adzuna.in/details/5849894192?utm_medium=api&utm_source=f15ef5ad,Power BI
5849894302,IT Business Analyst/Business Systems Analyst,Trigent Software Private Limited,"Srinivasapuram, Hyderabad",2300000.0,2300000.0,INR,IT Jobs,,2026-08-20T23:35:45Z,2026-08-23T16:40:23.813095+00:00,business analyst,Hyderabad,https://www.adzuna.in/details/5849894302?utm_medium=api&utm_source=f15ef5ad,
5850370938,Data Pipeline Engineer,Trigyn Technologies Limited,"Pune, Maharashtra",,,INR,IT Jobs,,2026-08-21T07:37:09Z,2026-08-23T16:40:23.813095+00:00,data analyst,Pune,https://www.adzuna.in/details/5850370938?utm_medium=api&utm_source=f15ef5ad,
5850370946,Data Pipeline Engineer,Trigyn Technologies Limited,"Delhi, India",,,INR,IT Jobs,,2026-08-21T07:37:09Z,2026-08-23T16:40:23.813095+00:00,data analyst,Delhi,https://www.adzuna.in/details/5850370946?utm_medium=api&utm_source=f15ef5ad,
5850370952,Database Administrator (DBA),Trigyn Technologies Limited,"Delhi, India",,,INR,IT Jobs,,2026-08-21T07:37:09Z,2026-08-23T16:40:23.813095+00:00,data analyst,Delhi,https://www.adzuna.in/details/5850370952?utm_medium=api&utm_source=f15ef5ad,
5850370971,Project Manager\/Lead,Trigyn Technologies Limited,"Delhi, India",,,INR,IT Jobs,,2026-08-21T07:37:09Z,2026-08-23T16:40:23.813095+00:00,data analyst,Delhi,https://www.adzuna.in/details/5850370971?utm_medium=api&utm_source=f15ef5ad,
5850370997,Servicenow Business Analyst,Xoriant Corporation,"Pune, Maharashtra",,,INR,IT Jobs,,2026-08-21T07:37:10Z,2026-08-23T16:40:23.813095+00:00,business analyst,Pune,https://www.adzuna.in/details/5850370997?utm_medium=api&utm_source=f15ef5ad,
5850371061,Zendesk Business Analyst,Xoriant Corporation,"Pune, Maharashtra",,,INR,IT Jobs,,2026-08-21T07:37:13Z,2026-08-23T16:40:23.813095+00:00,business analyst,Pune,https://www.adzuna.in/details/5850371061?utm_medium=api&utm_source=f15ef5ad,
5850375334,Data Analyst,TechnoGen,"Hyderabad, Telangana",,,INR,IT Jobs,,2026-08-21T07:38:38Z,2026-08-23T16:40:23.813095+00:00,data analyst,Hyderabad,https://www.adzuna.in/details/5850375334?utm_medium=api&utm_source=f15ef5ad,ETL|Looker|Python|SQL|Statistics|Tableau
5850375378,Data Analyst Lead,TechnoGen,"Hyderabad, Telangana",,,INR,IT Jobs,,2026-08-21T07:38:39Z,2026-08-23T16:40:23.813095+00:00,data analyst,Hyderabad,https://www.adzuna.in/details/5850375378?utm_medium=api&utm_source=f15ef5ad,
5850376019,Specialist - Senior Business Analyst,ISSQUARED,"Hyderabad, Telangana",,,INR,IT Jobs,,2026-08-21T07:38:50Z,2026-08-23T16:40:23.813095+00:00,business analyst,Hyderabad,https://www.adzuna.in/details/5850376019?utm_medium=api&utm_source=f15ef5ad,
5850376224,ServiceNow Developer,Bechtel,"Delhi, India",,,INR,IT Jobs,,2026-08-21T07:38:53Z,2026-08-23T16:40:23.813095+00:00,business analyst,Delhi,https://www.adzuna.in/details/5850376224?utm_medium=api&utm_source=f15ef5ad,
5850377038,"Business Analyst - CRE , CMBS",Vichara Technologies,"Delhi, India",,,INR,IT Jobs,,2026-08-21T07:39:06Z,2026-08-23T16:40:23.813095+00:00,business analyst,Delhi,https://www.adzuna.in/details/5850377038?utm_medium=api&utm_source=f15ef5ad,
5850377075,Senior Business Analyst - Investment Management,Vichara Technologies,"Pune, Maharashtra",,,INR,IT Jobs,,2026-08-21T07:39:07Z,2026-08-23T16:40:23.813095+00:00,business analyst,Pune,https://www.adzuna.in/details/5850377075?utm_medium=api&utm_source=f15ef5ad,Power BI|SQL
5850377098,Business Analyst - QA,Vichara Technologies,"Pune, Maharashtra",,,INR,IT Jobs,,2026-08-21T07:39:07Z,2026-08-23T16:40:23.813095+00:00,business analyst,Pune,https://www.adzuna.in/details/5850377098?utm_medium=api&utm_source=f15ef5ad,
5850377110,Senior Business Analyst - Investment Management,Vichara Technologies,"Delhi, India",,,INR,IT Jobs,,2026-08-21T07:39:07Z,2026-08-23T16:40:23.813095+00:00,business analyst,Delhi,https://www.adzuna.in/details/5850377110?utm_medium=api&utm_source=f15ef5ad,Power BI|SQL
5850379847,Sr. Specialist Data Analyst,Ss C Technologies,"Mumbai, Maharashtra",,,INR,IT Jobs,,2026-08-21T07:39:55Z,2026-08-23T16:40:23.813095+00:00,data analyst,Mumbai,https://www.adzuna.in/details/5850379847?utm_medium=api&utm_source=f15ef5ad,
5850380874,Market Research/ Business Analyst,Hrd House,"Mumbai, Maharashtra",,,INR,Scientific & QA Jobs,,2026-08-21T07:40:12Z,2026-08-23T16:40:23.813095+00:00,business analyst,Mumbai,https://www.adzuna.in/details/5850380874?utm_medium=api&utm_source=f15ef5ad,
5850485579,Senior Solution Engineer - Senior Test Engineer GIS,Talent Corner HR Services Pvt Ltd,"Hyderabad, Telangana",,,INR,IT Jobs,,2026-08-21T09:25:30Z,2026-08-23T16:40:23.813095+00:00,data analyst,Hyderabad,https://www.adzuna.in/land/ad/5850485579?se=wkydWhGf8RGftbC-rj-wUg&utm_medium=api&utm_source=f15ef5ad&v=E9997089EB4E462E6EE6A824B9FD6CF2C3BE380F,
5850613653,Data Acquisition Analyst,Amgen,"Hyderabad, Telangana",,,INR,Scientific & QA Jobs,,2026-08-21T11:10:18Z,2026-08-23T16:40:23.813095+00:00,data analyst,Hyderabad,https://www.adzuna.in/details/5850613653?utm_medium=api&utm_source=f15ef5ad,
5850614669,Business Analyst,"Caterpillar, Inc.","Bangalore, Karnataka",,,INR,IT Jobs,,2026-08-21T11:11:18Z,2026-08-23T16:40:23.813095+00:00,business analyst,Bangalore,https://www.adzuna.in/details/5850614669?utm_medium=api&utm_source=f15ef5ad,
5850982935,Operations Manager_102393,MyCareernet,"Bangalore, Karnataka",,,INR,IT Jobs,,2026-08-21T17:26:00Z,2026-08-23T16:40:23.813095+00:00,data analyst,Bangalore,https://www.adzuna.in/land/ad/5850982935?se=3heWVxGf8RGU6LIjyaRnwA&utm_medium=api&utm_source=f15ef5ad&v=80DAFFBB0CD7BB78ABA5700FBF5F3902C25042B5,Excel
5850983009,Project Manager - PMO Team (BFSI experience preferred),Pixelo Digital,"Mumbai, Maharashtra",,,INR,IT Jobs,,2026-08-21T17:26:04Z,2026-08-23T16:40:23.813095+00:00,business analyst,Mumbai,https://www.adzuna.in/land/ad/5850983009?se=NnKlXhGf8RGfQpohglHoaw&utm_medium=api&utm_source=f15ef5ad&v=C45901CCC631B2C31A5E17461434E2049539DD4A,
5851074483,Solution Consultant/Business Analyst - Tieto Banktech (m/f/d),Tieto,"Pune, Maharashtra",,,INR,IT Jobs,,2026-08-21T19:38:08Z,2026-08-23T16:40:23.813095+00:00,business analyst,Pune,https://www.adzuna.in/details/5851074483?utm_medium=api&utm_source=f15ef5ad,
5851141530,Data Analyst I,TIAA,"Pune, Maharashtra",,,INR,IT Jobs,,2026-08-21T20:45:56Z,2026-08-23T16:40:23.813095+00:00,data analyst,Pune,https://www.adzuna.in/details/5851141530?utm_medium=api&utm_source=f15ef5ad,Statistics
5851145483,Assoc Data Analyst,TransUnion,"Hyderabad, Telangana",,,INR,IT Jobs,,2026-08-21T20:50:19Z,2026-08-23T16:40:23.813095+00:00,data analyst,Hyderabad,https://www.adzuna.in/details/5851145483?utm_medium=api&utm_source=f15ef5ad,AWS|GCP
5851314119,Guidewire Claims Developer,Coforge,"Hyderabad, Telangana",,,INR,IT Jobs,,2026-08-21T21:27:43Z,2026-08-23T16:40:23.813095+00:00,business analyst,Hyderabad,https://www.adzuna.in/land/ad/5851314119?se=pEuoXxGf8RGSb8VpDRDiVA&utm_medium=api&utm_source=f15ef5ad&v=F420DF6A20A1BF2B2E7302278EE7FC0281D6BF72,
5851860321,Flight Data Analyst,Ametek Instruments India,"Bangalore, Karnataka",,,INR,IT Jobs,,2026-08-22T07:33:28Z,2026-08-23T16:40:23.813095+00:00,data analyst,Bangalore,https://www.adzuna.in/details/5851860321?utm_medium=api&utm_source=f15ef5ad,
5851860943,Reporting and Data Analyst,Franklin Templeton,"Hyderabad, Telangana",,,INR,Accounting & Finance Jobs,,2026-08-22T07:33:50Z,2026-08-23T16:40:23.813095+00:00,data analyst,Hyderabad,https://www.adzuna.in/details/5851860943?utm_medium=api&utm_source=f15ef5ad,
5851865180,Business Analyst,HealthAsyst,"Bangalore, Karnataka",,,INR,IT Jobs,,2026-08-22T07:34:56Z,2026-08-23T16:40:23.813095+00:00,business analyst,Bangalore,https://www.adzuna.in/details/5851865180?utm_medium=api&utm_source=f15ef5ad,Power BI|Tableau
5851958146,Senior Business Analyst,Benchmark IT Solutions India Pvt Ltd,"Baner, Pune",,,INR,IT Jobs,permanent,2026-08-22T08:58:13Z,2026-08-23T16:40:23.813095+00:00,business analyst,Pune,https://www.adzuna.in/details/5851958146?utm_medium=api&utm_source=f15ef5ad,
5852115722,Business Analyst I,"RealPage, Inc.","Kyasaram, Hyderabad",,,INR,IT Jobs,,2026-08-22T11:06:59Z,2026-08-23T16:40:23.813095+00:00,business analyst,Hyderabad,https://www.adzuna.in/details/5852115722?utm_medium=api&utm_source=f15ef5ad,
5852130863,Data Engineering Lead Analyst - HIH - Evernorth,The Cigna Group,"Hyderabad, Telangana",,,INR,IT Jobs,,2026-08-22T11:14:52Z,2026-08-23T16:40:23.813095+00:00,data analyst,Hyderabad,https://www.adzuna.in/details/5852130863?utm_medium=api&utm_source=f15ef5ad,
5852137428,Reference Data Services Intmd Analyst - C11 - PUNE,Citigroup,"Pune, Maharashtra",,,INR,Trade & Construction Jobs,,2026-08-22T11:16:36Z,2026-08-23T16:40:23.813095+00:00,data analyst,Pune,https://www.adzuna.in/details/5852137428?utm_medium=api&utm_source=f15ef5ad,
5852146277,Business Analyst,"NTT America, Inc.","Delhi, India",,,INR,IT Jobs,,2026-08-22T11:21:17Z,2026-08-23T16:40:23.813095+00:00,business analyst,Delhi,https://www.adzuna.in/details/5852146277?utm_medium=api&utm_source=f15ef5ad,
5852332046,Business System Analyst,NonStop io Technologies Pvt Ltd,"Pune, Maharashtra",,,INR,IT Jobs,,2026-08-22T16:03:37Z,2026-08-23T16:40:23.813095+00:00,business analyst,Pune,https://www.adzuna.in/details/5852332046?utm_medium=api&utm_source=f15ef5ad,
5852335694,Cognizant DA Payments,Cognizant,"Hyderabad, Telangana",,,INR,IT Jobs,,2026-08-22T16:03:58Z,2026-08-23T16:40:23.813095+00:00,data analyst,Hyderabad,https://www.adzuna.in/details/5852335694?utm_medium=api&utm_source=f15ef5ad,SQL
5852342307,Data Analyst,Straatix Partners,"Bangalore, Karnataka",2500000.0,3500000.0,INR,IT Jobs,,2026-08-22T16:04:47Z,2026-08-23T16:40:23.813095+00:00,data analyst,Bangalore,https://www.adzuna.in/details/5852342307?utm_medium=api&utm_source=f15ef5ad,
5852565248,Staff Data Analyst,Coupang,"Bangalore, Karnataka",,,INR,IT Jobs,,2026-08-22T20:41:03Z,2026-08-23T16:40:23.813095+00:00,data analyst,Bangalore,https://www.adzuna.in/details/5852565248?utm_medium=api&utm_source=f15ef5ad,
5852575418,"Business Analyst to Executive Director- Andheri, Mumbai",Talent Leads Consultants,"Mumbai, Maharashtra",,,INR,Engineering Jobs,,2026-08-22T20:45:43Z,2026-08-23T16:40:23.813095+00:00,business analyst,Mumbai,https://www.adzuna.in/details/5852575418?utm_medium=api&utm_source=f15ef5ad,
5852578421,"Senior Analyst, Data Management, IT",Edwards Lifesciences,"Pune, Maharashtra",,,INR,IT Jobs,,2026-08-22T20:49:11Z,2026-08-23T16:40:23.813095+00:00,data analyst,Pune,https://www.adzuna.in/details/5852578421?utm_medium=api&utm_source=f15ef5ad,
5852581923,Senior Business Analyst,Amadeus,"Bangalore, Karnataka",,,INR,IT Jobs,,2026-08-22T20:53:11Z,2026-08-23T16:40:23.813095+00:00,business analyst,Bangalore,https://www.adzuna.in/details/5852581923?utm_medium=api&utm_source=f15ef5ad,
5852720529,LEAD DATA ANALYST L1,Wipro,"Hyderabad, Telangana",,,INR,IT Jobs,permanent,2026-08-22T21:56:06Z,2026-08-23T16:40:23.813095+00:00,data analyst,Hyderabad,https://www.adzuna.in/details/5852720529?utm_medium=api&utm_source=f15ef5ad,
5853355223,"Business Analyst, ROC, ROC",Amazon,"Hyderabad, Telangana",,,INR,IT Jobs,,2026-08-23T11:12:43Z,2026-08-23T16:40:23.813095+00:00,business analyst,Hyderabad,https://www.adzuna.in/details/5853355223?utm_medium=api&utm_source=f15ef5ad,
5853367322,Associate Data Analyst,Eaton Corporation,"Pune, Maharashtra",,,INR,IT Jobs,,2026-08-23T11:17:06Z,2026-08-23T16:40:23.813095+00:00,data analyst,Pune,https://www.adzuna.in/details/5853367322?utm_medium=api&utm_source=f15ef5ad,
5853373283,Master Data Analyst,MiniMed,"Pune, Maharashtra",,,INR,IT Jobs,,2026-08-23T11:19:31Z,2026-08-23T16:40:23.813095+00:00,data analyst,Pune,https://www.adzuna.in/details/5853373283?utm_medium=api&utm_source=f15ef5ad,
5853378456,"Senior Analyst, Data Management, IT",Edwards Lifesciences,"Pune, Maharashtra",,,INR,IT Jobs,,2026-08-23T11:20:40Z,2026-08-23T16:40:23.813095+00:00,data analyst,Pune,https://www.adzuna.in/details/5853378456?utm_medium=api&utm_source=f15ef5ad,
5853698636,Data Analyst - India (2026),Artefact,"Pune, Maharashtra",,,INR,IT Jobs,,2026-08-23T20:49:38Z,2026-08-23T16:40:23.813095+00:00,data analyst,Pune,https://www.adzuna.in/details/5853698636?utm_medium=api&utm_source=f15ef5ad,
5853713995,Clinical Data Analyst II,Parexel,"Hyderabad, Telangana",,,INR,Scientific & QA Jobs,,2026-08-23T21:04:15Z,2026-08-23T16:40:23.813095+00:00,data analyst,Hyderabad,https://www.adzuna.in/details/5853713995?utm_medium=api&utm_source=f15ef5ad,
2946429999,Business Analyst / Scrum Master Role,Virtusa,"Hyderabad, Telangana",1500000.0,2000000.0,INR,IT Jobs,,2022-03-05T05:06:23Z,2026-08-17T02:57:32.336494+00:00,business analyst,Hyderabad,https://www.adzuna.in/details/2946429999?utm_medium=api&utm_source=f15ef5ad,
3142255689,Digital Marketing Manager/Assistant Manager,Impact Guru,"Mumbai, Maharashtra",300000.0,1200000.0,INR,"PR, Advertising & Marketing Jobs",,2022-05-17T05:30:17Z,2026-08-17T02:57:32.336494+00:00,data analyst,Mumbai,https://www.adzuna.in/details/3142255689?utm_medium=api&utm_source=f15ef5ad,
4819767789,Technical Business Analyst,TEKsystems,"Bangalore, Karnataka",700000.0,3000000.0,INR,IT Jobs,,2024-08-10T10:59:40Z,2026-08-17T02:57:32.336494+00:00,business analyst,Bangalore,https://www.adzuna.in/details/4819767789?utm_medium=api&utm_source=f15ef5ad,
5300209262,Analyst - Business Services,Apex Group,"Baner, Pune",,,INR,Accounting & Finance Jobs,,2025-07-13T02:34:45Z,2026-08-17T02:57:32.336494+00:00,business analyst,Pune,https://www.adzuna.in/details/5300209262?utm_medium=api&utm_source=f15ef5ad,
5727095874,Business Analyst,Pplanet HR Services,"Mumbai, Maharashtra",,,INR,Logistics & Warehouse Jobs,,2026-05-13T01:59:00Z,2026-08-17T02:57:32.336494+00:00,business analyst,Mumbai,https://www.adzuna.in/details/5727095874?utm_medium=api&utm_source=f15ef5ad,
5727280670,Business analyst and scrum master,Career Creed HR Services,"Pune, Maharashtra",,,INR,IT Jobs,,2026-05-13T02:18:55Z,2026-08-17T02:57:32.336494+00:00,business analyst,Pune,https://www.adzuna.in/details/5727280670?utm_medium=api&utm_source=f15ef5ad,
5727281189,Python Data Analyst (Delhi ),Mantras2Success,"Delhi, India",,,INR,IT Jobs,,2026-05-13T02:19:03Z,2026-08-17T02:57:32.336494+00:00,data analyst,Delhi,https://www.adzuna.in/details/5727281189?utm_medium=api&utm_source=f15ef5ad,Python
5728352587,Business Analysts for a broadband co. based at Mumbai,Talent Leads Consultants,"Mumbai, Maharashtra",,,INR,IT Jobs,,2026-05-14T02:19:52Z,2026-08-17T02:57:32.336494+00:00,business analyst,Mumbai,https://www.adzuna.in/details/5728352587?utm_medium=api&utm_source=f15ef5ad,Power BI
5728460466,Principal IT Business Analyst (Logistics),Right Advisors,"Pune, Maharashtra",,,INR,IT Jobs,,2026-05-14T02:28:56Z,2026-08-17T02:57:32.336494+00:00,business analyst,Pune,https://www.adzuna.in/details/5728460466?utm_medium=api&utm_source=f15ef5ad,SAP
5729701010,Business Analyst - Digital Banking with Leading Bank,Acura Solution,"Mumbai, Maharashtra",,,INR,IT Jobs,,2026-05-15T02:16:25Z,2026-08-17T02:57:32.336494+00:00,business analyst,Mumbai,https://www.adzuna.in/details/5729701010?utm_medium=api&utm_source=f15ef5ad,
5762101983,"Analyst, Business Systems",Edwards Lifesciences,"Pune, Maharashtra",,,INR,IT Jobs,,2026-06-13T10:30:42Z,2026-08-17T02:57:32.336494+00:00,business analyst,Pune,https://www.adzuna.in/details/5762101983?utm_medium=api&utm_source=f15ef5ad,
5767591070,"Business Analyst I, TSE Analytics",Amazon,"Hyderabad, Telangana",,,INR,IT Jobs,,2026-06-18T10:24:25Z,2026-08-17T02:57:32.336494+00:00,business analyst,Hyderabad,https://www.adzuna.in/details/5767591070?utm_medium=api&utm_source=f15ef5ad,
5773087730,Specialist Business Finance Analyst (Workday),Incontact,"Pune, Maharashtra",,,INR,Accounting & Finance Jobs,,2026-06-23T07:22:24Z,2026-08-17T02:57:32.336494+00:00,business analyst,Pune,https://www.adzuna.in/details/5773087730?utm_medium=api&utm_source=f15ef5ad,
5777256346,Data Specialist,YipitData,"Hyderabad, Telangana",,,INR,Scientific & QA Jobs,,2026-06-26T10:34:30Z,2026-08-17T02:57:32.336494+00:00,data analyst,Hyderabad,https://www.adzuna.in/details/5777256346?utm_medium=api&utm_source=f15ef5ad,
5778138918,Analyst,eClerx,"Mumbai, Maharashtra",,,INR,IT Jobs,,2026-06-27T02:26:07Z,2026-08-17T02:57:32.336494+00:00,data analyst,Mumbai,https://www.adzuna.in/details/5778138918?utm_medium=api&utm_source=f15ef5ad,Power BI|Tableau
5780829334,"Business Analyst, Process Intelligence",Amgen,"Hyderabad, Telangana",,,INR,IT Jobs,,2026-06-29T10:29:37Z,2026-08-17T02:57:32.336494+00:00,business analyst,Hyderabad,https://www.adzuna.in/details/5780829334?utm_medium=api&utm_source=f15ef5ad,
5782686053,Senior Salesforce Business System Analyst,Workday inc,"Pune, Maharashtra",,,INR,IT Jobs,,2026-07-01T07:15:03Z,2026-08-17T02:57:32.336494+00:00,business analyst,Pune,https://www.adzuna.in/details/5782686053?utm_medium=api&utm_source=f15ef5ad,
5782690797,Implementation Lead,Apraava Renewable Energy,"Hyderabad, Telangana",,,INR,IT Jobs,,2026-07-01T07:18:24Z,2026-08-17T02:57:32.336494+00:00,data analyst,Hyderabad,https://www.adzuna.in/details/5782690797?utm_medium=api&utm_source=f15ef5ad,
5784728430,SQL Developer - Database Systems,Quanteon Solutions LLP,"Hyderabad, Telangana",,,INR,IT Jobs,,2026-07-02T07:18:02Z,2026-08-17T02:57:32.336494+00:00,data analyst,Hyderabad,https://www.adzuna.in/details/5784728430?utm_medium=api&utm_source=f15ef5ad,ETL|SQL
5785771380,"Sr. Eng. I, Digital Dist & Ent Eng",Invesco,"Hyderabad, Telangana",,,INR,IT Jobs,contract,2026-07-03T00:54:15Z,2026-08-17T02:57:32.336494+00:00,business analyst,Hyderabad,https://www.adzuna.in/land/ad/5785771380?se=uq25bueZ8RGJftUyzQ0_4w&utm_medium=api&utm_source=f15ef5ad&v=6A8E62151C6137D2B4EFF8659EA0B0F79A94BB93,
5788790823,"Business Analyst , NCC- Hercules",Amazon,"Hyderabad, Telangana",,,INR,IT Jobs,,2026-07-05T10:41:43Z,2026-08-17T02:57:32.336494+00:00,business analyst,Hyderabad,https://www.adzuna.in/details/5788790823?utm_medium=api&utm_source=f15ef5ad,
5796403018,Business Planning and Analyst,BNY Mellon International Operations India Private Limited,"Pune, Maharashtra",,,INR,Admin Jobs,,2026-07-11T07:17:07Z,2026-08-17T02:57:32.336494+00:00,business analyst,Pune,https://www.adzuna.in/details/5796403018?utm_medium=api&utm_source=f15ef5ad,
5799338990,Sr. Analyst - Global Data Management,Colgate-Palmolive Company,"Mumbai, Maharashtra",,,INR,IT Jobs,,2026-07-14T06:32:09Z,2026-08-17T02:57:32.336494+00:00,data analyst,Mumbai,https://www.adzuna.in/details/5799338990?utm_medium=api&utm_source=f15ef5ad,
5801792916,Compliance Engineering - Data Eng - Analyst - Hyderabad,Goldman Sachs,"Hyderabad, Telangana",,,INR,IT Jobs,,2026-07-16T03:30:27Z,2026-08-17T02:57:32.336494+00:00,data analyst,Hyderabad,https://www.adzuna.in/details/5801792916?utm_medium=api&utm_source=f15ef5ad,
5805402557,Lead Data Analyst,Razorpay,"Bangalore, Karnataka",,,INR,IT Jobs,,2026-07-18T03:32:41Z,2026-08-17T02:57:32.336494+00:00,data analyst,Bangalore,https://www.adzuna.in/details/5805402557?utm_medium=api&utm_source=f15ef5ad,
5808916972,Business Process Operations Analyst,ITC WORLDWIDE,"Pune, Maharashtra",,,INR,IT Jobs,,2026-07-21T12:17:44Z,2026-08-17T02:57:32.336494+00:00,business analyst,Pune,https://www.adzuna.in/details/5808916972?utm_medium=api&utm_source=f15ef5ad,
5809896210,Accounting - Data Analys,Finsights,"Hyderabad, Telangana",,,INR,Accounting & Finance Jobs,,2026-07-22T03:31:22Z,2026-08-17T02:57:32.336494+00:00,data analyst,Hyderabad,https://www.adzuna.in/details/5809896210?utm_medium=api&utm_source=f15ef5ad,
5811916780,Business Analyst with Mortgage SME,Cognizant,"Hyderabad, Telangana",,,INR,IT Jobs,,2026-07-23T10:51:44Z,2026-08-17T02:57:32.336494+00:00,business analyst,Hyderabad,https://www.adzuna.in/details/5811916780?utm_medium=api&utm_source=f15ef5ad,AWS
5819192116,AX/Dynamics 365 Business Analysts,Vertiscript Global It Services Private Limited,"Hyderabad, Telangana",,,INR,IT Jobs,,2026-07-29T07:46:55Z,2026-08-17T02:57:32.336494+00:00,business analyst,Hyderabad,https://www.adzuna.in/details/5819192116?utm_medium=api&utm_source=f15ef5ad,
5820791792,"Business Analyst I, Account Integrity",Amazon,"Hyderabad, Telangana",,,INR,IT Jobs,,2026-07-30T10:54:24Z,2026-08-17T02:57:32.336494+00:00,business analyst,Hyderabad,https://www.adzuna.in/details/5820791792?utm_medium=api&utm_source=f15ef5ad,
5820962659,Technical Delivery Manager,Cotiviti,"Hyderabad, Telangana",,,INR,IT Jobs,,2026-07-30T15:23:53Z,2026-08-17T02:57:32.336494+00:00,business analyst,Hyderabad,https://www.adzuna.in/land/ad/5820962659?se=uq25bueZ8RGJftUyzQ0_4w&utm_medium=api&utm_source=f15ef5ad&v=4E1427856AFDBB35A6D6BB2FA159F2197E376A05,
5823366649,"Analyst I, Market Data Operations",Intercontinental Exchange ,"Hyderabad, Telangana",,,INR,IT Jobs,,2026-08-01T10:50:58Z,2026-08-17T02:57:32.336494+00:00,data analyst,Hyderabad,https://www.adzuna.in/details/5823366649?utm_medium=api&utm_source=f15ef5ad,
5829193111,"Business Intelligence Analyst I, Technology",Kroll,"Mumbai, Maharashtra",,,INR,IT Jobs,,2026-08-05T20:51:58Z,2026-08-17T02:57:32.336494+00:00,business analyst,Mumbai,https://www.adzuna.in/details/5829193111?utm_medium=api&utm_source=f15ef5ad,
5829382885,Require a Data Analyst in Bangalore,TestHiring,"Richmond Town, Bangalore",15000.0,20000.0,INR,IT Jobs,permanent,2026-08-06T00:50:33Z,2026-08-17T02:57:32.336494+00:00,data analyst,Bangalore,https://www.adzuna.in/details/5829382885?utm_medium=api&utm_source=f15ef5ad,Excel|Power BI|Python
5829780310,Technical Business Analyst - Digital Banking (IN),Avaloq,"Pune, Maharashtra",,,INR,IT Jobs,,2026-08-06T06:01:13Z,2026-08-17T02:57:32.336494+00:00,business analyst,Pune,https://www.adzuna.in/land/ad/5829780310?se=Shhub-eZ8RGqM9tlrK2FfQ&utm_medium=api&utm_source=f15ef5ad&v=E6F64E107902CF6ECA6AF162C4AEC3E4A5B195F7,
5830098173,Analytics Business Analyst,Citigroup,"Bangalore, Karnataka",,,INR,Accounting & Finance Jobs,,2026-08-06T10:58:06Z,2026-08-17T02:57:32.336494+00:00,business analyst,Bangalore,https://www.adzuna.in/details/5830098173?utm_medium=api&utm_source=f15ef5ad,
5830105105,Data Analyst,UnitedHealth Group,"Hyderabad, Telangana",,,INR,IT Jobs,,2026-08-06T10:59:51Z,2026-08-17T02:57:32.336494+00:00,data analyst,Hyderabad,https://www.adzuna.in/details/5830105105?utm_medium=api&utm_source=f15ef5ad,
5830518280,Senior Technology Business Analyst,Conduent Business Services India LLP,"Hyderabad, Telangana",,,INR,IT Jobs,,2026-08-06T19:29:41Z,2026-08-17T02:57:32.336494+00:00,business analyst,Hyderabad,https://www.adzuna.in/details/5830518280?utm_medium=api&utm_source=f15ef5ad,
5830627126,Require a Data Analyst in Bangalore,TestHiring,"Richmond Town, Bangalore",15000.0,20000.0,INR,IT Jobs,permanent,2026-08-06T20:51:18Z,2026-08-17T02:57:32.336494+00:00,data analyst,Bangalore,https://www.adzuna.in/details/5830627126?utm_medium=api&utm_source=f15ef5ad,
5831600565,Specialist Business Analyst,Amgen,"Hyderabad, Telangana",,,INR,IT Jobs,,2026-08-07T10:54:00Z,2026-08-17T02:57:32.336494+00:00,business analyst,Hyderabad,https://www.adzuna.in/details/5831600565?utm_medium=api&utm_source=f15ef5ad,
5833578292,Data Analyst - Pricing,Ingram Micro,"Mumbai, Maharashtra",,,INR,Accounting & Finance Jobs,,2026-08-08T20:38:17Z,2026-08-17T02:57:32.336494+00:00,data analyst,Mumbai,https://www.adzuna.in/details/5833578292?utm_medium=api&utm_source=f15ef5ad,
5833587593,Professional - Data Product Analyst,GCC India,"Hyderabad, Telangana",,,INR,IT Jobs,,2026-08-08T20:47:37Z,2026-08-17T02:57:32.336494+00:00,data analyst,Hyderabad,https://www.adzuna.in/details/5833587593?utm_medium=api&utm_source=f15ef5ad,
5833600699,Professional_Data Product Analyst – Data Integrity Group,GCC India,"Hyderabad, Telangana",,,INR,IT Jobs,,2026-08-08T20:58:02Z,2026-08-17T02:57:32.336494+00:00,data analyst,Hyderabad,https://www.adzuna.in/details/5833600699?utm_medium=api&utm_source=f15ef5ad,
5833603099,Senior Consultant Business Analyst,TransUnion,"Pune, Maharashtra",,,INR,IT Jobs,,2026-08-08T20:59:54Z,2026-08-17T02:57:32.336494+00:00,business analyst,Pune,https://www.adzuna.in/details/5833603099?utm_medium=api&utm_source=f15ef5ad,
5833604574,Sr. Business Systems Analyst,GIA Services,"Mumbai, Maharashtra",,,INR,IT Jobs,contract,2026-08-08T21:00:42Z,2026-08-17T02:57:32.336494+00:00,business analyst,Mumbai,https://www.adzuna.in/details/5833604574?utm_medium=api&utm_source=f15ef5ad,
5834201870,Data Architect & Delivery Lead,Mattel,"Hyderabad, Telangana",,,INR,IT Jobs,,2026-08-09T07:23:07Z,2026-08-17T02:57:32.336494+00:00,data analyst,Hyderabad,https://www.adzuna.in/details/5834201870?utm_medium=api&utm_source=f15ef5ad,Machine Learning
5834385382,Lead Business Analyst - Product Owner-1,Mastercard,"Pune, Maharashtra",,,INR,IT Jobs,,2026-08-09T11:09:19Z,2026-08-17T02:57:32.336494+00:00,business analyst,Pune,https://www.adzuna.in/details/5834385382?utm_medium=api&utm_source=f15ef5ad,
5835624591,Business Analyst – User Stories & Backlog | Information & Technology | Mumbai,Colliers,"Mumbai, Maharashtra",,,INR,IT Jobs,,2026-08-10T19:24:12Z,2026-08-17T02:57:32.336494+00:00,business analyst,Mumbai,https://www.adzuna.in/details/5835624591?utm_medium=api&utm_source=f15ef5ad,SQL
5835722151,Sr Associate Business Analyst,Amgen,"Hyderabad, Telangana",,,INR,IT Jobs,,2026-08-10T20:46:46Z,2026-08-17T02:57:32.336494+00:00,business analyst,Hyderabad,https://www.adzuna.in/details/5835722151?utm_medium=api&utm_source=f15ef5ad,
5835722222,Team Member-SUPPORT SERVICES-Credit Industry Research,Kotak Mahindra Bank,"Mumbai, Maharashtra",,,INR,Accounting & Finance Jobs,,2026-08-10T20:46:48Z,2026-08-17T02:57:32.336494+00:00,data analyst,Mumbai,https://www.adzuna.in/details/5835722222?utm_medium=api&utm_source=f15ef5ad,
5835895781,Data analyst - Founders office,DrinkPrime,"Richmond Town, Bangalore",,,INR,Accounting & Finance Jobs,permanent,2026-08-11T00:54:58Z,2026-08-17T02:57:32.336494+00:00,data analyst,Bangalore,https://www.adzuna.in/details/5835895781?utm_medium=api&utm_source=f15ef5ad,Excel|Looker|Power BI|Tableau
5836398410,Embedded Business Analyst,Carrier,"Hyderabad, Telangana",,,INR,Engineering Jobs,,2026-08-11T10:59:16Z,2026-08-17T02:57:32.336494+00:00,business analyst,Hyderabad,https://www.adzuna.in/details/5836398410?utm_medium=api&utm_source=f15ef5ad,
5836594045,"Business Analyst, ROC Analytics",ADCI HYD 13 SEZ,"Hyderabad, Telangana",,,INR,IT Jobs,,2026-08-11T16:02:29Z,2026-08-17T02:57:32.336494+00:00,business analyst,Hyderabad,https://www.adzuna.in/details/5836594045?utm_medium=api&utm_source=f15ef5ad,
5836764355,Senior Finance Data Analyst,Taylor and Francis,"Bangalore, Karnataka",,,INR,IT Jobs,,2026-08-11T19:25:32Z,2026-08-17T02:57:32.336494+00:00,data analyst,Bangalore,https://www.adzuna.in/details/5836764355?utm_medium=api&utm_source=f15ef5ad,Power BI|SQL
5836835131,Senior Associate - Workday Reporting Developer,TIAA,"Pune, Maharashtra",,,INR,IT Jobs,,2026-08-11T20:43:22Z,2026-08-17T02:57:32.336494+00:00,data analyst,Pune,https://www.adzuna.in/details/5836835131?utm_medium=api&utm_source=f15ef5ad,
5836846785,SAP BODS / SAP Data Conversion Analyst,Vrinda International,"H.S.Sangh, North West Delhi",1500000.0,1600000.0,INR,IT Jobs,permanent,2026-08-11T20:59:04Z,2026-08-17T02:57:32.336494+00:00,data analyst,Delhi,https://www.adzuna.in/details/5836846785?utm_medium=api&utm_source=f15ef5ad,ETL|SAP|SQL
5837139281,"Senior Associate, Data Analysis",Kyndryl,"Bangalore, Karnataka",,,INR,IT Jobs,,2026-08-12T01:59:32Z,2026-08-17T02:57:32.336494+00:00,data analyst,Bangalore,https://www.adzuna.in/land/ad/5837139281?se=Vsp9ZeeZ8RGJftUyzQ0_4w&utm_medium=api&utm_source=f15ef5ad&v=BEEFB5929CFC45EB41BC3DFAAC85E511FEBC4BE1,
5837548668,Require a Business Analyst in Hyderabad,TestHiring,"Hussainialam, Hyderabad",15000.0,20000.0,INR,IT Jobs,permanent,2026-08-12T07:05:28Z,2026-08-17T02:57:32.336494+00:00,business analyst,Hyderabad,https://www.adzuna.in/details/5837548668?utm_medium=api&utm_source=f15ef5ad,
5837583705,Senior Data Engineer,Experian,"Hyderabad, Telangana",,,INR,Engineering Jobs,,2026-08-12T07:26:14Z,2026-08-17T02:57:32.336494+00:00,data analyst,Hyderabad,https://www.adzuna.in/details/5837583705?utm_medium=api&utm_source=f15ef5ad,AWS|Spark
5837797842,Business Analyst,Cisco,"Bangalore, Karnataka",,,INR,IT Jobs,,2026-08-12T10:57:57Z,2026-08-17T02:57:32.336494+00:00,business analyst,Bangalore,https://www.adzuna.in/details/5837797842?utm_medium=api&utm_source=f15ef5ad,Machine Learning
5837799034,Channel Specialist (Data Analyst),Danaher Corporation,"Mumbai, Maharashtra",,,INR,IT Jobs,,2026-08-12T10:58:17Z,2026-08-17T02:57:32.336494+00:00,data analyst,Mumbai,https://www.adzuna.in/details/5837799034?utm_medium=api&utm_source=f15ef5ad,
5838096669,Business Analyst - SFCC,WillWare Technologies,"Bangalore, Karnataka",,,INR,IT Jobs,,2026-08-12T16:02:52Z,2026-08-17T02:57:32.336494+00:00,business analyst,Bangalore,https://www.adzuna.in/details/5838096669?utm_medium=api&utm_source=f15ef5ad,
5838134261,Assistant Manager Customer Success,startuphr.consulting,"Bangalore, Karnataka",,,INR,IT Jobs,,2026-08-12T16:16:45Z,2026-08-17T02:57:32.336494+00:00,data analyst,Bangalore,https://www.adzuna.in/land/ad/5838134261?se=wGAEZueZ8RGJftUyzQ0_4w&utm_medium=api&utm_source=f15ef5ad&v=E6AB5215416EF8AF3DA2D925189739D57F58D028,
5838462720,Business Analyst,PIPEx,"Mumbai, Maharashtra",,,INR,IT Jobs,,2026-08-12T20:51:30Z,2026-08-17T02:57:32.336494+00:00,business analyst,Mumbai,https://www.adzuna.in/details/5838462720?utm_medium=api&utm_source=f15ef5ad,
5838467653,Senior Analyst - Data & Process Management,Sanofi,"Hyderabad, Telangana",,,INR,IT Jobs,permanent,2026-08-12T20:53:15Z,2026-08-17T02:57:32.336494+00:00,data analyst,Hyderabad,https://www.adzuna.in/details/5838467653?utm_medium=api&utm_source=f15ef5ad,
5838483038,Business Analyst-Process,Cushman & Wakefield,"Bangalore, Karnataka",,,INR,IT Jobs,,2026-08-12T20:59:48Z,2026-08-17T02:57:32.336494+00:00,business analyst,Bangalore,https://www.adzuna.in/details/5838483038?utm_medium=api&utm_source=f15ef5ad,
5838663191,Data Testing Analyst,Arminus,"Srinivasapuram, Hyderabad",1000000.0,2000000.0,INR,IT Jobs,,2026-08-12T23:34:11Z,2026-08-17T02:57:32.336494+00:00,data analyst,Hyderabad,https://www.adzuna.in/details/5838663191?utm_medium=api&utm_source=f15ef5ad,ETL
5838750286,Junior business Analyst,Happiest Resume,"Delhi, India",100000.0,600000.0,INR,IT Jobs,,2026-08-13T02:55:55Z,2026-08-17T02:57:32.336494+00:00,data analyst,Delhi,https://www.adzuna.in/details/5838750286?utm_medium=api&utm_source=f15ef5ad,SQL
5838750293,Junior Data Analyst,Happiest Resume,"New Delhi, Delhi",100000.0,700000.0,INR,IT Jobs,,2026-08-13T02:55:55Z,2026-08-17T02:57:32.336494+00:00,data analyst,Delhi,https://www.adzuna.in/details/5838750293?utm_medium=api&utm_source=f15ef5ad,
5838750295,Junior Data Analyst,Happiest Resume,"Delhi, India",100000.0,700000.0,INR,IT Jobs,,2026-08-13T02:55:55Z,2026-08-17T02:57:32.336494+00:00,data analyst,Delhi,https://www.adzuna.in/details/5838750295?utm_medium=api&utm_source=f15ef5ad,
5839213723,ServiceNow Business Analyst,Schneider Electric,"Bangalore, Karnataka",,,INR,IT Jobs,permanent,2026-08-13T07:26:00Z,2026-08-17T02:57:32.336494+00:00,business analyst,Bangalore,https://www.adzuna.in/details/5839213723?utm_medium=api&utm_source=f15ef5ad,
5839225641,Business Analyst,Foray Software Private Limited,"Bangalore, Karnataka",,,INR,IT Jobs,,2026-08-13T07:33:15Z,2026-08-17T02:57:32.336494+00:00,business analyst,Bangalore,https://www.adzuna.in/details/5839225641?utm_medium=api&utm_source=f15ef5ad,
5839549367,Teamcenter Business Analyst,Expleo,"Cahmrajendrapet, Bangalore",,,INR,IT Jobs,permanent,2026-08-13T10:56:40Z,2026-08-17T02:57:32.336494+00:00,business analyst,Bangalore,https://www.adzuna.in/details/5839549367?utm_medium=api&utm_source=f15ef5ad,
5839585382,Associate Analyst - MDM,Eaton Corporation,"Pune, Maharashtra",,,INR,IT Jobs,,2026-08-13T11:02:36Z,2026-08-17T02:57:32.336494+00:00,data analyst,Pune,https://www.adzuna.in/details/5839585382?utm_medium=api&utm_source=f15ef5ad,
5839585385,Analyst - Data,Eaton Corporation,"Pune, Maharashtra",,,INR,IT Jobs,,2026-08-13T11:02:36Z,2026-08-17T02:57:32.336494+00:00,data analyst,Pune,https://www.adzuna.in/details/5839585385?utm_medium=api&utm_source=f15ef5ad,
5839589328,Energy Market Consultant - Power,ICF,"New Delhi, Delhi",,,INR,"Energy, Oil & Gas Jobs",,2026-08-13T11:03:18Z,2026-08-17T02:57:32.336494+00:00,business analyst,Delhi,https://www.adzuna.in/details/5839589328?utm_medium=api&utm_source=f15ef5ad,
5839592998,ERP Business Analyst - Tax Management,Roche,"Pune, Maharashtra",,,INR,Accounting & Finance Jobs,,2026-08-13T11:03:50Z,2026-08-17T02:57:32.336494+00:00,business analyst,Pune,https://www.adzuna.in/details/5839592998?utm_medium=api&utm_source=f15ef5ad,
5839593063,ERP Business Analyst,Roche,"Hyderabad, Telangana",,,INR,IT Jobs,,2026-08-13T11:03:50Z,2026-08-17T02:57:32.336494+00:00,business analyst,Hyderabad,https://www.adzuna.in/details/5839593063?utm_medium=api&utm_source=f15ef5ad,
5839593285,Senior Analyst - Data & Process Management,Sanofi Group,"Hyderabad, Telangana",,,INR,IT Jobs,,2026-08-13T11:03:54Z,2026-08-17T02:57:32.336494+00:00,data analyst,Hyderabad,https://www.adzuna.in/details/5839593285?utm_medium=api&utm_source=f15ef5ad,
5839595037,Data Engineer - Palantir - Mumbai,Burns & McDonnell,"Mumbai, Maharashtra",,,INR,IT Jobs,,2026-08-13T11:04:07Z,2026-08-17T02:57:32.336494+00:00,data analyst,Mumbai,https://www.adzuna.in/details/5839595037?utm_medium=api&utm_source=f15ef5ad,
5840187568,Senior Business Analyst (B2B Service/Product),Staffnixcom,"Mumbai, Maharashtra",1700000.0,2000000.0,INR,IT Jobs,,2026-08-13T16:04:35Z,2026-08-17T02:57:32.336494+00:00,business analyst,Mumbai,https://www.adzuna.in/details/5840187568?utm_medium=api&utm_source=f15ef5ad,
5840187666,Senior Business Analyst (B2B Service/Product,Staffnixcom,"Pune, Maharashtra",1700000.0,2200000.0,INR,IT Jobs,,2026-08-13T16:04:36Z,2026-08-17T02:57:32.336494+00:00,business analyst,Pune,https://www.adzuna.in/details/5840187666?utm_medium=api&utm_source=f15ef5ad,
5840369440,Senior Clinical Data Analyst,Parexel,"Hyderabad, Telangana",,,INR,Scientific & QA Jobs,,2026-08-13T20:38:08Z,2026-08-17T02:57:32.336494+00:00,data analyst,Hyderabad,https://www.adzuna.in/details/5840369440?utm_medium=api&utm_source=f15ef5ad,
5840371632,Reference Data Analyst,JPMorganChase,"Bangalore, Karnataka",,,INR,Accounting & Finance Jobs,,2026-08-13T20:41:13Z,2026-08-17T02:57:32.336494+00:00,data analyst,Bangalore,https://www.adzuna.in/details/5840371632?utm_medium=api&utm_source=f15ef5ad,
5840394046,Business Analyst,Amgen,"Hyderabad, Telangana",,,INR,IT Jobs,,2026-08-13T20:57:30Z,2026-08-17T02:57:32.336494+00:00,business analyst,Hyderabad,https://www.adzuna.in/details/5840394046?utm_medium=api&utm_source=f15ef5ad,
5841129918,Senior Data Analyst,Tokopedia,"Bangalore, Karnataka",,,INR,IT Jobs,,2026-08-14T07:33:48Z,2026-08-17T02:57:32.336494+00:00,data analyst,Bangalore,https://www.adzuna.in/details/5841129918?utm_medium=api&utm_source=f15ef5ad,
5841130770,Business Analyst,Laminaar Aviation Infotech India,"Bangalore, Karnataka",,,INR,IT Jobs,,2026-08-14T07:34:51Z,2026-08-17T02:57:32.336494+00:00,business analyst,Bangalore,https://www.adzuna.in/details/5841130770?utm_medium=api&utm_source=f15ef5ad,
5841396540,Lead Business Analyst,FM India,"Bangalore, Karnataka",,,INR,IT Jobs,,2026-08-14T11:10:34Z,2026-08-17T02:57:32.336494+00:00,business analyst,Bangalore,https://www.adzuna.in/details/5841396540?utm_medium=api&utm_source=f15ef5ad,
5841415112,Application Support Analyst - Backend and Data Applications,Citigroup,"Pune, Maharashtra",,,INR,IT Jobs,,2026-08-14T11:17:45Z,2026-08-17T02:57:32.336494+00:00,data analyst,Pune,https://www.adzuna.in/details/5841415112?utm_medium=api&utm_source=f15ef5ad,
5841415677,Business Analyst ERM Data Governance Data Quality VP,Citigroup,"Mumbai, Maharashtra",,,INR,IT Jobs,,2026-08-14T11:17:50Z,2026-08-17T02:57:32.336494+00:00,data analyst,Mumbai,https://www.adzuna.in/details/5841415677?utm_medium=api&utm_source=f15ef5ad,
5841415710,Senior Tableau Data Vice President,Citigroup,"Pune, Maharashtra",,,INR,IT Jobs,,2026-08-14T11:17:50Z,2026-08-17T02:57:32.336494+00:00,data analyst,Pune,https://www.adzuna.in/details/5841415710?utm_medium=api&utm_source=f15ef5ad,Tableau
5841415760,SAS Data Analyst,Citigroup,"Bangalore, Karnataka",,,INR,IT Jobs,,2026-08-14T11:17:51Z,2026-08-17T02:57:32.336494+00:00,data analyst,Bangalore,https://www.adzuna.in/details/5841415760?utm_medium=api&utm_source=f15ef5ad,
5841439044,SAP PP QM Senior Business Analyst,MiniMed,"Pune, Maharashtra",,,INR,IT Jobs,,2026-08-14T11:22:17Z,2026-08-17T02:57:32.336494+00:00,business analyst,Pune,https://www.adzuna.in/details/5841439044?utm_medium=api&utm_source=f15ef5ad,SAP
5841440298,Senior Clinical Data Analyst,Parexel,"Hyderabad, Telangana",,,INR,Scientific & QA Jobs,,2026-08-14T11:22:46Z,2026-08-17T02:57:32.336494+00:00,data analyst,Hyderabad,https://www.adzuna.in/details/5841440298?utm_medium=api&utm_source=f15ef5ad,
5841445584,"Sr. Analyst, Business Analytics",Colgate-Palmolive,"Mumbai, Maharashtra",,,INR,IT Jobs,,2026-08-14T11:24:32Z,2026-08-17T02:57:32.336494+00:00,business analyst,Mumbai,https://www.adzuna.in/details/5841445584?utm_medium=api&utm_source=f15ef5ad,
5841481304,Finance Data Analyst,Taylor and Francis,"Bangalore, Karnataka",,,INR,IT Jobs,,2026-08-14T13:30:00Z,2026-08-17T02:57:32.336494+00:00,data analyst,Bangalore,https://www.adzuna.in/details/5841481304?utm_medium=api&utm_source=f15ef5ad,Power BI|SQL
5841923308,Associate Distribution Data Management Analyst,Franklin Templeton,"Hyderabad, Telangana",,,INR,IT Jobs,,2026-08-14T20:44:28Z,2026-08-17T02:57:32.336494+00:00,data analyst,Hyderabad,https://www.adzuna.in/details/5841923308?utm_medium=api&utm_source=f15ef5ad,
5841923933,Commercial Data Specialist,ERM,"Delhi, India",,,INR,IT Jobs,,2026-08-14T20:44:58Z,2026-08-17T02:57:32.336494+00:00,data analyst,Delhi,https://www.adzuna.in/details/5841923933?utm_medium=api&utm_source=f15ef5ad,
5841925523,"Senior Analyst, Data Science & Analytics",TransUnion,"Pune, Maharashtra",,,INR,Accounting & Finance Jobs,,2026-08-14T20:46:21Z,2026-08-17T02:57:32.336494+00:00,data analyst,Pune,https://www.adzuna.in/details/5841925523?utm_medium=api&utm_source=f15ef5ad,
5842137393,AI Business Analyst/ Consultant,METRO Global Solution Center IN,"Pune, Maharashtra",,,INR,IT Jobs,,2026-08-15T01:30:29Z,2026-08-17T02:57:32.336494+00:00,business analyst,Pune,https://www.adzuna.in/details/5842137393?utm_medium=api&utm_source=f15ef5ad,
5842137394,GCP Data Engineer,Mattel,"Hyderabad, Telangana",,,INR,IT Jobs,,2026-08-15T01:30:29Z,2026-08-17T02:57:32.336494+00:00,data analyst,Hyderabad,https://www.adzuna.in/details/5842137394?utm_medium=api&utm_source=f15ef5ad,Airflow|BigQuery|GCP|Python|SQL|dbt
5842489292,Business Analyst,Aggne,"Hyderabad, Telangana",,,INR,IT Jobs,permanent,2026-08-15T05:58:54Z,2026-08-17T02:57:32.336494+00:00,business analyst,Hyderabad,https://www.adzuna.in/details/5842489292?utm_medium=api&utm_source=f15ef5ad,
5842569972,Business Analyst,Ara Resources Private Limited,"Bangalore, Karnataka",,,INR,IT Jobs,,2026-08-15T07:51:30Z,2026-08-17T02:57:32.336494+00:00,business analyst,Bangalore,https://www.adzuna.in/details/5842569972?utm_medium=api&utm_source=f15ef5ad,
5842569974,Business Analyst,Ara Resources Private Limited,"Mumbai, Maharashtra",,,INR,Accounting & Finance Jobs,,2026-08-15T07:51:30Z,2026-08-17T02:57:32.336494+00:00,business analyst,Mumbai,https://www.adzuna.in/details/5842569974?utm_medium=api&utm_source=f15ef5ad,
5842589838,Data Quality Engineer,Anblicks Solutions,"Hyderabad, Telangana",,,INR,IT Jobs,,2026-08-15T08:33:01Z,2026-08-17T02:57:32.336494+00:00,data analyst,Hyderabad,https://www.adzuna.in/details/5842589838?utm_medium=api&utm_source=f15ef5ad,
5842590099,Business Analyst,Agiliad Technologies,"Pune, Maharashtra",,,INR,IT Jobs,,2026-08-15T08:33:33Z,2026-08-17T02:57:32.336494+00:00,business analyst,Pune,https://www.adzuna.in/details/5842590099?utm_medium=api&utm_source=f15ef5ad,
5842760649,Mid-Level Data Analyst - Observability and Telemetry (Digital Applications),Citigroup,"Pune, Maharashtra",,,INR,IT Jobs,,2026-08-15T11:31:42Z,2026-08-17T02:57:32.336494+00:00,data analyst,Pune,https://www.adzuna.in/details/5842760649?utm_medium=api&utm_source=f15ef5ad,
5842763359,Data Analyst - INTL India,Insight Global,"Hyderabad, Telangana",,,INR,IT Jobs,,2026-08-15T11:35:13Z,2026-08-17T02:57:32.336494+00:00,data analyst,Hyderabad,https://www.adzuna.in/details/5842763359?utm_medium=api&utm_source=f15ef5ad,
5843020136,Online Data Analyst - Odia (IN) | Fully Remote,TELUS Digital AI Data Solutions,"Mumbai, Maharashtra",,,INR,IT Jobs,,2026-08-15T16:04:16Z,2026-08-17T02:57:32.336494+00:00,data analyst,Mumbai,https://www.adzuna.in/details/5843020136?utm_medium=api&utm_source=f15ef5ad,
5843155892,"Data Analyst, Labs",DoorDash,"Hyderabad, Telangana",,,INR,IT Jobs,,2026-08-15T20:42:13Z,2026-08-17T02:57:32.336494+00:00,data analyst,Hyderabad,https://www.adzuna.in/details/5843155892?utm_medium=api&utm_source=f15ef5ad,
5843157074,Associate Distribution Data Management Analyst,Franklin Templeton,"Hyderabad, Telangana",,,INR,IT Jobs,,2026-08-15T20:44:14Z,2026-08-17T02:57:32.336494+00:00,data analyst,Hyderabad,https://www.adzuna.in/details/5843157074?utm_medium=api&utm_source=f15ef5ad,
5843158076,Distribution Data Management Analyst,Franklin Templeton,"Hyderabad, Telangana",,,INR,IT Jobs,,2026-08-15T20:45:41Z,2026-08-17T02:57:32.336494+00:00,data analyst,Hyderabad,https://www.adzuna.in/details/5843158076?utm_medium=api&utm_source=f15ef5ad,
5843161046,HO Product Team - TPP-HO & SUPPORT-Third Party Products,Kotak Mahindra Bank,"Mumbai, Maharashtra",,,INR,IT Jobs,,2026-08-15T20:49:10Z,2026-08-17T02:57:32.336494+00:00,data analyst,Mumbai,https://www.adzuna.in/details/5843161046?utm_medium=api&utm_source=f15ef5ad,
5843162109,Business Analyst,Cohere Health,"Hyderabad, Telangana",,,INR,IT Jobs,,2026-08-15T20:50:13Z,2026-08-17T02:57:32.336494+00:00,business analyst,Hyderabad,https://www.adzuna.in/details/5843162109?utm_medium=api&utm_source=f15ef5ad,
5843165269,Advanced Data Analyst,Honeywell,"Pune, Maharashtra",,,INR,IT Jobs,,2026-08-15T20:53:21Z,2026-08-17T02:57:32.336494+00:00,data analyst,Pune,https://www.adzuna.in/details/5843165269?utm_medium=api&utm_source=f15ef5ad,
5843182435,HR Data & Insights Analyst,Avient,"Pune, Maharashtra",,,INR,HR & Recruitment Jobs,,2026-08-15T21:04:47Z,2026-08-17T02:57:32.336494+00:00,data analyst,Pune,https://www.adzuna.in/details/5843182435?utm_medium=api&utm_source=f15ef5ad,
5843986990,Data Analyst,Eaton Corporation,"Pune, Maharashtra",,,INR,IT Jobs,,2026-08-16T11:21:49Z,2026-08-17T02:57:32.336494+00:00,data analyst,Pune,https://www.adzuna.in/details/5843986990?utm_medium=api&utm_source=f15ef5ad,
5843987310,Advanced Data Analyst,Honeywell,"Pune, Maharashtra",,,INR,IT Jobs,,2026-08-16T11:22:03Z,2026-08-17T02:57:32.336494+00:00,data analyst,Pune,https://www.adzuna.in/details/5843987310?utm_medium=api&utm_source=f15ef5ad,
5843994204,Data Analyst III,RELX INC,"Bangalore, Karnataka",,,INR,IT Jobs,,2026-08-16T11:25:36Z,2026-08-17T02:57:32.336494+00:00,data analyst,Bangalore,https://www.adzuna.in/details/5843994204?utm_medium=api&utm_source=f15ef5ad,
5844293023,"Business Analyst, Integrations & Products",APEXX Global,"Pune, Maharashtra",,,INR,IT Jobs,,2026-08-16T20:44:02Z,2026-08-17T02:57:32.336494+00:00,business analyst,Pune,https://www.adzuna.in/details/5844293023?utm_medium=api&utm_source=f15ef5ad,
5844293957,QA Business Analyst,Verisk Analytics,"Hyderabad, Telangana",,,INR,IT Jobs,,2026-08-16T20:45:09Z,2026-08-17T02:57:32.336494+00:00,business analyst,Hyderabad,https://www.adzuna.in/details/5844293957?utm_medium=api&utm_source=f15ef5ad,
5844306645,Apprentice,State Street,"Mumbai, Maharashtra",,,INR,Accounting & Finance Jobs,,2026-08-16T20:58:13Z,2026-08-17T02:57:32.336494+00:00,data analyst,Mumbai,https://www.adzuna.in/details/5844306645?utm_medium=api&utm_source=f15ef5ad,
5844800860,Lead Product Designer-B2C Consumer,CGvak Software Exports,"Mumbai, Maharashtra",3600000.0,6000000.0,INR,IT Jobs,permanent,2026-08-17T07:20:24Z,2026-08-17T02:57:32.336494+00:00,data analyst,Mumbai,https://www.adzuna.in/details/5844800860?utm_medium=api&utm_source=f15ef5ad,
2353624610,RPA Business Analyst,On Time Solutions,"Bangalore, Karnataka",500000.0,2200000.0,INR,IT Jobs,,2021-08-01T21:10:51Z,2026-08-10T03:52:31.947127+00:00,business analyst,Bangalore,https://www.adzuna.in/details/2353624610?utm_medium=api&utm_source=f15ef5ad,
5699844801,Sleep Company is hiring for Data Engineer - Immediate Joiner,The Sleep Company,"Mumbai, Maharashtra",1500000.0,2500000.0,INR,IT Jobs,,2026-04-15T11:46:27Z,2026-08-10T03:52:31.947127+00:00,data analyst,Mumbai,https://www.adzuna.in/details/5699844801?utm_medium=api&utm_source=f15ef5ad,BigQuery|ETL
5727129226,Business Intelligence Analyst,Pplanet HR Services,"Mumbai, Maharashtra",,,INR,IT Jobs,,2026-05-13T02:03:33Z,2026-08-10T03:52:31.947127+00:00,business analyst,Mumbai,https://www.adzuna.in/details/5727129226?utm_medium=api&utm_source=f15ef5ad,
5727163751,Data Analyst,MM Staffing & Career Consultants,"Mumbai, Maharashtra",,,INR,IT Jobs,,2026-05-13T02:06:29Z,2026-08-10T03:52:31.947127+00:00,data analyst,Mumbai,https://www.adzuna.in/details/5727163751?utm_medium=api&utm_source=f15ef5ad,Power BI|SQL|Snowflake|Spark|Tableau
5727176181,Talend ETL Developer,Mancraft Consulting,"Delhi, India",,,INR,IT Jobs,,2026-05-13T02:07:34Z,2026-08-10T03:52:31.947127+00:00,data analyst,Delhi,https://www.adzuna.in/details/5727176181?utm_medium=api&utm_source=f15ef5ad,ETL
5727196518,Business Credit Analyst - Construction finance - Mumbai & Hyderabad,Acura Solution,"Mumbai, Maharashtra",,,INR,Accounting & Finance Jobs,,2026-05-13T02:09:37Z,2026-08-10T03:52:31.947127+00:00,business analyst,Mumbai,https://www.adzuna.in/details/5727196518?utm_medium=api&utm_source=f15ef5ad,
5727253840,Business Analyst - Corporate and SME - Leading Bank,Acura Solution,"Mumbai, Maharashtra",,,INR,IT Jobs,,2026-05-13T02:14:44Z,2026-08-10T03:52:31.947127+00:00,business analyst,Mumbai,https://www.adzuna.in/details/5727253840?utm_medium=api&utm_source=f15ef5ad,
5728264990,"Credit Risk : BKC, Mumbai",Acura Solution,"Mumbai, Maharashtra",,,INR,Accounting & Finance Jobs,,2026-05-14T02:04:34Z,2026-08-10T03:52:31.947127+00:00,data analyst,Mumbai,https://www.adzuna.in/details/5728264990?utm_medium=api&utm_source=f15ef5ad,
5728435370,Data Engineer – Vertica Database Specialist,Mantras2Success,"Mumbai, Maharashtra",,,INR,IT Jobs,,2026-05-14T02:26:57Z,2026-08-10T03:52:31.947127+00:00,data analyst,Mumbai,https://www.adzuna.in/details/5728435370?utm_medium=api&utm_source=f15ef5ad,ETL|SQL
5728445327,Data Analyst,RECEX,"Delhi, India",,,INR,IT Jobs,,2026-05-14T02:27:43Z,2026-08-10T03:52:31.947127+00:00,data analyst,Delhi,https://www.adzuna.in/details/5728445327?utm_medium=api&utm_source=f15ef5ad,Excel|Power BI|SQL
5745231650,"Sales Operations Analyst, Amazon Ads",Amazon,"Mumbai, Maharashtra",,,INR,Sales Jobs,,2026-05-30T10:12:19Z,2026-08-10T03:52:31.947127+00:00,data analyst,Mumbai,https://www.adzuna.in/details/5745231650?utm_medium=api&utm_source=f15ef5ad,
5761704737,Business Analyst (Lending Technologies ),Mantras2Success,"Secunderabad, Hyderabad",,,INR,IT Jobs,,2026-06-13T02:19:20Z,2026-08-10T03:52:31.947127+00:00,business analyst,Hyderabad,https://www.adzuna.in/details/5761704737?utm_medium=api&utm_source=f15ef5ad,
5762806538,Analyst (R-19230),Dun & Bradstreet,"Delhi, India",,,INR,Accounting & Finance Jobs,,2026-06-14T02:19:10Z,2026-08-10T03:52:31.947127+00:00,business analyst,Delhi,https://www.adzuna.in/details/5762806538?utm_medium=api&utm_source=f15ef5ad,
5769709718,Senior - Business Analyst,BSR & Co,"Bangalore, Karnataka",,,INR,Legal Jobs,,2026-06-20T03:06:57Z,2026-08-10T03:52:31.947127+00:00,business analyst,Bangalore,https://www.adzuna.in/details/5769709718?utm_medium=api&utm_source=f15ef5ad,
5769723176,Xstore - Business Analyst,Valtech,"Bangalore, Karnataka",,,INR,IT Jobs,,2026-06-20T03:09:45Z,2026-08-10T03:52:31.947127+00:00,business analyst,Bangalore,https://www.adzuna.in/details/5769723176?utm_medium=api&utm_source=f15ef5ad,
5779644603,Senior Business Analyst,ThoughtFocus,"Bangalore, Karnataka",,,INR,Accounting & Finance Jobs,,2026-06-28T07:26:26Z,2026-08-10T03:52:31.947127+00:00,business analyst,Bangalore,https://www.adzuna.in/details/5779644603?utm_medium=api&utm_source=f15ef5ad,
5782686179,"Senior Analyst, Business Analytics",Colgate-Palmolive ,"Mumbai, Maharashtra",,,INR,IT Jobs,,2026-07-01T07:15:08Z,2026-08-10T03:52:31.947127+00:00,business analyst,Mumbai,https://www.adzuna.in/details/5782686179?utm_medium=api&utm_source=f15ef5ad,Machine Learning
5782686791,"Sr. Analyst, Business Analytics",Colgate-Palmolive ,"Mumbai, Maharashtra",,,INR,IT Jobs,,2026-07-01T07:15:18Z,2026-08-10T03:52:31.947127+00:00,business analyst,Mumbai,https://www.adzuna.in/details/5782686791?utm_medium=api&utm_source=f15ef5ad,
5784692788,Data Analyst (Amplitude & metabase),EnglishBhashi,"Bangalore, Karnataka",240000.0,420000.0,INR,IT Jobs,permanent,2026-07-02T06:24:46Z,2026-08-10T03:52:31.947127+00:00,data analyst,Bangalore,https://www.adzuna.in/details/5784692788?utm_medium=api&utm_source=f15ef5ad,
5785772796,"Specialist, Business Analyst – Content Review Automation (AI-enabled MLR / Content Catalyst)",MSD,"Hyderabad, Telangana",,,INR,IT Jobs,,2026-07-03T00:54:29Z,2026-08-10T03:52:31.947127+00:00,business analyst,Hyderabad,https://www.adzuna.in/land/ad/5785772796?se=HKb08m6U8RGlDuOngCclFw&utm_medium=api&utm_source=f15ef5ad&v=3917B16DBD5FED744B5E879B784653310421F260,
5793185846,Data Analyst,Headout,"Bangalore, Karnataka",,,INR,IT Jobs,,2026-07-09T03:05:53Z,2026-08-10T03:52:31.947127+00:00,data analyst,Bangalore,https://www.adzuna.in/details/5793185846?utm_medium=api&utm_source=f15ef5ad,
5798899040,Analyst/Senior Analyst - Data Analytics (Corporate Actions) - Financial Research,D. E. Shaw India Private Limited,"Hyderabad, Telangana",,,INR,Accounting & Finance Jobs,permanent,2026-07-13T21:08:00Z,2026-08-10T03:52:31.947127+00:00,data analyst,Hyderabad,https://www.adzuna.in/details/5798899040?utm_medium=api&utm_source=f15ef5ad,
5802317035,Data Management Strategy & Governance Lead Analyst - HIH - Evernorth,The Cigna Group,"Hyderabad, Telangana",,,INR,IT Jobs,,2026-07-16T10:42:31Z,2026-08-10T03:52:31.947127+00:00,data analyst,Hyderabad,https://www.adzuna.in/details/5802317035?utm_medium=api&utm_source=f15ef5ad,
5814246246,Senior Data Analyst I,The Nielsen Company,"Bangalore, Karnataka",,,INR,IT Jobs,,2026-07-25T01:05:38Z,2026-08-10T03:52:31.947127+00:00,data analyst,Bangalore,https://www.adzuna.in/details/5814246246?utm_medium=api&utm_source=f15ef5ad,
5822285218,"Business Analyst, OHL",ASSPL - Karnataka,"Bangalore, Karnataka",,,INR,IT Jobs,,2026-07-31T15:58:44Z,2026-08-10T03:52:31.947127+00:00,business analyst,Bangalore,https://www.adzuna.in/details/5822285218?utm_medium=api&utm_source=f15ef5ad,
5822659699,Databricks Engineer (Immediate Joiners Only- 3 to 15 Years),GyanSys Inc.,"Bangalore, Karnataka",,,INR,IT Jobs,,2026-08-01T01:28:55Z,2026-08-10T03:52:31.947127+00:00,business analyst,Bangalore,https://www.adzuna.in/land/ad/5822659699?se=Mldr8W6U8RGWPoJqQXFPnw&utm_medium=api&utm_source=f15ef5ad&v=4A205F252FAC43CD9870D49C5465361745CEAFD8,SAP
5823363273,Business Analyst,Cognizant,"Bangalore, Karnataka",,,INR,IT Jobs,,2026-08-01T10:50:20Z,2026-08-10T03:52:31.947127+00:00,business analyst,Bangalore,https://www.adzuna.in/details/5823363273?utm_medium=api&utm_source=f15ef5ad,
5823363283,Data Analyst,Cognizant,"Bangalore, Karnataka",,,INR,IT Jobs,,2026-08-01T10:50:20Z,2026-08-10T03:52:31.947127+00:00,data analyst,Bangalore,https://www.adzuna.in/details/5823363283?utm_medium=api&utm_source=f15ef5ad,Excel|Power BI|Python|Tableau|VBA
5823363308,Cognizant DA Payments,Cognizant,"Hyderabad, Telangana",,,INR,IT Jobs,,2026-08-01T10:50:20Z,2026-08-10T03:52:31.947127+00:00,data analyst,Hyderabad,https://www.adzuna.in/details/5823363308?utm_medium=api&utm_source=f15ef5ad,SQL
5823363672,Business Systems Analyst,Cornerstone onDemand,"Pune, Maharashtra",,,INR,IT Jobs,,2026-08-01T10:50:24Z,2026-08-10T03:52:31.947127+00:00,business analyst,Pune,https://www.adzuna.in/details/5823363672?utm_medium=api&utm_source=f15ef5ad,
5825361161,"Business Analyst, OHL",Amazon,"Bangalore, Karnataka",,,INR,IT Jobs,,2026-08-02T10:54:25Z,2026-08-10T03:52:31.947127+00:00,business analyst,Bangalore,https://www.adzuna.in/details/5825361161?utm_medium=api&utm_source=f15ef5ad,
5826343981,Specialist IT - Service Cloud Business Analyst,Eaton Corporation,"Pune, Maharashtra",,,INR,IT Jobs,,2026-08-03T11:02:41Z,2026-08-10T03:52:31.947127+00:00,business analyst,Pune,https://www.adzuna.in/details/5826343981?utm_medium=api&utm_source=f15ef5ad,
5826508020,Data Analyst,AVI-SPL India,"Mumbai, Maharashtra",,,INR,IT Jobs,,2026-08-03T15:57:53Z,2026-08-10T03:52:31.947127+00:00,data analyst,Mumbai,https://www.adzuna.in/details/5826508020?utm_medium=api&utm_source=f15ef5ad,
5826508038,Lead Business Analyst,BNP Paribas,"Mumbai, Maharashtra",,,INR,IT Jobs,,2026-08-03T15:57:53Z,2026-08-10T03:52:31.947127+00:00,business analyst,Mumbai,https://www.adzuna.in/details/5826508038?utm_medium=api&utm_source=f15ef5ad,
5826508221,D&T Analyst II - Data Stewardship,General Mills India,"Mumbai, Maharashtra",,,INR,IT Jobs,,2026-08-03T15:57:55Z,2026-08-10T03:52:31.947127+00:00,data analyst,Mumbai,https://www.adzuna.in/details/5826508221?utm_medium=api&utm_source=f15ef5ad,
5826672355,Business Analyst/Support- Liquidity Reporting,ADTM Adenza Technology de Mexico S de RL de CV,"Mumbai, Maharashtra",,,INR,IT Jobs,permanent,2026-08-03T20:48:36Z,2026-08-10T03:52:31.947127+00:00,business analyst,Mumbai,https://www.adzuna.in/details/5826672355?utm_medium=api&utm_source=f15ef5ad,
5826772660,Business Analyst,Innefu Labs Limited,"Maurya Enclave, North West Delhi",1200000.0,1400000.0,INR,IT Jobs,permanent,2026-08-03T22:53:40Z,2026-08-10T03:52:31.947127+00:00,data analyst,Delhi,https://www.adzuna.in/details/5826772660?utm_medium=api&utm_source=f15ef5ad,
5826795606,Data Analyst,VDart Software Services Pvt. Ltd.,"Richmond Town, Bangalore",,,INR,IT Jobs,,2026-08-03T23:31:28Z,2026-08-10T03:52:31.947127+00:00,data analyst,Bangalore,https://www.adzuna.in/details/5826795606?utm_medium=api&utm_source=f15ef5ad,SQL
5826814633,Game Data Analyst (Gaming Product Management KPIs),Ubisoft,"Pune, Maharashtra",,,INR,Accounting & Finance Jobs,,2026-08-04T01:19:02Z,2026-08-10T03:52:31.947127+00:00,data analyst,Pune,https://www.adzuna.in/details/5826814633?utm_medium=api&utm_source=f15ef5ad,
5827451714,Energy Market Consultant - Power,ICF,"New Delhi, Delhi",,,INR,"Energy, Oil & Gas Jobs",,2026-08-04T11:04:32Z,2026-08-10T03:52:31.947127+00:00,business analyst,Delhi,https://www.adzuna.in/details/5827451714?utm_medium=api&utm_source=f15ef5ad,
5827735994,Presales Team Lead,LearningMate,"Mumbai, Maharashtra",,,INR,Sales Jobs,,2026-08-04T17:45:38Z,2026-08-10T03:52:31.947127+00:00,business analyst,Mumbai,https://www.adzuna.in/land/ad/5827735994?se=hGL-8W6U8RGWPoJqQXFPnw&utm_medium=api&utm_source=f15ef5ad&v=F2E3DF86D925875828852F2AAEA734EB7D67668F,
5827791910,C4C Business Analyst,GeekSoft Consulting,"Richmond Town, Bangalore",2000000.0,2000000.0,INR,IT Jobs,permanent,2026-08-04T18:58:22Z,2026-08-10T03:52:31.947127+00:00,business analyst,Bangalore,https://www.adzuna.in/details/5827791910?utm_medium=api&utm_source=f15ef5ad,SAP
5828152184,Technical Business Analyst - Digital Banking (IN),Avaloq,"Pune, Maharashtra",,,INR,IT Jobs,,2026-08-05T01:18:58Z,2026-08-10T03:52:31.947127+00:00,business analyst,Pune,https://www.adzuna.in/details/5828152184?utm_medium=api&utm_source=f15ef5ad,
5828152242,Associate Master Data Analyst,IntegriChain,"Pune, Maharashtra",,,INR,IT Jobs,,2026-08-05T01:18:59Z,2026-08-10T03:52:31.947127+00:00,data analyst,Pune,https://www.adzuna.in/details/5828152242?utm_medium=api&utm_source=f15ef5ad,
5828376099,Require a Data Analyst Intern in Mumbai,TestHiring,"Charni Road, Mumbai",360000.0,420000.0,INR,IT Jobs,permanent,2026-08-05T04:54:07Z,2026-08-10T03:52:31.947127+00:00,data analyst,Mumbai,https://www.adzuna.in/details/5828376099?utm_medium=api&utm_source=f15ef5ad,Power BI|Statistics|Tableau
5828607873,Senior Data Analyst,Zynga,"Bangalore, Karnataka",,,INR,IT Jobs,,2026-08-05T07:29:17Z,2026-08-10T03:52:31.947127+00:00,data analyst,Bangalore,https://www.adzuna.in/details/5828607873?utm_medium=api&utm_source=f15ef5ad,
5828761379,Business Analyst,Amazon,"Bangalore, Karnataka",,,INR,IT Jobs,,2026-08-05T10:53:57Z,2026-08-10T03:52:31.947127+00:00,business analyst,Bangalore,https://www.adzuna.in/details/5828761379?utm_medium=api&utm_source=f15ef5ad,
5828879913,Technical Business Analyst (BA),Happiest Resume,"Mumbai, Maharashtra",1300000.0,1500000.0,INR,IT Jobs,,2026-08-05T14:47:38Z,2026-08-10T03:52:31.947127+00:00,business analyst,Mumbai,https://www.adzuna.in/details/5828879913?utm_medium=api&utm_source=f15ef5ad,
5828879931,Business Analyst,Happiest Resume,"Mumbai, Maharashtra",600000.0,700000.0,INR,IT Jobs,,2026-08-05T14:47:38Z,2026-08-10T03:52:31.947127+00:00,business analyst,Mumbai,https://www.adzuna.in/details/5828879931?utm_medium=api&utm_source=f15ef5ad,
5828880506,Business Analyst,Happiest Resume,"Delhi, India",400000.0,900000.0,INR,Accounting & Finance Jobs,,2026-08-05T14:47:55Z,2026-08-10T03:52:31.947127+00:00,business analyst,Delhi,https://www.adzuna.in/details/5828880506?utm_medium=api&utm_source=f15ef5ad,
5828880751,Business Analyst — Software,Happiest Resume,"Hyderabad, Telangana",900000.0,1200000.0,INR,IT Jobs,,2026-08-05T14:48:03Z,2026-08-10T03:52:31.947127+00:00,business analyst,Hyderabad,https://www.adzuna.in/details/5828880751?utm_medium=api&utm_source=f15ef5ad,
5828882971,Data Analyst / Data Operator / MIS Executive,Happiest Resume,"Delhi, India",400000.0,700000.0,INR,IT Jobs,,2026-08-05T14:48:45Z,2026-08-10T03:52:31.947127+00:00,data analyst,Delhi,https://www.adzuna.in/details/5828882971?utm_medium=api&utm_source=f15ef5ad,
5828883550,Data Analyst / Data Operator / MIS Executive,Happiest Resume,"New Delhi, Delhi",300000.0,600000.0,INR,IT Jobs,,2026-08-05T14:49:00Z,2026-08-10T03:52:31.947127+00:00,data analyst,Delhi,https://www.adzuna.in/details/5828883550?utm_medium=api&utm_source=f15ef5ad,
5828954610,Data Analyst,Indium,"Hyderabad, Telangana",,,INR,IT Jobs,,2026-08-05T15:58:38Z,2026-08-10T03:52:31.947127+00:00,data analyst,Hyderabad,https://www.adzuna.in/details/5828954610?utm_medium=api&utm_source=f15ef5ad,ETL|Looker|NumPy|Pandas|Power BI|Python|SQL|Tableau
5829060222,Senior Account Director,Adfactors PR,"Mumbai, Maharashtra",,,INR,Consultancy Jobs,,2026-08-05T17:44:34Z,2026-08-10T03:52:31.947127+00:00,business analyst,Mumbai,https://www.adzuna.in/land/ad/5829060222?se=9sN18m6U8RGlDuOngCclFw&utm_medium=api&utm_source=f15ef5ad&v=93058EC4E7180BE175F82875C7228C0305A5A7D8,
5829191783,Product Engineer II - Geospatial Data Science,Esri,"New Delhi, Delhi",,,INR,IT Jobs,,2026-08-05T20:51:10Z,2026-08-10T03:52:31.947127+00:00,data analyst,Delhi,https://www.adzuna.in/details/5829191783?utm_medium=api&utm_source=f15ef5ad,
5829198002,Senior Security Analyst,TriNet,"Hyderabad, Telangana",,,INR,IT Jobs,,2026-08-05T20:55:30Z,2026-08-10T03:52:31.947127+00:00,data analyst,Hyderabad,https://www.adzuna.in/details/5829198002?utm_medium=api&utm_source=f15ef5ad,
5829317419,Business Analyst - Fresher,Toolyt,"Bangalore, Karnataka",,,INR,IT Jobs,permanent,2026-08-05T21:36:08Z,2026-08-10T03:52:31.947127+00:00,business analyst,Bangalore,https://www.adzuna.in/details/5829317419?utm_medium=api&utm_source=f15ef5ad,
5829370909,Data Analytics - Associate Director,Acme Services Private Limited,"Bazargate, Mumbai",1900000.0,2000000.0,INR,IT Jobs,,2026-08-05T23:32:08Z,2026-08-10T03:52:31.947127+00:00,data analyst,Mumbai,https://www.adzuna.in/details/5829370909?utm_medium=api&utm_source=f15ef5ad,
5829370980,Data Analyst - Deloitte,Trigent Software Private Limited,"Richmond Town, Bangalore",1000000.0,1500000.0,INR,IT Jobs,,2026-08-05T23:32:14Z,2026-08-10T03:52:31.947127+00:00,data analyst,Bangalore,https://www.adzuna.in/details/5829370980?utm_medium=api&utm_source=f15ef5ad,SQL
5829382824,Big Data Analyst,DATAECONOMY,"Kyasaram, Hyderabad",,,INR,IT Jobs,permanent,2026-08-06T00:50:32Z,2026-08-10T03:52:31.947127+00:00,data analyst,Hyderabad,https://www.adzuna.in/details/5829382824?utm_medium=api&utm_source=f15ef5ad,
5829382867,Business Analyst – Procurement Transformation,Vrinda International,"Pune, Maharashtra",0.0,700000.0,INR,IT Jobs,permanent,2026-08-06T00:50:33Z,2026-08-10T03:52:31.947127+00:00,business analyst,Pune,https://www.adzuna.in/details/5829382867?utm_medium=api&utm_source=f15ef5ad,SAP
5829382875,Require a Business Analyst in Mumbai,TestHiring,"M A Marg, Mumbai",15000.0,20000.0,INR,IT Jobs,permanent,2026-08-06T00:50:33Z,2026-08-10T03:52:31.947127+00:00,business analyst,Mumbai,https://www.adzuna.in/details/5829382875?utm_medium=api&utm_source=f15ef5ad,
5829390924,Senior Data Analyst I - Survey Programming,The Nielsen Company,"Mumbai, Maharashtra",,,INR,Scientific & QA Jobs,,2026-08-06T01:18:51Z,2026-08-10T03:52:31.947127+00:00,data analyst,Mumbai,https://www.adzuna.in/details/5829390924?utm_medium=api&utm_source=f15ef5ad,
5829390935,Data Analyst II - Survey Programming,The Nielsen Company,"Mumbai, Maharashtra",,,INR,Scientific & QA Jobs,,2026-08-06T01:18:51Z,2026-08-10T03:52:31.947127+00:00,data analyst,Mumbai,https://www.adzuna.in/details/5829390935?utm_medium=api&utm_source=f15ef5ad,
5829763411,Data Analyst,HP,"Bangalore, Karnataka",,,INR,IT Jobs,permanent,2026-08-06T05:36:43Z,2026-08-10T03:52:31.947127+00:00,data analyst,Bangalore,https://www.adzuna.in/details/5829763411?utm_medium=api&utm_source=f15ef5ad,
5829800306,Business Analyst,Refining Skills Academy,"Bangalore, Karnataka",,,INR,Accounting & Finance Jobs,,2026-08-06T06:40:29Z,2026-08-10T03:52:31.947127+00:00,business analyst,Bangalore,https://www.adzuna.in/details/5829800306?utm_medium=api&utm_source=f15ef5ad,
5829885758,Mis Data Analyst,Universal Education,"Mumbai, Maharashtra",,,INR,IT Jobs,,2026-08-06T07:30:51Z,2026-08-10T03:52:31.947127+00:00,data analyst,Mumbai,https://www.adzuna.in/details/5829885758?utm_medium=api&utm_source=f15ef5ad,
5829886510,AI/ ML engineer,Tecqubes Technologies,"Pune, Maharashtra",,,INR,IT Jobs,,2026-08-06T07:31:22Z,2026-08-10T03:52:31.947127+00:00,data analyst,Pune,https://www.adzuna.in/details/5829886510?utm_medium=api&utm_source=f15ef5ad,ETL|Machine Learning
5829887321,Business Analyst,ONIT,"Pune, Maharashtra",,,INR,IT Jobs,,2026-08-06T07:31:54Z,2026-08-10T03:52:31.947127+00:00,business analyst,Pune,https://www.adzuna.in/details/5829887321?utm_medium=api&utm_source=f15ef5ad,
5830087568,Senior Technical Writer,aqary investement and development,"Sansad Marg, New Delhi",,,INR,IT Jobs,contract,2026-08-06T10:54:41Z,2026-08-10T03:52:31.947127+00:00,business analyst,Delhi,https://www.adzuna.in/details/5830087568?utm_medium=api&utm_source=f15ef5ad,
5830301684,Data Strategy Innovation Analyst,MSD,"Hyderabad, Telangana",,,INR,IT Jobs,,2026-08-06T16:01:53Z,2026-08-10T03:52:31.947127+00:00,data analyst,Hyderabad,https://www.adzuna.in/land/ad/5830301684?se=NhrH7G6U8RGxrOrbpSH9Jg&utm_medium=api&utm_source=f15ef5ad&v=AD56990E865B510D2B115237E0928C25ED069F54,
5830301732,CFIN Business Analyst,ABB,"Bangalore, Karnataka",,,INR,IT Jobs,,2026-08-06T16:02:00Z,2026-08-10T03:52:31.947127+00:00,business analyst,Bangalore,https://www.adzuna.in/land/ad/5830301732?se=8AX68G6U8RGWPoJqQXFPnw&utm_medium=api&utm_source=f15ef5ad&v=AA0E18E60AE6F3A844DDAE31FA46313BFA53CA33,
5830598446,Data Management Analyst,JPMorganChase,"Mumbai, Maharashtra",,,INR,Accounting & Finance Jobs,,2026-08-06T20:39:41Z,2026-08-10T03:52:31.947127+00:00,data analyst,Mumbai,https://www.adzuna.in/details/5830598446?utm_medium=api&utm_source=f15ef5ad,
5830602220,Business Analyst,Verisk Analytics,"Hyderabad, Telangana",,,INR,IT Jobs,,2026-08-06T20:41:00Z,2026-08-10T03:52:31.947127+00:00,business analyst,Hyderabad,https://www.adzuna.in/details/5830602220?utm_medium=api&utm_source=f15ef5ad,
5830626380,Data Analyst - 3,ACKO,"Bangalore, Karnataka",,,INR,IT Jobs,,2026-08-06T20:51:02Z,2026-08-10T03:52:31.947127+00:00,data analyst,Bangalore,https://www.adzuna.in/details/5830626380?utm_medium=api&utm_source=f15ef5ad,
5830630745,Associate Data Research Analyst,Berkadia,"Hyderabad, Telangana",,,INR,Accounting & Finance Jobs,,2026-08-06T20:52:55Z,2026-08-10T03:52:31.947127+00:00,data analyst,Hyderabad,https://www.adzuna.in/details/5830630745?utm_medium=api&utm_source=f15ef5ad,
5830638881,Senior Data Analyst,Apex Group,"Baner, Pune",,,INR,IT Jobs,,2026-08-06T20:56:09Z,2026-08-10T03:52:31.947127+00:00,data analyst,Pune,https://www.adzuna.in/details/5830638881?utm_medium=api&utm_source=f15ef5ad,
5830770318,Business Analyst Manager,Wipro,"Hyderabad, Telangana",,,INR,IT Jobs,permanent,2026-08-06T21:38:15Z,2026-08-10T03:52:31.947127+00:00,business analyst,Hyderabad,https://www.adzuna.in/details/5830770318?utm_medium=api&utm_source=f15ef5ad,
5830840539,Associate Business Analyst,Acme Services Private Limited,"Bazargate, Mumbai",800000.0,900000.0,INR,IT Jobs,,2026-08-06T23:32:11Z,2026-08-10T03:52:31.947127+00:00,business analyst,Mumbai,https://www.adzuna.in/details/5830840539?utm_medium=api&utm_source=f15ef5ad,Excel
5831371384,Sr. Business Analyst,Fulcrum Digital,"Warje, Pune",,,INR,Accounting & Finance Jobs,permanent,2026-08-07T06:52:58Z,2026-08-10T03:52:31.947127+00:00,business analyst,Pune,https://www.adzuna.in/details/5831371384?utm_medium=api&utm_source=f15ef5ad,
5831395731,Data Analyst,Whisk Software Private Limited,"Pune, Maharashtra",,,INR,IT Jobs,,2026-08-07T07:26:13Z,2026-08-10T03:52:31.947127+00:00,data analyst,Pune,https://www.adzuna.in/details/5831395731?utm_medium=api&utm_source=f15ef5ad,SQL|Tableau
5831397285,Data Analyst,ICE,"Hyderabad, Telangana",,,INR,IT Jobs,,2026-08-07T07:27:22Z,2026-08-10T03:52:31.947127+00:00,data analyst,Hyderabad,https://www.adzuna.in/details/5831397285?utm_medium=api&utm_source=f15ef5ad,
5831397290,Business Analyst,ICE,"Pune, Maharashtra",,,INR,IT Jobs,,2026-08-07T07:27:22Z,2026-08-10T03:52:31.947127+00:00,data analyst,Pune,https://www.adzuna.in/details/5831397290?utm_medium=api&utm_source=f15ef5ad,
5831397292,Associate Business Analyst,ICE,"Pune, Maharashtra",,,INR,IT Jobs,,2026-08-07T07:27:22Z,2026-08-10T03:52:31.947127+00:00,business analyst,Pune,https://www.adzuna.in/details/5831397292?utm_medium=api&utm_source=f15ef5ad,
5831397318,Senior Business Analyst,ICE,"Hyderabad, Telangana",,,INR,IT Jobs,,2026-08-07T07:27:23Z,2026-08-10T03:52:31.947127+00:00,business analyst,Hyderabad,https://www.adzuna.in/details/5831397318?utm_medium=api&utm_source=f15ef5ad,
5831397344,Market Data Operations Analyst,ICE,"Hyderabad, Telangana",,,INR,IT Jobs,,2026-08-07T07:27:24Z,2026-08-10T03:52:31.947127+00:00,data analyst,Hyderabad,https://www.adzuna.in/details/5831397344?utm_medium=api&utm_source=f15ef5ad,
5831397505,"Senior Data Analyst, Market Data",ICE,"Hyderabad, Telangana",,,INR,IT Jobs,,2026-08-07T07:27:33Z,2026-08-10T03:52:31.947127+00:00,data analyst,Hyderabad,https://www.adzuna.in/details/5831397505?utm_medium=api&utm_source=f15ef5ad,
5831401088,Tech Lead,Sterlite Technologies,"Pune, Maharashtra",,,INR,IT Jobs,,2026-08-07T07:30:53Z,2026-08-10T03:52:31.947127+00:00,data analyst,Pune,https://www.adzuna.in/details/5831401088?utm_medium=api&utm_source=f15ef5ad,
5831401223,SQL Database Developer,Vois,"Pune, Maharashtra",,,INR,IT Jobs,,2026-08-07T07:31:02Z,2026-08-10T03:52:31.947127+00:00,data analyst,Pune,https://www.adzuna.in/details/5831401223?utm_medium=api&utm_source=f15ef5ad,AWS|ETL|Python|SQL
5831401587,Senior Data Analyst,Flipkart,"Bangalore, Karnataka",,,INR,IT Jobs,,2026-08-07T07:31:54Z,2026-08-10T03:52:31.947127+00:00,data analyst,Bangalore,https://www.adzuna.in/details/5831401587?utm_medium=api&utm_source=f15ef5ad,SQL
5831601203,BI Analytics Engineer,Citigroup,"Pune, Maharashtra",,,INR,IT Jobs,,2026-08-07T10:54:19Z,2026-08-10T03:52:31.947127+00:00,data analyst,Pune,https://www.adzuna.in/details/5831601203?utm_medium=api&utm_source=f15ef5ad,
5831601237,Data Integration Engineer,Citigroup,"Pune, Maharashtra",,,INR,IT Jobs,,2026-08-07T10:54:20Z,2026-08-10T03:52:31.947127+00:00,data analyst,Pune,https://www.adzuna.in/details/5831601237?utm_medium=api&utm_source=f15ef5ad,
5831602370,Associate Data Analyst,The Goodyear Tire & Rubber Company,"Hyderabad, Telangana",,,INR,IT Jobs,,2026-08-07T10:54:49Z,2026-08-10T03:52:31.947127+00:00,data analyst,Hyderabad,https://www.adzuna.in/details/5831602370?utm_medium=api&utm_source=f15ef5ad,
5832082129,Lead Data Analyst,Target,"Bangalore, Karnataka",,,INR,IT Jobs,,2026-08-07T20:45:28Z,2026-08-10T03:52:31.947127+00:00,data analyst,Bangalore,https://www.adzuna.in/details/5832082129?utm_medium=api&utm_source=f15ef5ad,
5832084398,"Data and Analytics Engineer , Enablement",Zensar Technologies,"Mumbai, Maharashtra",,,INR,IT Jobs,,2026-08-07T20:48:30Z,2026-08-10T03:52:31.947127+00:00,data analyst,Mumbai,https://www.adzuna.in/details/5832084398?utm_medium=api&utm_source=f15ef5ad,
5832085034,Azure Data Engineer,EXL,"Pune, Maharashtra",,,INR,IT Jobs,,2026-08-07T20:49:16Z,2026-08-10T03:52:31.947127+00:00,data analyst,Pune,https://www.adzuna.in/details/5832085034?utm_medium=api&utm_source=f15ef5ad,Azure|ETL|SQL|Snowflake|dbt
5832089979,Senior Regional Head - Wealth - Delhi - Videocon Towers - SM,Tata Capital,"Delhi, India",,,INR,Accounting & Finance Jobs,,2026-08-07T20:54:31Z,2026-08-10T03:52:31.947127+00:00,business analyst,Delhi,https://www.adzuna.in/details/5832089979?utm_medium=api&utm_source=f15ef5ad,
5832339105,Technical Business Analyst,VE3,"Yerwada, Pune",,,INR,IT Jobs,,2026-08-08T02:57:11Z,2026-08-10T03:52:31.947127+00:00,business analyst,Pune,https://www.adzuna.in/details/5832339105?utm_medium=api&utm_source=f15ef5ad,
5832339120,Business Analyst – Procurement Transformation,Vrinda International,"Pune, Maharashtra",1200000.0,1200000.0,INR,IT Jobs,permanent,2026-08-08T02:57:11Z,2026-08-10T03:52:31.947127+00:00,business analyst,Pune,https://www.adzuna.in/details/5832339120?utm_medium=api&utm_source=f15ef5ad,SAP
5832795445,Digital-Senior Analyst- DATA Scientist SA,Personiv,"Mumbai, Maharashtra",,,INR,IT Jobs,,2026-08-08T07:27:40Z,2026-08-10T03:52:31.947127+00:00,data analyst,Mumbai,https://www.adzuna.in/details/5832795445?utm_medium=api&utm_source=f15ef5ad,
5832795991,Technical Business Analyst II,SWISS RE,"Hyderabad, Telangana",,,INR,IT Jobs,,2026-08-08T07:28:15Z,2026-08-10T03:52:31.947127+00:00,business analyst,Hyderabad,https://www.adzuna.in/details/5832795991?utm_medium=api&utm_source=f15ef5ad,SAP
5832796088,Expert Business Analyst,SWISS RE,"Hyderabad, Telangana",,,INR,IT Jobs,,2026-08-08T07:28:18Z,2026-08-10T03:52:31.947127+00:00,business analyst,Hyderabad,https://www.adzuna.in/details/5832796088?utm_medium=api&utm_source=f15ef5ad,
5832798136,Operational Data Analyst,Milestone Online Technology,"Pune, Maharashtra",,,INR,IT Jobs,,2026-08-08T07:31:04Z,2026-08-10T03:52:31.947127+00:00,data analyst,Pune,https://www.adzuna.in/details/5832798136?utm_medium=api&utm_source=f15ef5ad,Excel|Python|R|SQL|Statistics|Tableau
5832798138,Operational Data Analyst,Milestone Online Technology,"Bangalore, Karnataka",,,INR,IT Jobs,,2026-08-08T07:31:04Z,2026-08-10T03:52:31.947127+00:00,data analyst,Bangalore,https://www.adzuna.in/details/5832798138?utm_medium=api&utm_source=f15ef5ad,Excel|Python|R|SQL|Statistics|Tableau
5832798139,Data Analyst/BI Developer,Milestone Online Technology,"Hyderabad, Telangana",,,INR,IT Jobs,,2026-08-08T07:31:04Z,2026-08-10T03:52:31.947127+00:00,data analyst,Hyderabad,https://www.adzuna.in/details/5832798139?utm_medium=api&utm_source=f15ef5ad,ETL|SQL|Tableau
5832798146,Business Analyst,Milestone Online Technology,"Pune, Maharashtra",,,INR,IT Jobs,,2026-08-08T07:31:04Z,2026-08-10T03:52:31.947127+00:00,business analyst,Pune,https://www.adzuna.in/details/5832798146?utm_medium=api&utm_source=f15ef5ad,
5832798159,Data Analyst,Milestone Online Technology,"Bangalore, Karnataka",,,INR,IT Jobs,,2026-08-08T07:31:05Z,2026-08-10T03:52:31.947127+00:00,data analyst,Bangalore,https://www.adzuna.in/details/5832798159?utm_medium=api&utm_source=f15ef5ad,Excel|Pandas|Power BI|Python|SQL|Tableau
5832798168,Business Analyst,Milestone Online Technology,"Bangalore, Karnataka",,,INR,IT Jobs,,2026-08-08T07:31:06Z,2026-08-10T03:52:31.947127+00:00,business analyst,Bangalore,https://www.adzuna.in/details/5832798168?utm_medium=api&utm_source=f15ef5ad,
5832798246,Business Analyst,Coditas Technologies,"Pune, Maharashtra",,,INR,IT Jobs,,2026-08-08T07:31:11Z,2026-08-10T03:52:31.947127+00:00,business analyst,Pune,https://www.adzuna.in/details/5832798246?utm_medium=api&utm_source=f15ef5ad,
5832800279,Salesforce Business Analyst,DealerSocket,"Hyderabad, Telangana",,,INR,IT Jobs,,2026-08-08T07:33:40Z,2026-08-10T03:52:31.947127+00:00,business analyst,Hyderabad,https://www.adzuna.in/details/5832800279?utm_medium=api&utm_source=f15ef5ad,
5832800687,Manager - Business Analyst,Airpay Services,"Mumbai, Maharashtra",,,INR,Accounting & Finance Jobs,,2026-08-08T07:34:07Z,2026-08-10T03:52:31.947127+00:00,business analyst,Mumbai,https://www.adzuna.in/details/5832800687?utm_medium=api&utm_source=f15ef5ad,
5832800887,Senior Java Developer,Techblocks,"Delhi, India",,,INR,IT Jobs,,2026-08-08T07:34:27Z,2026-08-10T03:52:31.947127+00:00,business analyst,Delhi,https://www.adzuna.in/details/5832800887?utm_medium=api&utm_source=f15ef5ad,GitHub|SQL
5833019750,Banking - Business Analyst - Officer,Citigroup,"Mumbai, Maharashtra",,,INR,Accounting & Finance Jobs,,2026-08-08T10:54:55Z,2026-08-10T03:52:31.947127+00:00,business analyst,Mumbai,https://www.adzuna.in/details/5833019750?utm_medium=api&utm_source=f15ef5ad,
5833030004,Data Analyst,"NTT America, Inc.","Pune, Maharashtra",,,INR,IT Jobs,,2026-08-08T10:56:18Z,2026-08-10T03:52:31.947127+00:00,data analyst,Pune,https://www.adzuna.in/details/5833030004?utm_medium=api&utm_source=f15ef5ad,
5833433947,"Senior Specialist, ESE ML Engineer",MSD,"Hyderabad, Telangana",,,INR,Scientific & QA Jobs,,2026-08-08T17:56:27Z,2026-08-10T03:52:31.947127+00:00,data analyst,Hyderabad,https://www.adzuna.in/land/ad/5833433947?se=NhrH7G6U8RGxrOrbpSH9Jg&utm_medium=api&utm_source=f15ef5ad&v=9B0E4CC1D6E902714441C8F739851D6D39D01548,Machine Learning
5833433951,"Associate Director, Technical Consultant - Data Engineering - DRACOE",MSD,"Hyderabad, Telangana",,,INR,IT Jobs,,2026-08-08T17:56:27Z,2026-08-10T03:52:31.947127+00:00,data analyst,Hyderabad,https://www.adzuna.in/land/ad/5833433951?se=zo_b7W6U8RGxrOrbpSH9Jg&utm_medium=api&utm_source=f15ef5ad&v=2DC128B1C149CDD0A05DFE6ED87CE0CE7D7D20C5,
5833580576,Senior Data Product Analyst – Data Integrity Group,GCC India,"Hyderabad, Telangana",,,INR,IT Jobs,,2026-08-08T20:40:28Z,2026-08-10T03:52:31.947127+00:00,data analyst,Hyderabad,https://www.adzuna.in/details/5833580576?utm_medium=api&utm_source=f15ef5ad,
5833581533,Senior Professional - Data Product Analyst,GCC India,"Hyderabad, Telangana",,,INR,IT Jobs,,2026-08-08T20:41:42Z,2026-08-10T03:52:31.947127+00:00,data analyst,Hyderabad,https://www.adzuna.in/details/5833581533?utm_medium=api&utm_source=f15ef5ad,
5833581624,Senior Data Product Analyst – Data Distribution & Data Share Capabilities,GCC India,"Hyderabad, Telangana",,,INR,IT Jobs,,2026-08-08T20:41:46Z,2026-08-10T03:52:31.947127+00:00,data analyst,Hyderabad,https://www.adzuna.in/details/5833581624?utm_medium=api&utm_source=f15ef5ad,
5833582957,Data Analyst,Amex,"Bangalore, Karnataka",,,INR,IT Jobs,,2026-08-08T20:43:25Z,2026-08-10T03:52:31.947127+00:00,data analyst,Bangalore,https://www.adzuna.in/details/5833582957?utm_medium=api&utm_source=f15ef5ad,
5833583053,Finance Business Analyst,H.B. Fuller,"Pune, Maharashtra",,,INR,Accounting & Finance Jobs,,2026-08-08T20:43:30Z,2026-08-10T03:52:31.947127+00:00,business analyst,Pune,https://www.adzuna.in/details/5833583053?utm_medium=api&utm_source=f15ef5ad,
5833585588,Data Analyst - Operations,Kroll,"Bangalore, Karnataka",,,INR,IT Jobs,,2026-08-08T20:46:00Z,2026-08-10T03:52:31.947127+00:00,data analyst,Bangalore,https://www.adzuna.in/details/5833585588?utm_medium=api&utm_source=f15ef5ad,
5833591389,"Data Analyst - Power BI, SQL",Northern Trust,"Pune, Maharashtra",,,INR,IT Jobs,,2026-08-08T20:50:14Z,2026-08-10T03:52:31.947127+00:00,data analyst,Pune,https://www.adzuna.in/details/5833591389?utm_medium=api&utm_source=f15ef5ad,Power BI|SQL
5833592397,Data Analyst,Barracuda Networks,"Bangalore, Karnataka",,,INR,IT Jobs,,2026-08-08T20:50:54Z,2026-08-10T03:52:31.947127+00:00,data analyst,Bangalore,https://www.adzuna.in/details/5833592397?utm_medium=api&utm_source=f15ef5ad,
5833595725,Senior ServiceNow Business Analyst,Cubic,"Hyderabad, Telangana",,,INR,IT Jobs,,2026-08-08T20:53:54Z,2026-08-10T03:52:31.947127+00:00,business analyst,Hyderabad,https://www.adzuna.in/details/5833595725?utm_medium=api&utm_source=f15ef5ad,
5833596727,Business Analyst,Northern Trust,"Pune, Maharashtra",,,INR,IT Jobs,,2026-08-08T20:54:52Z,2026-08-10T03:52:31.947127+00:00,business analyst,Pune,https://www.adzuna.in/details/5833596727?utm_medium=api&utm_source=f15ef5ad,
5833598910,Data Analyst – Engineering Systems,Ayr Energy,"Hyderabad, Telangana",,,INR,Engineering Jobs,,2026-08-08T20:56:35Z,2026-08-10T03:52:31.947127+00:00,data analyst,Hyderabad,https://www.adzuna.in/details/5833598910?utm_medium=api&utm_source=f15ef5ad,
5833598916,Business Intelligence Analyst,Cummins,"Pune, Maharashtra",,,INR,IT Jobs,,2026-08-08T20:56:35Z,2026-08-10T03:52:31.947127+00:00,business analyst,Pune,https://www.adzuna.in/details/5833598916?utm_medium=api&utm_source=f15ef5ad,
5833600581,ServiceNow Business Analyst,Zensar Technologies,"Pune, Maharashtra",,,INR,IT Jobs,,2026-08-08T20:57:56Z,2026-08-10T03:52:31.947127+00:00,business analyst,Pune,https://www.adzuna.in/details/5833600581?utm_medium=api&utm_source=f15ef5ad,
5833600965,Client Data Analyst,JPMorganChase,"Hyderabad, Telangana",,,INR,IT Jobs,,2026-08-08T20:58:16Z,2026-08-10T03:52:31.947127+00:00,data analyst,Hyderabad,https://www.adzuna.in/details/5833600965?utm_medium=api&utm_source=f15ef5ad,
5833601338,"Analyst, Data Operations",Russell Investments,"Mumbai, Maharashtra",,,INR,IT Jobs,,2026-08-08T20:58:40Z,2026-08-10T03:52:31.947127+00:00,data analyst,Mumbai,https://www.adzuna.in/details/5833601338?utm_medium=api&utm_source=f15ef5ad,
5833604910,Embedded Business Analyst,Carrier Corporation,"Kyasaram, Hyderabad",,,INR,Engineering Jobs,,2026-08-08T21:00:55Z,2026-08-10T03:52:31.947127+00:00,business analyst,Hyderabad,https://www.adzuna.in/details/5833604910?utm_medium=api&utm_source=f15ef5ad,
5834201871,Senior Data Engineer,Mattel,"Hyderabad, Telangana",,,INR,IT Jobs,,2026-08-09T07:23:07Z,2026-08-10T03:52:31.947127+00:00,data analyst,Hyderabad,https://www.adzuna.in/details/5834201871?utm_medium=api&utm_source=f15ef5ad,ETL
5834375876,Banking - Business Analytics Analyst 1 - Officer,Citigroup,"Mumbai, Maharashtra",,,INR,Accounting & Finance Jobs,,2026-08-09T11:07:04Z,2026-08-10T03:52:31.947127+00:00,business analyst,Mumbai,https://www.adzuna.in/details/5834375876?utm_medium=api&utm_source=f15ef5ad,
5834375885,Banking IGS: Business Execution Team - Business Analyst - Officer,Citigroup,"Mumbai, Maharashtra",,,INR,Accounting & Finance Jobs,,2026-08-09T11:07:04Z,2026-08-10T03:52:31.947127+00:00,business analyst,Mumbai,https://www.adzuna.in/details/5834375885?utm_medium=api&utm_source=f15ef5ad,
5834376437,Business Analyst,Cognizant,"Bangalore, Karnataka",,,INR,IT Jobs,,2026-08-09T11:07:13Z,2026-08-10T03:52:31.947127+00:00,business analyst,Bangalore,https://www.adzuna.in/details/5834376437?utm_medium=api&utm_source=f15ef5ad,
5834377183,Business Intelligence Analyst,Cummins Inc.,"Pune, Maharashtra",,,INR,IT Jobs,,2026-08-09T11:07:24Z,2026-08-10T03:52:31.947127+00:00,business analyst,Pune,https://www.adzuna.in/details/5834377183?utm_medium=api&utm_source=f15ef5ad,
5834385949,Business Analyst,NetApp,"Bangalore, Karnataka",,,INR,IT Jobs,,2026-08-09T11:09:27Z,2026-08-10T03:52:31.947127+00:00,business analyst,Bangalore,https://www.adzuna.in/details/5834385949?utm_medium=api&utm_source=f15ef5ad,
5834741668,Associate Alts Data Operation Analyst - Early Career,Addepar,"Pune, Maharashtra",,,INR,Accounting & Finance Jobs,,2026-08-09T20:38:11Z,2026-08-10T03:52:31.947127+00:00,data analyst,Pune,https://www.adzuna.in/details/5834741668?utm_medium=api&utm_source=f15ef5ad,
5834749465,Specialist Business Analyst,Amgen,"Hyderabad, Telangana",,,INR,IT Jobs,,2026-08-09T20:46:30Z,2026-08-10T03:52:31.947127+00:00,business analyst,Hyderabad,https://www.adzuna.in/details/5834749465?utm_medium=api&utm_source=f15ef5ad,
5834752688,Senior Data Analyst,Priceline,"Mumbai, Maharashtra",,,INR,IT Jobs,,2026-08-09T20:48:22Z,2026-08-10T03:52:31.947127+00:00,data analyst,Mumbai,https://www.adzuna.in/details/5834752688?utm_medium=api&utm_source=f15ef5ad,
5834759682,Sr. Consultant - Data Engineering,Delphi Consulting,"Delhi, India",,,INR,IT Jobs,contract,2026-08-09T20:54:33Z,2026-08-10T03:52:31.947127+00:00,data analyst,Delhi,https://www.adzuna.in/details/5834759682?utm_medium=api&utm_source=f15ef5ad,
5834761415,Senior Business Analyst,Cushman & Wakefield,"Bangalore, Karnataka",,,INR,Sales Jobs,,2026-08-09T20:56:28Z,2026-08-10T03:52:31.947127+00:00,business analyst,Bangalore,https://www.adzuna.in/details/5834761415?utm_medium=api&utm_source=f15ef5ad,
5834774436,Business Analyst,Amgen,"Hyderabad, Telangana",,,INR,IT Jobs,,2026-08-09T21:01:43Z,2026-08-10T03:52:31.947127+00:00,business analyst,Hyderabad,https://www.adzuna.in/details/5834774436?utm_medium=api&utm_source=f15ef5ad,
5835203245,Business Analyst,ascendion,"Pune, Maharashtra",,,INR,IT Jobs,,2026-08-10T07:32:57Z,2026-08-10T03:52:31.947127+00:00,business analyst,Pune,https://www.adzuna.in/details/5835203245?utm_medium=api&utm_source=f15ef5ad,
5655894393,Senior Business Analyst - Clinical Data Foundation,Amgen,"Hyderabad, Telangana",,,INR,IT Jobs,,2026-03-06T08:09:57Z,2026-08-03T05:40:38.427108+00:00,data analyst,Hyderabad,https://www.adzuna.in/details/5655894393?utm_medium=api&utm_source=f15ef5ad,
5662846792,Manager,PricewaterhouseCoopers,"Goregaon East, Mumbai",,,INR,IT Jobs,,2026-03-13T01:55:07Z,2026-08-03T05:40:38.427108+00:00,data analyst,Mumbai,https://www.adzuna.in/details/5662846792?utm_medium=api&utm_source=f15ef5ad,
5720619485,Data Forensic Analyst,Cognyte,"Pune, Maharashtra",,,INR,IT Jobs,,2026-05-06T20:52:40Z,2026-08-03T05:40:38.427108+00:00,data analyst,Pune,https://www.adzuna.in/details/5720619485?utm_medium=api&utm_source=f15ef5ad,
5727133034,Business Analyst,MM Staffing & Career Consultants,"Bangalore, Karnataka",,,INR,IT Jobs,contract,2026-05-13T02:03:54Z,2026-08-03T05:40:38.427108+00:00,business analyst,Bangalore,https://www.adzuna.in/details/5727133034?utm_medium=api&utm_source=f15ef5ad,
5727240801,Power Bi Developer or Senior Data Analyst for Leading Pharma Company,Talisman HR Solutions,"Mumbai, Maharashtra",,,INR,IT Jobs,,2026-05-13T02:13:41Z,2026-08-03T05:40:38.427108+00:00,data analyst,Mumbai,https://www.adzuna.in/details/5727240801?utm_medium=api&utm_source=f15ef5ad,Power BI|Python
5727271267,IT Business Analyst,Acura Solution,"Secunderabad, Hyderabad",,,INR,IT Jobs,,2026-05-13T02:16:53Z,2026-08-03T05:40:38.427108+00:00,business analyst,Hyderabad,https://www.adzuna.in/details/5727271267?utm_medium=api&utm_source=f15ef5ad,
5728311477,Business Analyst - Payments,Brillminds Global,"Pune, Maharashtra",,,INR,IT Jobs,,2026-05-14T02:15:12Z,2026-08-03T05:40:38.427108+00:00,business analyst,Pune,https://www.adzuna.in/details/5728311477?utm_medium=api&utm_source=f15ef5ad,
5728430096,Forensic Auditor/Director,RECEX,"Delhi, India",,,INR,Accounting & Finance Jobs,,2026-05-14T02:26:35Z,2026-08-03T05:40:38.427108+00:00,data analyst,Delhi,https://www.adzuna.in/details/5728430096?utm_medium=api&utm_source=f15ef5ad,
5729546428,Assistant. Manager Strategy(Business Analyst)-Goregaon-E(Mumbai),DC Consultants,"Mumbai, Maharashtra",,,INR,IT Jobs,,2026-05-15T01:59:50Z,2026-08-03T05:40:38.427108+00:00,business analyst,Mumbai,https://www.adzuna.in/details/5729546428?utm_medium=api&utm_source=f15ef5ad,
5729563001,Business Analyst - Wholesale Banking Leading bank,Acura Solution,"Mumbai, Maharashtra",,,INR,IT Jobs,,2026-05-15T02:02:24Z,2026-08-03T05:40:38.427108+00:00,business analyst,Mumbai,https://www.adzuna.in/details/5729563001?utm_medium=api&utm_source=f15ef5ad,
5729677452,Hiring for Data Analyst,RECEX,"Pune, Maharashtra",,,INR,IT Jobs,,2026-05-15T02:13:52Z,2026-08-03T05:40:38.427108+00:00,data analyst,Pune,https://www.adzuna.in/details/5729677452?utm_medium=api&utm_source=f15ef5ad,
5735987845,"Workflow Analyst , Ring Data Engineering Services",Amazon,"Hyderabad, Telangana",,,INR,IT Jobs,,2026-05-21T10:10:45Z,2026-08-03T05:40:38.427108+00:00,data analyst,Hyderabad,https://www.adzuna.in/details/5735987845?utm_medium=api&utm_source=f15ef5ad,
5756755735,Content Researcher,Morningstar,"Mumbai, Maharashtra",,,INR,IT Jobs,,2026-06-09T06:51:52Z,2026-08-03T05:40:38.427108+00:00,data analyst,Mumbai,https://www.adzuna.in/details/5756755735?utm_medium=api&utm_source=f15ef5ad,
5768556295,Senior Software Engineer,Morningstar,"Mumbai, Maharashtra",,,INR,IT Jobs,,2026-06-19T02:33:17Z,2026-08-03T05:40:38.427108+00:00,data analyst,Mumbai,https://www.adzuna.in/details/5768556295?utm_medium=api&utm_source=f15ef5ad,
5770241516,Senior Analyst (Data Center Design Expert) Job Details | Black & Veatch Family of Companies,Black & Veatch,"Mumbai, Maharashtra",,,INR,"Energy, Oil & Gas Jobs",,2026-06-20T10:56:07Z,2026-08-03T05:40:38.427108+00:00,data analyst,Mumbai,https://www.adzuna.in/details/5770241516?utm_medium=api&utm_source=f15ef5ad,
5773087734,Senior Business Finance Analyst (Workday),Incontact,"Pune, Maharashtra",,,INR,Accounting & Finance Jobs,,2026-06-23T07:22:24Z,2026-08-03T05:40:38.427108+00:00,business analyst,Pune,https://www.adzuna.in/details/5773087734?utm_medium=api&utm_source=f15ef5ad,
5773946307,Business Development Analyst (Hospitality & Asset Management),Adani,"Mumbai, Maharashtra",,,INR,Property Jobs,,2026-06-24T02:22:45Z,2026-08-03T05:40:38.427108+00:00,business analyst,Mumbai,https://www.adzuna.in/details/5773946307?utm_medium=api&utm_source=f15ef5ad,
5775392049,"Business Systems Analyst, Order-To-Cash",Fastly,"Pune, Maharashtra",,,INR,IT Jobs,,2026-06-25T02:38:08Z,2026-08-03T05:40:38.427108+00:00,business analyst,Pune,https://www.adzuna.in/details/5775392049?utm_medium=api&utm_source=f15ef5ad,
5782685641,Staff Data Engineer,Tide,"Hyderabad, Telangana",,,INR,IT Jobs,,2026-07-01T07:14:38Z,2026-08-03T05:40:38.427108+00:00,data analyst,Hyderabad,https://www.adzuna.in/details/5782685641?utm_medium=api&utm_source=f15ef5ad,AWS|Airflow|BigQuery|ETL|GCP|Looker|Snowflake|Tableau|dbt
5782686416,"Senior Analyst, Business Analytics",Colgate-Palmolive ,"Mumbai, Maharashtra",,,INR,IT Jobs,,2026-07-01T07:15:13Z,2026-08-03T05:40:38.427108+00:00,business analyst,Mumbai,https://www.adzuna.in/details/5782686416?utm_medium=api&utm_source=f15ef5ad,Machine Learning
5782689162,Senior Business Analyst,SLK Software,"Bangalore, Karnataka",,,INR,IT Jobs,,2026-07-01T07:17:08Z,2026-08-03T05:40:38.427108+00:00,business analyst,Bangalore,https://www.adzuna.in/details/5782689162?utm_medium=api&utm_source=f15ef5ad,
5798419216,Senior Consultant - Package Implementation,LTM,"Hyderabad, Telangana",,,INR,Accounting & Finance Jobs,,2026-07-13T07:22:58Z,2026-08-03T05:40:38.427108+00:00,data analyst,Hyderabad,https://www.adzuna.in/details/5798419216?utm_medium=api&utm_source=f15ef5ad,
5798708355,Business Risk Analyst - Supply Chain Finance,IDFC FIRST Bank,"Mumbai, Maharashtra",,,INR,Accounting & Finance Jobs,,2026-07-13T15:10:21Z,2026-08-03T05:40:38.427108+00:00,business analyst,Mumbai,https://www.adzuna.in/details/5798708355?utm_medium=api&utm_source=f15ef5ad,
5799165274,IN_Sr Associate_ Business Analyst (BFSI domain) _ Technology_Advisory_ Mumbai (immediate joiners),PricewaterhouseCoopers,"Goregaon East, Mumbai",,,INR,IT Jobs,,2026-07-14T03:38:00Z,2026-08-03T05:40:38.427108+00:00,business analyst,Mumbai,https://www.adzuna.in/details/5799165274?utm_medium=api&utm_source=f15ef5ad,
5815241132,Business Analyst - India,Juniper Square,"Bangalore, Karnataka",,,INR,IT Jobs,,2026-07-25T15:56:47Z,2026-08-03T05:40:38.427108+00:00,business analyst,Bangalore,https://www.adzuna.in/details/5815241132?utm_medium=api&utm_source=f15ef5ad,
5819874235,Business Analyst - Officer,State Street,"Bangalore, Karnataka",,,INR,IT Jobs,,2026-07-29T20:48:22Z,2026-08-03T05:40:38.427108+00:00,business analyst,Bangalore,https://www.adzuna.in/details/5819874235?utm_medium=api&utm_source=f15ef5ad,
5820554684,EAI Software Engineer,Mattel,"Hyderabad, Telangana",,,INR,IT Jobs,,2026-07-30T07:11:28Z,2026-08-03T05:40:38.427108+00:00,data analyst,Hyderabad,https://www.adzuna.in/details/5820554684?utm_medium=api&utm_source=f15ef5ad,ETL
5820583515,Manager Business Strategy Analyst For MD Office,Mavenbmc Faridabad,"Mumbai, Maharashtra",,,INR,Other/General Jobs,,2026-07-30T07:30:19Z,2026-08-03T05:40:38.427108+00:00,business analyst,Mumbai,https://www.adzuna.in/details/5820583515?utm_medium=api&utm_source=f15ef5ad,
5825577864,Udaan Data Analyst,Myntra,"Bangalore, Karnataka",,,INR,IT Jobs,contract,2026-08-02T15:57:26Z,2026-08-03T05:40:38.427108+00:00,data analyst,Bangalore,https://www.adzuna.in/details/5825577864?utm_medium=api&utm_source=f15ef5ad,
5825766925,"Senior Data Analyst, Marketing Performance",Salesforce,"Hyderabad, Telangana",,,INR,"PR, Advertising & Marketing Jobs",,2026-08-02T20:51:43Z,2026-08-03T05:40:38.427108+00:00,data analyst,Hyderabad,https://www.adzuna.in/details/5825766925?utm_medium=api&utm_source=f15ef5ad,
5825768709,Legal Data and Automation Analyst,CrowdStrike,"Pune, Maharashtra",,,INR,IT Jobs,,2026-08-02T20:53:22Z,2026-08-03T05:40:38.427108+00:00,data analyst,Pune,https://www.adzuna.in/details/5825768709?utm_medium=api&utm_source=f15ef5ad,
5825769470,QA Business Analyst,Verisk Analytics,"Hyderabad, Telangana",,,INR,IT Jobs,,2026-08-02T20:54:07Z,2026-08-03T05:40:38.427108+00:00,business analyst,Hyderabad,https://www.adzuna.in/details/5825769470?utm_medium=api&utm_source=f15ef5ad,
5826343809,"Senior Data Governance Analyst - Data Lineage & Metadata, Assistant Vice President",Citigroup,"Mumbai, Maharashtra",,,INR,IT Jobs,,2026-08-03T11:02:29Z,2026-08-03T05:40:38.427108+00:00,data analyst,Mumbai,https://www.adzuna.in/details/5826343809?utm_medium=api&utm_source=f15ef5ad,
5823975891,Workforce and Compensation Data Analyst,Silvaco,"Bangalore, Karnataka",,,INR,HR & Recruitment Jobs,,2026-08-01T19:14:23Z,2026-08-02T08:03:15.088698+00:00,data analyst,Bangalore,https://www.adzuna.in/details/5823975891?utm_medium=api&utm_source=f15ef5ad,
1155089050,Associate Product Manager,Truebil.com,"Mumbai, Maharashtra",1200000.0,1800000.0,INR,IT Jobs,,2019-05-17T21:02:42Z,2026-08-02T07:29:53.930894+00:00,data analyst,Mumbai,https://www.adzuna.in/details/1155089050?utm_medium=api&utm_source=f15ef5ad,
1155089724,Java Developer,Optume IT Solutions,"Delhi, India",300000.0,500000.0,INR,IT Jobs,,2019-05-17T21:02:47Z,2026-08-02T07:29:53.930894+00:00,business analyst,Delhi,https://www.adzuna.in/details/1155089724?utm_medium=api&utm_source=f15ef5ad,AWS
1155089882,Data Analyst,TechNex Technologies Private Limited,"Pune, Maharashtra",,,INR,Admin Jobs,,2019-05-17T21:02:48Z,2026-08-02T07:29:53.930894+00:00,data analyst,Pune,https://www.adzuna.in/details/1155089882?utm_medium=api&utm_source=f15ef5ad,
1161627821,Machine learning,Sagacito,"Delhi, India",600000.0,1800000.0,INR,IT Jobs,,2019-05-24T21:25:56Z,2026-08-02T07:29:53.930894+00:00,business analyst,Delhi,https://www.adzuna.in/details/1161627821?utm_medium=api&utm_source=f15ef5ad,Machine Learning
1161744254,Business Analyst,ODeX India solutions private limited,"Mumbai, Maharashtra",500000.0,800000.0,INR,IT Jobs,,2019-05-24T22:10:56Z,2026-08-02T07:29:53.930894+00:00,business analyst,Mumbai,https://www.adzuna.in/details/1161744254?utm_medium=api&utm_source=f15ef5ad,
1171506557,Business Analyst,WyngCommerce,"Bangalore, Karnataka",600000.0,800000.0,INR,IT Jobs,,2019-06-05T21:11:59Z,2026-08-02T07:29:53.930894+00:00,business analyst,Bangalore,https://www.adzuna.in/details/1171506557?utm_medium=api&utm_source=f15ef5ad,
1171507526,Data Analyst,Ingrainhub,"Bangalore, Karnataka",300000.0,1200000.0,INR,IT Jobs,,2019-06-05T21:12:09Z,2026-08-02T07:29:53.930894+00:00,data analyst,Bangalore,https://www.adzuna.in/details/1171507526?utm_medium=api&utm_source=f15ef5ad,Excel|Python|R|SQL
1171507819,Sr. Data Analyst,Saama Technologies,"Pune, Maharashtra",100000.0,1200000.0,INR,IT Jobs,,2019-06-05T21:12:11Z,2026-08-02T07:29:53.930894+00:00,data analyst,Pune,https://www.adzuna.in/details/1171507819?utm_medium=api&utm_source=f15ef5ad,Python|SQL|Spark
1171507947,Data Entry internship,The Fashion Enterprise,"Mumbai, Maharashtra",2000.0,5000.0,INR,IT Jobs,contract,2019-06-05T21:12:13Z,2026-08-02T07:29:53.930894+00:00,data analyst,Mumbai,https://www.adzuna.in/details/1171507947?utm_medium=api&utm_source=f15ef5ad,
1171508709,Senior Business Analyst,ViralMint,"Pune, Maharashtra",600000.0,800000.0,INR,"PR, Advertising & Marketing Jobs",,2019-06-05T21:12:19Z,2026-08-02T07:29:53.930894+00:00,business analyst,Pune,https://www.adzuna.in/details/1171508709?utm_medium=api&utm_source=f15ef5ad,
1171508841,Business Analyst,MAW Media Pvt Ltd,"Delhi, India",100000.0,200000.0,INR,Consultancy Jobs,,2019-06-05T21:12:21Z,2026-08-02T07:29:53.930894+00:00,business analyst,Delhi,https://www.adzuna.in/details/1171508841?utm_medium=api&utm_source=f15ef5ad,
1171509072,Business Analyst - Female,Sagacious Programming & Development Pvt Ltd,"Pune, Maharashtra",200000.0,400000.0,INR,IT Jobs,,2019-06-05T21:12:23Z,2026-08-02T07:29:53.930894+00:00,business analyst,Pune,https://www.adzuna.in/details/1171509072?utm_medium=api&utm_source=f15ef5ad,
1171509599,Data Analyst,Rocket Kommerce,"Bangalore, Karnataka",500000.0,800000.0,INR,IT Jobs,,2019-06-05T21:12:28Z,2026-08-02T07:29:53.930894+00:00,data analyst,Bangalore,https://www.adzuna.in/details/1171509599?utm_medium=api&utm_source=f15ef5ad,
1186010488,Data Analyst,Dotball Interactive Private Limited,"Bangalore, Karnataka",300000.0,600000.0,INR,IT Jobs,,2019-06-20T21:36:33Z,2026-08-02T07:29:53.930894+00:00,data analyst,Bangalore,https://www.adzuna.in/details/1186010488?utm_medium=api&utm_source=f15ef5ad,Python|SQL
1240707911,Business Analyst,"Kiwi, Inc.","Bangalore, Karnataka",2000000.0,3000000.0,INR,IT Jobs,,2019-08-21T13:04:42Z,2026-08-02T07:29:53.930894+00:00,business analyst,Bangalore,https://www.adzuna.in/details/1240707911?utm_medium=api&utm_source=f15ef5ad,
1301202531,Business Analyst,Webonise Lab,"Pune, Maharashtra",500000.0,800000.0,INR,IT Jobs,,2019-10-17T06:33:32Z,2026-08-02T07:29:53.930894+00:00,business analyst,Pune,https://www.adzuna.in/details/1301202531?utm_medium=api&utm_source=f15ef5ad,
1318864572,Business Analyst- Mumbai (Andheri),FCI CCM,"Andheri, Mumbai",700000.0,900000.0,INR,IT Jobs,,2019-10-31T15:10:18Z,2026-08-02T07:29:53.930894+00:00,business analyst,Mumbai,https://www.adzuna.in/details/1318864572?utm_medium=api&utm_source=f15ef5ad,
1364038142,Business Analyst,Skyleaf Consultants,"Prabhadevi, Mumbai",400000.0,900000.0,INR,IT Jobs,,2019-12-06T11:23:45Z,2026-08-02T07:29:53.930894+00:00,business analyst,Mumbai,https://www.adzuna.in/details/1364038142?utm_medium=api&utm_source=f15ef5ad,SQL
1417374404,Business Analyst,Acess meditech pvt ltd,"Hyderabad, Telangana",100000.0,400000.0,INR,IT Jobs,,2020-01-21T16:19:55Z,2026-08-02T07:29:53.930894+00:00,business analyst,Hyderabad,https://www.adzuna.in/details/1417374404?utm_medium=api&utm_source=f15ef5ad,
1422966819,Data Analyst,Yulu Bikes,"Bangalore, Karnataka",700000.0,1200000.0,INR,IT Jobs,,2020-01-25T17:57:23Z,2026-08-02T07:29:53.930894+00:00,data analyst,Bangalore,https://www.adzuna.in/details/1422966819?utm_medium=api&utm_source=f15ef5ad,NumPy|Pandas|Python|SQL
1509166858,Business Analyst,Lincode Labs India Pvt Ltd,"Bangalore, Karnataka",400000.0,800000.0,INR,IT Jobs,,2020-03-31T19:47:07Z,2026-08-02T07:29:53.930894+00:00,business analyst,Bangalore,https://www.adzuna.in/details/1509166858?utm_medium=api&utm_source=f15ef5ad,
1510562896,Business Analyst,Dataweave Pvt Ltd,"Bangalore, Karnataka",,,INR,IT Jobs,,2020-04-01T19:50:19Z,2026-08-02T07:29:53.930894+00:00,business analyst,Bangalore,https://www.adzuna.in/details/1510562896?utm_medium=api&utm_source=f15ef5ad,
1712428599,Data Analyst,Namaste Credit,"Bangalore, Karnataka",500000.0,1000000.0,INR,IT Jobs,,2020-09-19T01:45:32Z,2026-08-02T07:29:53.930894+00:00,data analyst,Bangalore,https://www.adzuna.in/details/1712428599?utm_medium=api&utm_source=f15ef5ad,
1714383026,Data Analyst (Power BI),Carbynetech,"Hyderabad, Telangana",800000.0,1500000.0,INR,IT Jobs,,2020-09-20T02:07:56Z,2026-08-02T07:29:53.930894+00:00,data analyst,Hyderabad,https://www.adzuna.in/details/1714383026?utm_medium=api&utm_source=f15ef5ad,Power BI
1762829126,Data Analyst,Awign,"Bangalore, Karnataka",400000.0,700000.0,INR,IT Jobs,,2020-10-15T02:16:09Z,2026-08-02T07:29:53.930894+00:00,data analyst,Bangalore,https://www.adzuna.in/details/1762829126?utm_medium=api&utm_source=f15ef5ad,
1788701062,Business Analyst,Presidency University,"Bangalore, Karnataka",0.0,500000.0,INR,IT Jobs,,2020-10-29T02:45:11Z,2026-08-02T07:29:53.930894+00:00,business analyst,Bangalore,https://www.adzuna.in/details/1788701062?utm_medium=api&utm_source=f15ef5ad,
1871973303,Business Analyst,CRMnext,"Mumbai, Maharashtra",0.0,800000.0,INR,IT Jobs,,2020-12-10T03:38:36Z,2026-08-02T07:29:53.930894+00:00,business analyst,Mumbai,https://www.adzuna.in/details/1871973303?utm_medium=api&utm_source=f15ef5ad,
1993882092,Data Analyst,SveltetechTechnologies Pvt Ltd,"Delhi, India",0.0,300000.0,INR,IT Jobs,,2021-02-15T04:27:43Z,2026-08-02T07:29:53.930894+00:00,data analyst,Delhi,https://www.adzuna.in/details/1993882092?utm_medium=api&utm_source=f15ef5ad,
1993882129,Fullstack Developer,SveltetechTechnologies Pvt Ltd,"Delhi, India",0.0,600000.0,INR,IT Jobs,,2021-02-15T04:27:44Z,2026-08-02T07:29:53.930894+00:00,data analyst,Delhi,https://www.adzuna.in/details/1993882129?utm_medium=api&utm_source=f15ef5ad,
2042125192,PHP Developer,Unnati,"Delhi, India",0.0,850000.0,INR,IT Jobs,,2021-03-10T04:39:20Z,2026-08-02T07:29:53.930894+00:00,business analyst,Delhi,https://www.adzuna.in/details/2042125192?utm_medium=api&utm_source=f15ef5ad,
2042125364,AVP Digital Strategy,Unnati,"Delhi, India",1200000.0,1500000.0,INR,"PR, Advertising & Marketing Jobs",,2021-03-10T04:39:22Z,2026-08-02T07:29:53.930894+00:00,business analyst,Delhi,https://www.adzuna.in/details/2042125364?utm_medium=api&utm_source=f15ef5ad,
2048958856,Business Analyst.,Andesoft Consulting,"Mumbai, Maharashtra",0.0,1500000.0,INR,IT Jobs,,2021-03-13T04:37:03Z,2026-08-02T07:29:53.930894+00:00,business analyst,Mumbai,https://www.adzuna.in/details/2048958856?utm_medium=api&utm_source=f15ef5ad,
2050583377,Business Analyst,Ally Software LLP,"Bangalore, Karnataka",,,INR,IT Jobs,,2021-03-14T04:28:32Z,2026-08-02T07:29:53.930894+00:00,business analyst,Bangalore,https://www.adzuna.in/details/2050583377?utm_medium=api&utm_source=f15ef5ad,
2087142721,Programmer,Institute of Informatics & Communication,"Delhi, India",540000.0,800000.0,INR,IT Jobs,,2021-03-31T04:44:43Z,2026-08-02T07:29:53.930894+00:00,data analyst,Delhi,https://www.adzuna.in/details/2087142721?utm_medium=api&utm_source=f15ef5ad,
2092426583,Business Analyst,Hirextra,"Hyderabad, Telangana",1500000.0,3500000.0,INR,IT Jobs,,2021-04-02T04:48:03Z,2026-08-02T07:29:53.930894+00:00,business analyst,Hyderabad,https://www.adzuna.in/details/2092426583?utm_medium=api&utm_source=f15ef5ad,
2133622627,Fullstack Developer- Python,Bondburry Recruitmenrt Pvt Ltd,"Delhi, India",0.0,1400000.0,INR,IT Jobs,,2021-04-22T11:37:28Z,2026-08-02T07:29:53.930894+00:00,data analyst,Delhi,https://www.adzuna.in/details/2133622627?utm_medium=api&utm_source=f15ef5ad,Python
2138169898,Business Analyst,Acadecraft,"Pune, Maharashtra",0.0,600000.0,INR,IT Jobs,,2021-04-24T11:42:43Z,2026-08-02T07:29:53.930894+00:00,business analyst,Pune,https://www.adzuna.in/details/2138169898?utm_medium=api&utm_source=f15ef5ad,
2177266370,Data Analyst,Marktine,"Bangalore, Karnataka",0.0,1500000.0,INR,IT Jobs,,2021-05-11T13:01:41Z,2026-08-02T07:29:53.930894+00:00,data analyst,Bangalore,https://www.adzuna.in/details/2177266370?utm_medium=api&utm_source=f15ef5ad,Excel|Power BI|Tableau
2206431703,Senior Front End Developer,WWWNEXTLEAPADVISORYCOM,"Delhi, India",500000.0,1700000.0,INR,IT Jobs,,2021-05-24T12:37:04Z,2026-08-02T07:29:53.930894+00:00,business analyst,Delhi,https://www.adzuna.in/details/2206431703?utm_medium=api&utm_source=f15ef5ad,
2320380974,Business Analyst,STREETMARK Info Solutions,"Hyderabad, Telangana",600000.0,1500000.0,INR,IT Jobs,,2021-07-15T23:28:14Z,2026-08-02T07:29:53.930894+00:00,business analyst,Hyderabad,https://www.adzuna.in/details/2320380974?utm_medium=api&utm_source=f15ef5ad,
2325241321,Business Analyst,RentoMojo,"Bangalore, Karnataka",0.0,700000.0,INR,IT Jobs,,2021-07-17T22:45:14Z,2026-08-02T07:29:53.930894+00:00,business analyst,Bangalore,https://www.adzuna.in/details/2325241321?utm_medium=api&utm_source=f15ef5ad,
2325244612,Business Analyst,Catalyst IQ,"Mumbai, Maharashtra",750000.0,2500000.0,INR,IT Jobs,,2021-07-17T22:45:42Z,2026-08-02T07:29:53.930894+00:00,business analyst,Mumbai,https://www.adzuna.in/details/2325244612?utm_medium=api&utm_source=f15ef5ad,
2344120568,PHP Developer,Yagna Technologies Pvt Ltd,"Hyderabad, Telangana",0.0,300000.0,INR,IT Jobs,,2021-07-27T21:01:59Z,2026-08-02T07:29:53.930894+00:00,data analyst,Hyderabad,https://www.adzuna.in/details/2344120568?utm_medium=api&utm_source=f15ef5ad,
2346068207,Data Analyst,Impact Guru,"Mumbai, Maharashtra",300000.0,900000.0,INR,IT Jobs,,2021-07-28T21:11:50Z,2026-08-02T07:29:53.930894+00:00,data analyst,Mumbai,https://www.adzuna.in/details/2346068207?utm_medium=api&utm_source=f15ef5ad,
2349832285,Business Analyst (Health Care),Kavayah People Consulting,"Pune, Maharashtra",750000.0,3500000.0,INR,Healthcare & Nursing Jobs,,2021-07-30T22:01:50Z,2026-08-02T07:29:53.930894+00:00,business analyst,Pune,https://www.adzuna.in/details/2349832285?utm_medium=api&utm_source=f15ef5ad,
2381264980,Technical Training Manager,EduRamp Learning Services Pvt. Ltd.,"Mumbai, Maharashtra",100000.0,800000.0,INR,IT Jobs,,2021-08-13T21:57:13Z,2026-08-02T07:29:53.930894+00:00,data analyst,Mumbai,https://www.adzuna.in/details/2381264980?utm_medium=api&utm_source=f15ef5ad,Machine Learning
2398472037,Data Analyst,Azent Overseas,"Mumbai, Maharashtra",0.0,700000.0,INR,Accounting & Finance Jobs,,2021-08-21T21:23:03Z,2026-08-02T07:29:53.930894+00:00,data analyst,Mumbai,https://www.adzuna.in/details/2398472037?utm_medium=api&utm_source=f15ef5ad,Excel
2398472113,Data Analyst - SQL,Unnati,"Mumbai, Maharashtra",700000.0,1000000.0,INR,IT Jobs,,2021-08-21T21:23:15Z,2026-08-02T07:29:53.930894+00:00,data analyst,Mumbai,https://www.adzuna.in/details/2398472113?utm_medium=api&utm_source=f15ef5ad,SQL
2403881225,Data Analyst,Multi Recruit,"Bangalore, Karnataka",500000.0,1500000.0,INR,IT Jobs,,2021-08-24T22:37:13Z,2026-08-02T07:29:53.930894+00:00,data analyst,Bangalore,https://www.adzuna.in/details/2403881225?utm_medium=api&utm_source=f15ef5ad,Machine Learning
2433361449,Data Analyst,MSMEx,"Mumbai, Maharashtra",0.0,1200000.0,INR,IT Jobs,,2021-09-05T02:42:02Z,2026-08-02T07:29:53.930894+00:00,data analyst,Mumbai,https://www.adzuna.in/details/2433361449?utm_medium=api&utm_source=f15ef5ad,
2449398766,Data Analyst,Syrencloud,"Hyderabad, Telangana",0.0,800000.0,INR,IT Jobs,,2021-09-11T02:17:17Z,2026-08-02T07:29:53.930894+00:00,data analyst,Hyderabad,https://www.adzuna.in/details/2449398766?utm_medium=api&utm_source=f15ef5ad,SAP|SQL
2468164053,Business Analyst,Aureus Tech Systems,"Hyderabad, Telangana",750000.0,2200000.0,INR,IT Jobs,,2021-09-18T05:50:11Z,2026-08-02T07:29:53.930894+00:00,business analyst,Hyderabad,https://www.adzuna.in/details/2468164053?utm_medium=api&utm_source=f15ef5ad,
2500155500,Data Analyst,Reality Premedia Services Pvt Ltd,"Pune, Maharashtra",0.0,800000.0,INR,IT Jobs,,2021-09-29T05:01:45Z,2026-08-02T07:29:53.930894+00:00,data analyst,Pune,https://www.adzuna.in/details/2500155500?utm_medium=api&utm_source=f15ef5ad,Power BI|Python|SQL|Tableau
2539490267,Data Analyst,Graphene Services Pte Ltd,"Bangalore, Karnataka",,,INR,IT Jobs,,2021-10-13T05:52:44Z,2026-08-02T07:29:53.930894+00:00,data analyst,Bangalore,https://www.adzuna.in/details/2539490267?utm_medium=api&utm_source=f15ef5ad,
2566774995,Business Analyst,Growisto,"Mumbai, Maharashtra",700000.0,1200000.0,INR,IT Jobs,,2021-10-22T05:05:11Z,2026-08-02T07:29:53.930894+00:00,business analyst,Mumbai,https://www.adzuna.in/details/2566774995?utm_medium=api&utm_source=f15ef5ad,
2570069948,Data Analyst- Marketing,Unnati,"Delhi, India",0.0,1500000.0,INR,"PR, Advertising & Marketing Jobs",,2021-10-23T04:34:53Z,2026-08-02T07:29:53.930894+00:00,data analyst,Delhi,https://www.adzuna.in/details/2570069948?utm_medium=api&utm_source=f15ef5ad,
2572832371,Data Analyst,BitClass,"Bangalore, Karnataka",0.0,1600000.0,INR,IT Jobs,,2021-10-24T04:00:25Z,2026-08-02T07:29:53.930894+00:00,data analyst,Bangalore,https://www.adzuna.in/details/2572832371?utm_medium=api&utm_source=f15ef5ad,
2572832386,Business Analyst,BitClass,"Bangalore, Karnataka",0.0,2500000.0,INR,IT Jobs,,2021-10-24T04:00:26Z,2026-08-02T07:29:53.930894+00:00,business analyst,Bangalore,https://www.adzuna.in/details/2572832386?utm_medium=api&utm_source=f15ef5ad,
2577819167,Data Analyst,zyoin,"Bangalore, Karnataka",500000.0,2100000.0,INR,IT Jobs,,2021-10-26T04:51:56Z,2026-08-02T07:29:53.930894+00:00,data analyst,Bangalore,https://www.adzuna.in/details/2577819167?utm_medium=api&utm_source=f15ef5ad,SQL
2621925006,Jr. Data Scientist,Vital,"Delhi, India",420000.0,540000.0,INR,IT Jobs,,2021-11-08T04:05:17Z,2026-08-02T07:29:53.930894+00:00,data analyst,Delhi,https://www.adzuna.in/details/2621925006?utm_medium=api&utm_source=f15ef5ad,Excel|Python|R|SQL
2635526340,Data Analyst,Amazon,"Bangalore, Karnataka",0.0,800000.0,INR,IT Jobs,,2021-11-12T04:18:09Z,2026-08-02T07:29:53.930894+00:00,data analyst,Bangalore,https://www.adzuna.in/details/2635526340?utm_medium=api&utm_source=f15ef5ad,
2653476396,Data Analyst,CIEL HR Services,"Bangalore, Karnataka",0.0,1500000.0,INR,IT Jobs,,2021-11-18T04:24:02Z,2026-08-02T07:29:53.930894+00:00,data analyst,Bangalore,https://www.adzuna.in/details/2653476396?utm_medium=api&utm_source=f15ef5ad,SQL
2667255768,Business Analyst,Beyond Pinks,"Hyderabad, Telangana",0.0,1500000.0,INR,IT Jobs,,2021-11-22T05:19:38Z,2026-08-02T07:29:53.930894+00:00,business analyst,Hyderabad,https://www.adzuna.in/details/2667255768?utm_medium=api&utm_source=f15ef5ad,Azure|SQL
2686604253,Business Analyst,Accion Labs,"Bangalore, Karnataka",0.0,1800000.0,INR,IT Jobs,,2021-11-28T01:55:32Z,2026-08-02T07:29:53.930894+00:00,business analyst,Bangalore,https://www.adzuna.in/details/2686604253?utm_medium=api&utm_source=f15ef5ad,
2706556210,Head Of Operations,Unnati,"Delhi, India",600000.0,1500000.0,INR,Retail Jobs,,2021-12-04T02:41:01Z,2026-08-02T07:29:53.930894+00:00,business analyst,Delhi,https://www.adzuna.in/details/2706556210?utm_medium=api&utm_source=f15ef5ad,
2792652265,Business Analyst,InvokHR,"Pune, Maharashtra",400000.0,700000.0,INR,IT Jobs,,2022-01-06T04:26:38Z,2026-08-02T07:29:53.930894+00:00,business analyst,Pune,https://www.adzuna.in/details/2792652265?utm_medium=api&utm_source=f15ef5ad,
2830210287,Data Analyst,Amagi Media Labs,"Bangalore, Karnataka",1000000.0,1400000.0,INR,IT Jobs,,2022-01-21T04:29:34Z,2026-08-02T07:29:53.930894+00:00,data analyst,Bangalore,https://www.adzuna.in/details/2830210287?utm_medium=api&utm_source=f15ef5ad,Python|SQL
2830210357,Data Analyst,Amagi Media Labs,"Bangalore, Karnataka",1000000.0,2000000.0,INR,IT Jobs,,2022-01-21T04:29:35Z,2026-08-02T07:29:53.930894+00:00,data analyst,Bangalore,https://www.adzuna.in/details/2830210357?utm_medium=api&utm_source=f15ef5ad,
2853927974,Data Analyst,Multi Recruit,"Bangalore, Karnataka",1200000.0,1400000.0,INR,IT Jobs,,2022-01-30T04:34:26Z,2026-08-02T07:29:53.930894+00:00,data analyst,Bangalore,https://www.adzuna.in/details/2853927974?utm_medium=api&utm_source=f15ef5ad,
2853928094,Business Analyst,Multi Recruit,"Bangalore, Karnataka",0.0,1500000.0,INR,IT Jobs,,2022-01-30T04:34:28Z,2026-08-02T07:29:53.930894+00:00,business analyst,Bangalore,https://www.adzuna.in/details/2853928094?utm_medium=api&utm_source=f15ef5ad,
2853928162,Sr. Data Analyst,Multi Recruit,"Bangalore, Karnataka",600000.0,1500000.0,INR,IT Jobs,,2022-01-30T04:34:29Z,2026-08-02T07:29:53.930894+00:00,data analyst,Bangalore,https://www.adzuna.in/details/2853928162?utm_medium=api&utm_source=f15ef5ad,
2853928283,Sr. Data Analyst,Multi Recruit,"Bangalore, Karnataka",2500000.0,3000000.0,INR,IT Jobs,,2022-01-30T04:34:32Z,2026-08-02T07:29:53.930894+00:00,data analyst,Bangalore,https://www.adzuna.in/details/2853928283?utm_medium=api&utm_source=f15ef5ad,
2883808453,Business Analyst - Agri Domain,Purple Hirez,"Hyderabad, Telangana",0.0,1500000.0,INR,IT Jobs,,2022-02-10T04:44:55Z,2026-08-02T07:29:53.930894+00:00,business analyst,Hyderabad,https://www.adzuna.in/details/2883808453?utm_medium=api&utm_source=f15ef5ad,
2927156229,Full Stack Developer,TalentXo,"Delhi, India",1000000.0,2500000.0,INR,IT Jobs,,2022-02-26T04:52:02Z,2026-08-02T07:29:53.930894+00:00,data analyst,Delhi,https://www.adzuna.in/details/2927156229?utm_medium=api&utm_source=f15ef5ad,
2933962322,Business Analyst,Unnati,"Delhi, India",700000.0,800000.0,INR,Consultancy Jobs,,2022-03-01T04:54:07Z,2026-08-02T07:29:53.930894+00:00,business analyst,Delhi,https://www.adzuna.in/details/2933962322?utm_medium=api&utm_source=f15ef5ad,
2933962340,PHP Developer,Unnati,"Delhi, India",0.0,850000.0,INR,IT Jobs,contract,2022-03-01T04:54:13Z,2026-08-02T07:29:53.930894+00:00,business analyst,Delhi,https://www.adzuna.in/details/2933962340?utm_medium=api&utm_source=f15ef5ad,
2933962357,PHP Developer,Unnati,"Delhi, India",400000.0,850000.0,INR,IT Jobs,contract,2022-03-01T04:54:17Z,2026-08-02T07:29:53.930894+00:00,business analyst,Delhi,https://www.adzuna.in/details/2933962357?utm_medium=api&utm_source=f15ef5ad,
2956624266,SQL Lead,DataMetica,"Pune, Maharashtra",1100000.0,2500000.0,INR,IT Jobs,,2022-03-09T05:09:28Z,2026-08-02T07:29:53.930894+00:00,data analyst,Pune,https://www.adzuna.in/details/2956624266?utm_medium=api&utm_source=f15ef5ad,SQL
2959776708,Business Analyst,CareerNet,"Bangalore, Karnataka",1000000.0,1500000.0,INR,IT Jobs,,2022-03-10T05:07:13Z,2026-08-02T07:29:53.930894+00:00,business analyst,Bangalore,https://www.adzuna.in/details/2959776708?utm_medium=api&utm_source=f15ef5ad,
2992079299,Business Analyst,upGrad,"Mumbai, Maharashtra",0.0,1600000.0,INR,Consultancy Jobs,,2022-03-23T05:11:52Z,2026-08-02T07:29:53.930894+00:00,business analyst,Mumbai,https://www.adzuna.in/details/2992079299?utm_medium=api&utm_source=f15ef5ad,
3017040280,PHP Developer,Skydivine Solution OPC Pvt Ltd,"Pune, Maharashtra",250000.0,300000.0,INR,IT Jobs,,2022-04-02T05:15:05Z,2026-08-02T07:29:53.930894+00:00,data analyst,Pune,https://www.adzuna.in/details/3017040280?utm_medium=api&utm_source=f15ef5ad,
3032213576,Business Analyst,Unnati,"Pune, Maharashtra",0.0,1200000.0,INR,IT Jobs,,2022-04-07T05:26:01Z,2026-08-02T07:29:53.930894+00:00,business analyst,Pune,https://www.adzuna.in/details/3032213576?utm_medium=api&utm_source=f15ef5ad,Machine Learning
3032214035,Head â Product,Unnati,"Delhi, India",2500000.0,7000000.0,INR,IT Jobs,,2022-04-07T05:26:04Z,2026-08-02T07:29:53.930894+00:00,business analyst,Delhi,https://www.adzuna.in/details/3032214035?utm_medium=api&utm_source=f15ef5ad,
3035278763,Business Analyst,Multi Recruit,"Bangalore, Karnataka",1800000.0,2000000.0,INR,IT Jobs,,2022-04-08T05:19:51Z,2026-08-02T07:29:53.930894+00:00,business analyst,Bangalore,https://www.adzuna.in/details/3035278763?utm_medium=api&utm_source=f15ef5ad,
3048034030,Business Analyst,GreedyGame,"Bangalore, Karnataka",400000.0,1200000.0,INR,IT Jobs,,2022-04-13T05:20:02Z,2026-08-02T07:29:53.930894+00:00,business analyst,Bangalore,https://www.adzuna.in/details/3048034030?utm_medium=api&utm_source=f15ef5ad,
3087302259,Robotics Process Automation Business Analyst (remote job),Axienttech,"Pune, Maharashtra",300000.0,1500000.0,INR,IT Jobs,,2022-04-29T05:24:17Z,2026-08-02T07:29:53.930894+00:00,business analyst,Pune,https://www.adzuna.in/details/3087302259?utm_medium=api&utm_source=f15ef5ad,
3122593514,Business Analyst (Privacy & Security),Envoy Global,"Hyderabad, Telangana",500000.0,1800000.0,INR,IT Jobs,,2022-05-11T05:25:43Z,2026-08-02T07:29:53.930894+00:00,business analyst,Hyderabad,https://www.adzuna.in/details/3122593514?utm_medium=api&utm_source=f15ef5ad,
3138985665,Lead Data Analyst,wrackle,"Bangalore, Karnataka",2000000.0,4000000.0,INR,IT Jobs,,2022-05-16T05:27:57Z,2026-08-02T07:29:53.930894+00:00,data analyst,Bangalore,https://www.adzuna.in/details/3138985665?utm_medium=api&utm_source=f15ef5ad,SQL
3166190744,Business Analyst,PopcornApps,"Hyderabad, Telangana",200000.0,1000000.0,INR,IT Jobs,,2022-05-25T05:32:48Z,2026-08-02T07:29:53.930894+00:00,business analyst,Hyderabad,https://www.adzuna.in/details/3166190744?utm_medium=api&utm_source=f15ef5ad,
3166191409,Production Manager,Unnati,"Delhi, India",0.0,800000.0,INR,Retail Jobs,,2022-05-25T05:33:08Z,2026-08-02T07:29:53.930894+00:00,business analyst,Delhi,https://www.adzuna.in/details/3166191409?utm_medium=api&utm_source=f15ef5ad,
3175702619,Business Analyst,Unnati,"Delhi, India",600000.0,700000.0,INR,IT Jobs,,2022-05-28T06:10:44Z,2026-08-02T07:29:53.930894+00:00,business analyst,Delhi,https://www.adzuna.in/details/3175702619?utm_medium=api&utm_source=f15ef5ad,
3185422225,Growth Strategy Executive,Unnati,"Delhi, India",600000.0,700000.0,INR,"PR, Advertising & Marketing Jobs",,2022-06-01T06:12:55Z,2026-08-02T07:29:53.930894+00:00,data analyst,Delhi,https://www.adzuna.in/details/3185422225?utm_medium=api&utm_source=f15ef5ad,
3185422236,Senior Manager- Data Intelligence|,Unnati,"Delhi, India",1200000.0,1500000.0,INR,Consultancy Jobs,,2022-06-01T06:12:55Z,2026-08-02T07:29:53.930894+00:00,data analyst,Delhi,https://www.adzuna.in/details/3185422236?utm_medium=api&utm_source=f15ef5ad,
3185422289,Talent Acquisition Specialist,Unnati,"Delhi, India",600000.0,700000.0,INR,HR & Recruitment Jobs,,2022-06-01T06:12:55Z,2026-08-02T07:29:53.930894+00:00,data analyst,Delhi,https://www.adzuna.in/details/3185422289?utm_medium=api&utm_source=f15ef5ad,
3187994430,Senior BI Engineer (Luxembourg),Amazon,"Delhi, India",,,INR,IT Jobs,permanent,2022-06-01T21:29:10Z,2026-08-02T07:29:53.930894+00:00,data analyst,Delhi,https://www.adzuna.in/details/3187994430?utm_medium=api&utm_source=f15ef5ad,
3187994456,Senior Business Intelligence Engineer (Luxembourg),Amazon,"Delhi, India",,,INR,IT Jobs,permanent,2022-06-01T21:29:10Z,2026-08-02T07:29:53.930894+00:00,data analyst,Delhi,https://www.adzuna.in/details/3187994456?utm_medium=api&utm_source=f15ef5ad,
3187994578,Data Scientist (Luxembourg),Amazon,"Delhi, India",,,INR,IT Jobs,permanent,2022-06-01T21:29:11Z,2026-08-02T07:29:53.930894+00:00,data analyst,Delhi,https://www.adzuna.in/details/3187994578?utm_medium=api&utm_source=f15ef5ad,
3187994617,Business Intelligence Engineer (Luxembourg),Amazon,"Delhi, India",,,INR,IT Jobs,permanent,2022-06-01T21:29:11Z,2026-08-02T07:29:53.930894+00:00,data analyst,Delhi,https://www.adzuna.in/details/3187994617?utm_medium=api&utm_source=f15ef5ad,
3262154912,Data Scientist,Billeasy,"Mumbai, Maharashtra",500000.0,900000.0,INR,IT Jobs,,2022-06-26T06:20:48Z,2026-08-02T07:29:53.930894+00:00,data analyst,Mumbai,https://www.adzuna.in/details/3262154912?utm_medium=api&utm_source=f15ef5ad,
3266737478,Business Analyst,Sigma Infosolutions,"Bangalore, Karnataka",1200000.0,1500000.0,INR,IT Jobs,,2022-06-28T06:28:21Z,2026-08-02T07:29:53.930894+00:00,business analyst,Bangalore,https://www.adzuna.in/details/3266737478?utm_medium=api&utm_source=f15ef5ad,
3266739292,Business Analyst Property and Casualty Insurance,PM AM Corporation,"Mumbai, Maharashtra",1300000.0,2000000.0,INR,IT Jobs,,2022-06-28T06:28:46Z,2026-08-02T07:29:53.930894+00:00,business analyst,Mumbai,https://www.adzuna.in/details/3266739292?utm_medium=api&utm_source=f15ef5ad,
3300502197,Full stack developer,xlnc technologies,"Mumbai, Maharashtra",400000.0,800000.0,INR,IT Jobs,,2022-07-08T06:38:59Z,2026-08-02T07:29:53.930894+00:00,data analyst,Mumbai,https://www.adzuna.in/details/3300502197?utm_medium=api&utm_source=f15ef5ad,
3337906220,Business Analyst,SS Supply Chain Solutions Pvt Ltd,"Pune, Maharashtra",600000.0,1200000.0,INR,IT Jobs,,2022-07-22T06:48:34Z,2026-08-02T07:29:53.930894+00:00,business analyst,Pune,https://www.adzuna.in/details/3337906220?utm_medium=api&utm_source=f15ef5ad,
3481771527,Business Analyst,Sourceone,"Pune, Maharashtra",1000000.0,1500000.0,INR,IT Jobs,,2022-09-13T06:47:10Z,2026-08-02T07:29:53.930894+00:00,business analyst,Pune,https://www.adzuna.in/details/3481771527?utm_medium=api&utm_source=f15ef5ad,
3502543793,Business Analyst,Wolken Software,"Bangalore, Karnataka",1500000.0,2500000.0,INR,IT Jobs,,2022-09-20T07:05:20Z,2026-08-02T07:29:53.930894+00:00,business analyst,Bangalore,https://www.adzuna.in/details/3502543793?utm_medium=api&utm_source=f15ef5ad,
3509176840,Business Analyst,Seven N Half,"Mumbai, Maharashtra",300000.0,1500000.0,INR,Engineering Jobs,,2022-09-22T07:04:02Z,2026-08-02T07:29:53.930894+00:00,business analyst,Mumbai,https://www.adzuna.in/details/3509176840?utm_medium=api&utm_source=f15ef5ad,
3512731427,Business Analyst,The Talent Keepers,"Delhi, India",1200000.0,1500000.0,INR,IT Jobs,,2022-09-23T06:58:19Z,2026-08-02T07:29:53.930894+00:00,data analyst,Delhi,https://www.adzuna.in/details/3512731427?utm_medium=api&utm_source=f15ef5ad,
3546813597,Technical Lead,Merito,"Delhi, India",2500000.0,3500000.0,INR,IT Jobs,,2022-10-02T07:01:41Z,2026-08-02T07:29:53.930894+00:00,business analyst,Delhi,https://www.adzuna.in/details/3546813597?utm_medium=api&utm_source=f15ef5ad,
3592404194,Business Analyst,HyreSpree,"Hyderabad, Telangana",1500000.0,2000000.0,INR,IT Jobs,permanent,2022-10-16T05:44:14Z,2026-08-02T07:29:53.930894+00:00,business analyst,Hyderabad,https://www.adzuna.in/details/3592404194?utm_medium=api&utm_source=f15ef5ad,SQL
3651750767,Business Analyst,iThink Logistics,"Mumbai, Maharashtra",180000.0,200000.0,INR,IT Jobs,,2022-11-03T05:49:18Z,2026-08-02T07:29:53.930894+00:00,business analyst,Mumbai,https://www.adzuna.in/details/3651750767?utm_medium=api&utm_source=f15ef5ad,
3679469504,Data Analyst,Indium Software,"Bangalore, Karnataka",100000.0,1500000.0,INR,IT Jobs,,2022-11-11T06:35:47Z,2026-08-02T07:29:53.930894+00:00,data analyst,Bangalore,https://www.adzuna.in/details/3679469504?utm_medium=api&utm_source=f15ef5ad,Python|R|SQL|Statistics
3710148607,Business Analyst,Mithra Global,"Mumbai, Maharashtra",1200000.0,1300000.0,INR,IT Jobs,,2022-11-22T05:54:55Z,2026-08-02T07:29:53.930894+00:00,business analyst,Mumbai,https://www.adzuna.in/details/3710148607?utm_medium=api&utm_source=f15ef5ad,
3775845739,Business Analyst,Seventh Triangle,"Delhi, India",200000.0,500000.0,INR,IT Jobs,,2022-12-15T06:13:35Z,2026-08-02T07:29:53.930894+00:00,business analyst,Delhi,https://www.adzuna.in/details/3775845739?utm_medium=api&utm_source=f15ef5ad,
3801594068,Data Analyst,Talent500 by ANSR,"Bangalore, Karnataka",1000000.0,3000000.0,INR,IT Jobs,,2022-12-26T06:16:30Z,2026-08-02T07:29:53.930894+00:00,data analyst,Bangalore,https://www.adzuna.in/details/3801594068?utm_medium=api&utm_source=f15ef5ad,
3930744474,Laravel Developer,Instantpay,"Delhi, India",700000.0,1200000.0,INR,IT Jobs,,2023-02-18T01:11:14Z,2026-08-02T07:29:53.930894+00:00,data analyst,Delhi,https://www.adzuna.in/details/3930744474?utm_medium=api&utm_source=f15ef5ad,
4107312103,Senior Business Analyst,Aureus Tech Systems,"Hyderabad, Telangana",100000.0,1500000.0,INR,IT Jobs,,2023-05-19T15:53:01Z,2026-08-02T07:29:53.930894+00:00,business analyst,Hyderabad,https://www.adzuna.in/details/4107312103?utm_medium=api&utm_source=f15ef5ad,
4109220934,Data Operations Analyst,Media.net,"Mumbai, Maharashtra",200000.0,350000.0,INR,IT Jobs,,2023-05-20T17:39:18Z,2026-08-02T07:29:53.930894+00:00,data analyst,Mumbai,https://www.adzuna.in/details/4109220934?utm_medium=api&utm_source=f15ef5ad,
4120526848,Business Analyst,Kapture CX,"Bangalore, Karnataka",400000.0,800000.0,INR,IT Jobs,,2023-05-27T15:52:20Z,2026-08-02T07:29:53.930894+00:00,business analyst,Bangalore,https://www.adzuna.in/details/4120526848?utm_medium=api&utm_source=f15ef5ad,
4156644459,Team Leader- Data Analyst & Project,WONDRx,"Mumbai, Maharashtra",360000.0,480000.0,INR,IT Jobs,,2023-06-17T16:36:28Z,2026-08-02T07:29:53.930894+00:00,data analyst,Mumbai,https://www.adzuna.in/details/4156644459?utm_medium=api&utm_source=f15ef5ad,
4156644469,Business Analyst,Promilo,"Bangalore, Karnataka",150000.0,300000.0,INR,IT Jobs,,2023-06-17T16:36:28Z,2026-08-02T07:29:53.930894+00:00,business analyst,Bangalore,https://www.adzuna.in/details/4156644469?utm_medium=api&utm_source=f15ef5ad,
4158049546,Data Analyst,DAZN,"Hyderabad, Telangana",,,INR,IT Jobs,,2023-06-18T16:46:34Z,2026-08-02T07:29:53.930894+00:00,data analyst,Hyderabad,https://www.adzuna.in/details/4158049546?utm_medium=api&utm_source=f15ef5ad,
4172911754,Business Analyst,Kapture CX,"Bangalore, Karnataka",300000.0,800000.0,INR,IT Jobs,,2023-06-27T17:07:06Z,2026-08-02T07:29:53.930894+00:00,business analyst,Bangalore,https://www.adzuna.in/details/4172911754?utm_medium=api&utm_source=f15ef5ad,
4192429586,Senior Data Analyst,Impact Guru,"Mumbai, Maharashtra",500000.0,900000.0,INR,IT Jobs,,2023-07-06T14:16:47Z,2026-08-02T07:29:53.930894+00:00,data analyst,Mumbai,https://www.adzuna.in/details/4192429586?utm_medium=api&utm_source=f15ef5ad,
4282822424,Data Analyst,Recro,"Bangalore, Karnataka",,,INR,IT Jobs,,2023-08-29T13:12:02Z,2026-08-02T07:29:53.930894+00:00,data analyst,Bangalore,https://www.adzuna.in/details/4282822424?utm_medium=api&utm_source=f15ef5ad,Python|SQL
4344577959,Data Analyst,Jobdost,"Delhi, India",100000.0,600000.0,INR,"Energy, Oil & Gas Jobs",,2023-10-02T13:22:26Z,2026-08-02T07:29:53.930894+00:00,data analyst,Delhi,https://www.adzuna.in/details/4344577959?utm_medium=api&utm_source=f15ef5ad,
4344578568,Data Analyst,Jobdost,"Bangalore, Karnataka",0.0,500000.0,INR,IT Jobs,,2023-10-02T13:22:30Z,2026-08-02T07:29:53.930894+00:00,data analyst,Bangalore,https://www.adzuna.in/details/4344578568?utm_medium=api&utm_source=f15ef5ad,
4386562665,Director - Information System,Merito,"Pune, Maharashtra",,,INR,IT Jobs,,2023-10-22T13:47:55Z,2026-08-02T07:29:53.930894+00:00,data analyst,Pune,https://www.adzuna.in/details/4386562665?utm_medium=api&utm_source=f15ef5ad,
4386563715,Business Analyst,Merito,"Bangalore, Karnataka",2000000.0,2500000.0,INR,"PR, Advertising & Marketing Jobs",,2023-10-22T13:49:01Z,2026-08-02T07:29:53.930894+00:00,business analyst,Bangalore,https://www.adzuna.in/details/4386563715?utm_medium=api&utm_source=f15ef5ad,
4386563730,Data Analyst (SQL),Merito,"Mumbai, Maharashtra",600000.0,800000.0,INR,IT Jobs,,2023-10-22T13:49:04Z,2026-08-02T07:29:53.930894+00:00,data analyst,Mumbai,https://www.adzuna.in/details/4386563730?utm_medium=api&utm_source=f15ef5ad,SQL
4397462772,Data Analyst and Operations,Orbital,"Hyderabad, Telangana",300000.0,1000000.0,INR,IT Jobs,,2023-10-27T14:50:38Z,2026-08-02T07:29:53.930894+00:00,data analyst,Hyderabad,https://www.adzuna.in/details/4397462772?utm_medium=api&utm_source=f15ef5ad,Airflow|Excel|Python
4476874099,Build lead (Technology),Hrim consulting LLP,"Delhi, India",1200000.0,2400000.0,INR,IT Jobs,,2023-12-13T15:16:20Z,2026-08-02T07:29:53.930894+00:00,business analyst,Delhi,https://www.adzuna.in/details/4476874099?utm_medium=api&utm_source=f15ef5ad,
4514375999,Business Analyst,Qrata,"Bangalore, Karnataka",2000000.0,3000000.0,INR,IT Jobs,,2024-01-07T15:07:41Z,2026-08-02T07:29:53.930894+00:00,business analyst,Bangalore,https://www.adzuna.in/details/4514375999?utm_medium=api&utm_source=f15ef5ad,Statistics
4514376058,Data Analyst,Qrata,"Mumbai, Maharashtra",500000.0,1000000.0,INR,IT Jobs,,2024-01-07T15:07:43Z,2026-08-02T07:29:53.930894+00:00,data analyst,Mumbai,https://www.adzuna.in/details/4514376058?utm_medium=api&utm_source=f15ef5ad,
4514376112,Business Analyst,Qrata,"Bangalore, Karnataka",1300000.0,1800000.0,INR,IT Jobs,,2024-01-07T15:07:45Z,2026-08-02T07:29:53.930894+00:00,business analyst,Bangalore,https://www.adzuna.in/details/4514376112?utm_medium=api&utm_source=f15ef5ad,Excel
4514376173,Bussiness / Data Analyst,Qrata,"Bangalore, Karnataka",1500000.0,1800000.0,INR,IT Jobs,,2024-01-07T15:07:48Z,2026-08-02T07:29:53.930894+00:00,data analyst,Bangalore,https://www.adzuna.in/details/4514376173?utm_medium=api&utm_source=f15ef5ad,
4514376189,Data Analyst,Qrata,"Delhi, India",800000.0,1300000.0,INR,IT Jobs,,2024-01-07T15:07:49Z,2026-08-02T07:29:53.930894+00:00,data analyst,Delhi,https://www.adzuna.in/details/4514376189?utm_medium=api&utm_source=f15ef5ad,
4514376622,Data Analyst,Qrata,"Delhi, India",1000000.0,1200000.0,INR,IT Jobs,,2024-01-07T15:08:07Z,2026-08-02T07:29:53.930894+00:00,data analyst,Delhi,https://www.adzuna.in/details/4514376622?utm_medium=api&utm_source=f15ef5ad,
4514376922,Business Analyst,Qrata,"Bangalore, Karnataka",0.0,1800000.0,INR,IT Jobs,,2024-01-07T15:08:18Z,2026-08-02T07:29:53.930894+00:00,business analyst,Bangalore,https://www.adzuna.in/details/4514376922?utm_medium=api&utm_source=f15ef5ad,Excel|Python|R
4514377019,Chief of staff and Brand Insights,Qrata,"Delhi, India",800000.0,1700000.0,INR,IT Jobs,,2024-01-07T15:08:22Z,2026-08-02T07:29:53.930894+00:00,business analyst,Delhi,https://www.adzuna.in/details/4514377019?utm_medium=api&utm_source=f15ef5ad,
4526099582,Data Science Analyst,Fatakpay,"Mumbai, Maharashtra",800000.0,1200000.0,INR,IT Jobs,,2024-01-15T15:12:38Z,2026-08-02T07:29:53.930894+00:00,data analyst,Mumbai,https://www.adzuna.in/details/4526099582?utm_medium=api&utm_source=f15ef5ad,
4560970995,Data Analyst Lead,Technogen India PvtLtd,"Hyderabad, Telangana",2400000.0,2700000.0,INR,IT Jobs,,2024-02-07T15:55:11Z,2026-08-02T07:29:53.930894+00:00,data analyst,Hyderabad,https://www.adzuna.in/details/4560970995?utm_medium=api&utm_source=f15ef5ad,
4590721777,Business Analyst,People First Consultants,"Pune, Maharashtra",,,INR,IT Jobs,,2024-03-03T15:32:54Z,2026-08-02T07:29:53.930894+00:00,business analyst,Pune,https://www.adzuna.in/details/4590721777?utm_medium=api&utm_source=f15ef5ad,
4596884484,Business Analyst,UpSolve Solutions LLP,"Mumbai, Maharashtra",400000.0,800000.0,INR,IT Jobs,,2024-03-07T15:29:34Z,2026-08-02T07:29:53.930894+00:00,business analyst,Mumbai,https://www.adzuna.in/details/4596884484?utm_medium=api&utm_source=f15ef5ad,
4638749499,Business Analyst | Blockchain Experience required,Teblox Labs,"Delhi, India",500000.0,2500000.0,INR,IT Jobs,,2024-04-06T18:05:34Z,2026-08-02T07:29:53.930894+00:00,business analyst,Delhi,https://www.adzuna.in/details/4638749499?utm_medium=api&utm_source=f15ef5ad,
4664741360,Manager - AWS Glue & Python,Bristol Myers Squibb,"Hyderabad, Telangana",,,INR,IT Jobs,,2024-04-25T19:21:44Z,2026-08-02T07:29:53.930894+00:00,data analyst,Hyderabad,https://www.adzuna.in/details/4664741360?utm_medium=api&utm_source=f15ef5ad,AWS|ETL|Python
4686704749,Data Research Analyst,,"Pune, Maharashtra",,,INR,Healthcare & Nursing Jobs,,2024-05-10T07:38:50Z,2026-08-02T07:29:53.930894+00:00,data analyst,Pune,https://www.adzuna.in/details/4686704749?utm_medium=api&utm_source=f15ef5ad,
4686704999,Data Analyst,,"Hyderabad, Telangana",,,INR,Trade & Construction Jobs,,2024-05-10T07:38:52Z,2026-08-02T07:29:53.930894+00:00,data analyst,Hyderabad,https://www.adzuna.in/details/4686704999?utm_medium=api&utm_source=f15ef5ad,
4686706148,Business Technical Analyst,,"Pune, Maharashtra",,,INR,IT Jobs,,2024-05-10T07:38:59Z,2026-08-02T07:29:53.930894+00:00,business analyst,Pune,https://www.adzuna.in/details/4686706148?utm_medium=api&utm_source=f15ef5ad,Linux|SQL
4686706181,Data Analyst,,"Mumbai, Maharashtra",,,INR,IT Jobs,,2024-05-10T07:38:59Z,2026-08-02T07:29:53.930894+00:00,data analyst,Mumbai,https://www.adzuna.in/details/4686706181?utm_medium=api&utm_source=f15ef5ad,
4686706356,Data Analyst,,"Bangalore, Karnataka",,,INR,IT Jobs,,2024-05-10T07:39:00Z,2026-08-02T07:29:53.930894+00:00,data analyst,Bangalore,https://www.adzuna.in/details/4686706356?utm_medium=api&utm_source=f15ef5ad,
4686707182,Asp Dot Net Developer,,"Delhi, India",,,INR,IT Jobs,,2024-05-10T07:39:07Z,2026-08-02T07:29:53.930894+00:00,business analyst,Delhi,https://www.adzuna.in/details/4686707182?utm_medium=api&utm_source=f15ef5ad,Azure|SQL
4686707327,Business Analyst,,"Delhi, India",,,INR,IT Jobs,,2024-05-10T07:39:08Z,2026-08-02T07:29:53.930894+00:00,business analyst,Delhi,https://www.adzuna.in/details/4686707327?utm_medium=api&utm_source=f15ef5ad,
4686707449,Data Analyst,,"Mumbai, Maharashtra",,,INR,Admin Jobs,,2024-05-10T07:39:09Z,2026-08-02T07:29:53.930894+00:00,data analyst,Mumbai,https://www.adzuna.in/details/4686707449?utm_medium=api&utm_source=f15ef5ad,Excel
4686707769,Business Analyst,,"Mumbai, Maharashtra",,,INR,IT Jobs,,2024-05-10T07:39:12Z,2026-08-02T07:29:53.930894+00:00,business analyst,Mumbai,https://www.adzuna.in/details/4686707769?utm_medium=api&utm_source=f15ef5ad,
4686707835,Data Analyst,,"Mumbai, Maharashtra",,,INR,IT Jobs,,2024-05-10T07:39:12Z,2026-08-02T07:29:53.930894+00:00,data analyst,Mumbai,https://www.adzuna.in/details/4686707835?utm_medium=api&utm_source=f15ef5ad,Excel|SQL
4691733234,software developer,UR Heaven space pvt ltd,"Delhi, India",300000.0,600000.0,INR,IT Jobs,,2024-05-14T06:31:43Z,2026-08-02T07:29:53.930894+00:00,business analyst,Delhi,https://www.adzuna.in/details/4691733234?utm_medium=api&utm_source=f15ef5ad,
4694004919,HR Data science Analyst III [Python & Statistical Analysis],Bristol Myers Squibb,"Hyderabad, Telangana",,,INR,IT Jobs,,2024-05-15T18:16:52Z,2026-08-02T07:29:53.930894+00:00,data analyst,Hyderabad,https://www.adzuna.in/details/4694004919?utm_medium=api&utm_source=f15ef5ad,Python|Statistics
4715496028,Business Analyst,Weverse Digital technologies Private Limited,"Mumbai, Maharashtra",300000.0,400000.0,INR,IT Jobs,,2024-06-01T07:11:13Z,2026-08-02T07:29:53.930894+00:00,business analyst,Mumbai,https://www.adzuna.in/details/4715496028?utm_medium=api&utm_source=f15ef5ad,
4715697356,Data analyst,Sadup Softech,"Bangalore, Karnataka",1200000.0,1500000.0,INR,IT Jobs,,2024-06-01T09:41:50Z,2026-08-02T07:29:53.930894+00:00,data analyst,Bangalore,https://www.adzuna.in/details/4715697356?utm_medium=api&utm_source=f15ef5ad,BigQuery|Excel|Hadoop|Machine Learning|Python|SQL|Spark
4725867393,Business Analyst,"Opalforce, Inc.","Bangalore, Karnataka",,,INR,IT Jobs,permanent,2024-06-07T16:37:08Z,2026-08-02T07:29:53.930894+00:00,business analyst,Bangalore,https://www.adzuna.in/details/4725867393?utm_medium=api&utm_source=f15ef5ad,
4732696918,BI Developer,Mindpool Technologies,"Yerwada, Pune",,,INR,IT Jobs,permanent,2024-06-12T17:20:00Z,2026-08-02T07:29:53.930894+00:00,data analyst,Pune,https://www.adzuna.in/details/4732696918?utm_medium=api&utm_source=f15ef5ad,
4739597153,HR Data Analyst,"Opalforce, Inc.","Naduvathi, Bangalore",,,INR,IT Jobs,permanent,2024-06-16T14:59:21Z,2026-08-02T07:29:53.930894+00:00,data analyst,Bangalore,https://www.adzuna.in/details/4739597153?utm_medium=api&utm_source=f15ef5ad,Excel
4755979420,Business Analysts,Money Honey Financial Services Private Limited,"Mumbai, Maharashtra",300000.0,1000000.0,INR,Accounting & Finance Jobs,,2024-06-28T10:26:34Z,2026-08-02T07:29:53.930894+00:00,business analyst,Mumbai,https://www.adzuna.in/details/4755979420?utm_medium=api&utm_source=f15ef5ad,
4762780079,"Data Analyst II, Medical Evidence Generation [Python & Tableau]",Bristol Myers Squibb,"Hyderabad, Telangana",,,INR,Scientific & QA Jobs,,2024-07-02T18:45:46Z,2026-08-02T07:29:53.930894+00:00,data analyst,Hyderabad,https://www.adzuna.in/details/4762780079?utm_medium=api&utm_source=f15ef5ad,Python|Tableau
4801396385,Cluster Head - Wealth - Delhi - Videocon Towers (9th Floor) - MM,Tata Capital,"Delhi, India",,,INR,Accounting & Finance Jobs,,2024-07-31T03:02:34Z,2026-08-02T07:29:53.930894+00:00,business analyst,Delhi,https://www.adzuna.in/details/4801396385?utm_medium=api&utm_source=f15ef5ad,
4801528927,Quality analyst / Business analyst,Pune,"Pune, Maharashtra",,,INR,IT Jobs,,2024-07-31T03:13:23Z,2026-08-02T07:29:53.930894+00:00,business analyst,Pune,https://www.adzuna.in/details/4801528927?utm_medium=api&utm_source=f15ef5ad,
4801553209,Business Analyst | Offshore,Photon Group,"Bangalore, Karnataka",,,INR,IT Jobs,,2024-07-31T03:15:00Z,2026-08-02T07:29:53.930894+00:00,business analyst,Bangalore,https://www.adzuna.in/details/4801553209?utm_medium=api&utm_source=f15ef5ad,
4801558701,Data Analyst,Immunogen Pharmaceutical,"Bangalore, Karnataka",,,INR,IT Jobs,,2024-07-31T03:15:22Z,2026-08-02T07:29:53.930894+00:00,data analyst,Bangalore,https://www.adzuna.in/details/4801558701?utm_medium=api&utm_source=f15ef5ad,
4801596300,MIS coordinator – - Wealth - Delhi - Videocon Towers (9th Floor) - JM,Tata Capital,"Delhi, India",,,INR,Accounting & Finance Jobs,,2024-07-31T03:17:51Z,2026-08-02T07:29:53.930894+00:00,business analyst,Delhi,https://www.adzuna.in/details/4801596300?utm_medium=api&utm_source=f15ef5ad,
4801598617,Data Analyst,Intercept Pharmaceuticals,"Bangalore, Karnataka",,,INR,Scientific & QA Jobs,,2024-07-31T03:18:00Z,2026-08-02T07:29:53.930894+00:00,data analyst,Bangalore,https://www.adzuna.in/details/4801598617?utm_medium=api&utm_source=f15ef5ad,
4801620471,Sr. Business Analyst,Hartley Lab,"Pune, Maharashtra",,,INR,IT Jobs,,2024-07-31T03:19:26Z,2026-08-02T07:29:53.930894+00:00,business analyst,Pune,https://www.adzuna.in/details/4801620471?utm_medium=api&utm_source=f15ef5ad,
4801636692,Data Engineer,Fitfyles LLP,"Delhi, India",,,INR,IT Jobs,,2024-07-31T03:20:18Z,2026-08-02T07:29:53.930894+00:00,data analyst,Delhi,https://www.adzuna.in/details/4801636692?utm_medium=api&utm_source=f15ef5ad,
4801651938,Lead Data Analyst,Ipsos,"Bangalore, Karnataka",,,INR,IT Jobs,,2024-07-31T03:21:15Z,2026-08-02T07:29:53.930894+00:00,data analyst,Bangalore,https://www.adzuna.in/details/4801651938?utm_medium=api&utm_source=f15ef5ad,
4801658753,Business Analyst - Information Technology - Noida - Sector 51 - MM,Tata Capital,"Delhi, India",,,INR,IT Jobs,,2024-07-31T03:21:38Z,2026-08-02T07:29:53.930894+00:00,business analyst,Delhi,https://www.adzuna.in/details/4801658753?utm_medium=api&utm_source=f15ef5ad,
4819767869,Manager Ingenium Development,Next Step Services,"Delhi, India",1000000.0,2000000.0,INR,IT Jobs,,2024-08-10T10:59:42Z,2026-08-02T07:29:53.930894+00:00,business analyst,Delhi,https://www.adzuna.in/details/4819767869?utm_medium=api&utm_source=f15ef5ad,
4824921501,Business Analyst,Infibeam Avenues Limited,"Delhi, India",800000.0,1500000.0,INR,IT Jobs,,2024-08-14T11:10:08Z,2026-08-02T07:29:53.930894+00:00,business analyst,Delhi,https://www.adzuna.in/details/4824921501?utm_medium=api&utm_source=f15ef5ad,
4836571542,Business Analyst,Kapil Technologies PVT LTD,"Hyderabad, Telangana",800000.0,1500000.0,INR,IT Jobs,,2024-08-23T11:28:23Z,2026-08-02T07:29:53.930894+00:00,business analyst,Hyderabad,https://www.adzuna.in/details/4836571542?utm_medium=api&utm_source=f15ef5ad,
4874338703,Data Analyst,Pluginlive,"Mumbai, Maharashtra",1000000.0,2000000.0,INR,Accounting & Finance Jobs,,2024-09-24T11:44:30Z,2026-08-02T07:29:53.930894+00:00,data analyst,Mumbai,https://www.adzuna.in/details/4874338703?utm_medium=api&utm_source=f15ef5ad,
4988851226,Data Analyst,Millions Advisory,"Pune, Maharashtra",500000.0,1700000.0,INR,IT Jobs,,2024-12-25T11:57:34Z,2026-08-02T07:29:53.930894+00:00,data analyst,Pune,https://www.adzuna.in/details/4988851226?utm_medium=api&utm_source=f15ef5ad,AWS|Azure|GCP|Linux|Python|SQL
4992020290,Business Analyst,Anarock Technology,"Mumbai, Maharashtra",800000.0,1000000.0,INR,IT Jobs,,2024-12-30T12:10:23Z,2026-08-02T07:29:53.930894+00:00,business analyst,Mumbai,https://www.adzuna.in/details/4992020290?utm_medium=api&utm_source=f15ef5ad,
4992020376,Business Analyst,Sanguine Global,"Mumbai, Maharashtra",500000.0,2000000.0,INR,IT Jobs,,2024-12-30T12:10:29Z,2026-08-02T07:29:53.930894+00:00,business analyst,Mumbai,https://www.adzuna.in/details/4992020376?utm_medium=api&utm_source=f15ef5ad,
5006473502,Data Engineering Lead Analyst,Evernorth,"Hyderabad, Telangana",,,INR,IT Jobs,,2025-01-11T11:46:08Z,2026-08-02T07:29:53.930894+00:00,data analyst,Hyderabad,https://www.adzuna.in/details/5006473502?utm_medium=api&utm_source=f15ef5ad,
5015650325,Business Analyst,Forerunner Consultancy Services,"Pune, Maharashtra",,,INR,IT Jobs,,2025-01-18T17:37:54Z,2026-08-02T07:29:53.930894+00:00,business analyst,Pune,https://www.adzuna.in/details/5015650325?utm_medium=api&utm_source=f15ef5ad,SAP
5040652543,Data QA Specialist,YipitData,"Delhi, India",,,INR,Accounting & Finance Jobs,,2025-02-07T11:21:48Z,2026-08-02T07:29:53.930894+00:00,data analyst,Delhi,https://www.adzuna.in/details/5040652543?utm_medium=api&utm_source=f15ef5ad,
5040689008,Business Analyst,ProPMO Services Private Limited,"Bangalore, Karnataka",400000.0,800000.0,INR,IT Jobs,,2025-02-07T12:24:34Z,2026-08-02T07:29:53.930894+00:00,business analyst,Bangalore,https://www.adzuna.in/details/5040689008?utm_medium=api&utm_source=f15ef5ad,
5042641487,Business Analyst,Affine,"Bangalore, Karnataka",,,INR,IT Jobs,,2025-02-08T13:35:07Z,2026-08-02T07:29:53.930894+00:00,business analyst,Bangalore,https://www.adzuna.in/details/5042641487?utm_medium=api&utm_source=f15ef5ad,Excel|SQL|Statistics|Tableau
5054256279,Data Engineer,Intellikart Ventures LLP,"Pune, Maharashtra",900000.0,1500000.0,INR,IT Jobs,,2025-02-18T04:23:23Z,2026-08-02T07:29:53.930894+00:00,data analyst,Pune,https://www.adzuna.in/details/5054256279?utm_medium=api&utm_source=f15ef5ad,ETL|Kafka|Power BI|SQL|Snowflake
5067536947,Senior Data Product Analyst,Bristol Myers Squibb,"Hyderabad, Telangana",,,INR,IT Jobs,,2025-03-01T03:37:21Z,2026-08-02T07:29:53.930894+00:00,data analyst,Hyderabad,https://www.adzuna.in/details/5067536947?utm_medium=api&utm_source=f15ef5ad,ETL
5069533039,HR Data science Analyst III,Bristol Myers Squibb,"Hyderabad, Telangana",,,INR,IT Jobs,,2025-03-02T03:38:21Z,2026-08-02T07:29:53.930894+00:00,data analyst,Hyderabad,https://www.adzuna.in/details/5069533039?utm_medium=api&utm_source=f15ef5ad,
5120355680,Business Analyst,Talhive,"Bangalore, Karnataka",,,INR,IT Jobs,,2025-04-01T01:23:35Z,2026-08-02T07:29:53.930894+00:00,business analyst,Bangalore,https://www.adzuna.in/details/5120355680?utm_medium=api&utm_source=f15ef5ad,Excel
5146507084,Data Analyst,Amicus Therapeutics,"Bangalore, Karnataka",,,INR,IT Jobs,,2025-04-16T01:41:37Z,2026-08-02T07:29:53.930894+00:00,data analyst,Bangalore,https://www.adzuna.in/details/5146507084?utm_medium=api&utm_source=f15ef5ad,
5152372775,Data Analyst - Senior Associate PMA,TechnoServe,"Kurla, Mumbai",,,INR,Admin Jobs,,2025-04-19T01:46:46Z,2026-08-02T07:29:53.930894+00:00,data analyst,Mumbai,https://www.adzuna.in/details/5152372775?utm_medium=api&utm_source=f15ef5ad,
5161304220,Data Analyst / ML Engineer,Talent Pro,"Mumbai, Maharashtra",2000000.0,4000000.0,INR,IT Jobs,,2025-04-25T04:45:08Z,2026-08-02T07:29:53.930894+00:00,data analyst,Mumbai,https://www.adzuna.in/details/5161304220?utm_medium=api&utm_source=f15ef5ad,Excel|Machine Learning|Statistics
5169680389,Tally Developer (WFH & WFO),MIS Work India Pvt Ltd,"Delhi, India",300000.0,900000.0,INR,IT Jobs,,2025-04-30T06:41:06Z,2026-08-02T07:29:53.930894+00:00,business analyst,Delhi,https://www.adzuna.in/details/5169680389?utm_medium=api&utm_source=f15ef5ad,
5202607067,AWS Data Engineer,Deqode,"Pune, Maharashtra",500000.0,1500000.0,INR,IT Jobs,,2025-05-17T04:54:53Z,2026-08-02T07:29:53.930894+00:00,data analyst,Pune,https://www.adzuna.in/details/5202607067?utm_medium=api&utm_source=f15ef5ad,AWS|ETL|Redshift
5211474550,Index Data Operations Analyst,MSCI Inc.,"Alaknanda, South Delhi",,,INR,Accounting & Finance Jobs,,2025-05-23T01:22:06Z,2026-08-02T07:29:53.930894+00:00,data analyst,Mumbai,https://www.adzuna.in/details/5211474550?utm_medium=api&utm_source=f15ef5ad,
5211779120,Data Analyst Associate - Data Management,Wissen Technology,"Mumbai, Maharashtra",,,INR,IT Jobs,,2025-05-23T06:51:56Z,2026-08-02T07:29:53.930894+00:00,data analyst,Mumbai,https://www.adzuna.in/details/5211779120?utm_medium=api&utm_source=f15ef5ad,
5211779148,Power Bi Developer,Wissen Technology,"Mumbai, Maharashtra",,,INR,IT Jobs,,2025-05-23T06:51:57Z,2026-08-02T07:29:53.930894+00:00,data analyst,Mumbai,https://www.adzuna.in/details/5211779148?utm_medium=api&utm_source=f15ef5ad,Power BI
5211779229,RPA - Business Analyst,Wissen Technology,"Mumbai, Maharashtra",,,INR,IT Jobs,,2025-05-23T06:51:58Z,2026-08-02T07:29:53.930894+00:00,business analyst,Mumbai,https://www.adzuna.in/details/5211779229?utm_medium=api&utm_source=f15ef5ad,
5211779262,Business Analyst,Wissen Technology,"Bangalore, Karnataka",600000.0,2400000.0,INR,IT Jobs,,2025-05-23T06:51:59Z,2026-08-02T07:29:53.930894+00:00,business analyst,Bangalore,https://www.adzuna.in/details/5211779262?utm_medium=api&utm_source=f15ef5ad,SQL
5211779275,Data Analyst,Wissen Technology,"Mumbai, Maharashtra",,,INR,IT Jobs,,2025-05-23T06:51:59Z,2026-08-02T07:29:53.930894+00:00,data analyst,Mumbai,https://www.adzuna.in/details/5211779275?utm_medium=api&utm_source=f15ef5ad,Power BI|Python|SQL|Tableau
5211779279,Data Analyst,Wissen Technology,"Mumbai, Maharashtra",,,INR,IT Jobs,,2025-05-23T06:51:59Z,2026-08-02T07:29:53.930894+00:00,data analyst,Mumbai,https://www.adzuna.in/details/5211779279?utm_medium=api&utm_source=f15ef5ad,
5220800403,Associate Business Analyst,Vistex Career,"Kyasaram, Hyderabad",,,INR,IT Jobs,,2025-05-29T02:04:52Z,2026-08-02T07:29:53.930894+00:00,business analyst,Hyderabad,https://www.adzuna.in/details/5220800403?utm_medium=api&utm_source=f15ef5ad,
5239552785,Business Analyst,layer tech IT solutions,"Hyderabad, Telangana",300000.0,500000.0,INR,IT Jobs,,2025-06-08T05:07:20Z,2026-08-02T07:29:53.930894+00:00,business analyst,Hyderabad,https://www.adzuna.in/details/5239552785?utm_medium=api&utm_source=f15ef5ad,
5251183350,Business Analyst NeGD,Asterion,"Bangalore, Karnataka",,,INR,IT Jobs,,2025-06-15T02:54:00Z,2026-08-02T07:29:53.930894+00:00,business analyst,Bangalore,https://www.adzuna.in/details/5251183350?utm_medium=api&utm_source=f15ef5ad,Power BI|SAP|Tableau
5255506978,Senior Data Analyst,NeoGenCode Technologies Pvt Ltd,"Bangalore, Karnataka",1000000.0,1800000.0,INR,IT Jobs,,2025-06-18T05:21:07Z,2026-08-02T07:29:53.930894+00:00,data analyst,Bangalore,https://www.adzuna.in/details/5255506978?utm_medium=api&utm_source=f15ef5ad,
5266460273,Business Analyst,TIGI HR Solution Pvt. Ltd.,"Bangalore, Karnataka",1000000.0,1500000.0,INR,IT Jobs,,2025-06-25T05:06:27Z,2026-08-02T07:29:53.930894+00:00,business analyst,Bangalore,https://www.adzuna.in/details/5266460273?utm_medium=api&utm_source=f15ef5ad,
5268580849,Business Analyst - Fintech Domain,Wissen Technology,"Mumbai, Maharashtra",,,INR,IT Jobs,,2025-06-26T07:06:49Z,2026-08-02T07:29:53.930894+00:00,business analyst,Mumbai,https://www.adzuna.in/details/5268580849?utm_medium=api&utm_source=f15ef5ad,
5278415271,Sr. Business Analyst,Antal International,"Pune, Maharashtra",2800000.0,2800000.0,INR,IT Jobs,,2025-07-02T01:41:52Z,2026-08-02T07:29:53.930894+00:00,business analyst,Pune,https://www.adzuna.in/details/5278415271?utm_medium=api&utm_source=f15ef5ad,SQL
5294954255,Business Analyst - IT Solutions,VoltusWave Technologies India Private Limited,"Hyderabad, Telangana",240000.0,500000.0,INR,IT Jobs,,2025-07-10T05:23:12Z,2026-08-02T07:29:53.930894+00:00,business analyst,Hyderabad,https://www.adzuna.in/details/5294954255?utm_medium=api&utm_source=f15ef5ad,
5294954886,Data Analyst,Multi Recruit,"Bangalore, Karnataka",650000.0,850000.0,INR,IT Jobs,,2025-07-10T05:24:09Z,2026-08-02T07:29:53.930894+00:00,data analyst,Bangalore,https://www.adzuna.in/details/5294954886?utm_medium=api&utm_source=f15ef5ad,Excel|SQL
5314053973,Data Analyst,Fisdom,"Bangalore, Karnataka",100000.0,100000.0,INR,IT Jobs,,2025-07-21T05:27:56Z,2026-08-02T07:29:53.930894+00:00,data analyst,Bangalore,https://www.adzuna.in/details/5314053973?utm_medium=api&utm_source=f15ef5ad,
5314054074,Business Research Analyst,Highfly Sourcing,"Mumbai, Maharashtra",1200000.0,2500000.0,INR,Consultancy Jobs,,2025-07-21T05:28:00Z,2026-08-02T07:29:53.930894+00:00,business analyst,Mumbai,https://www.adzuna.in/details/5314054074?utm_medium=api&utm_source=f15ef5ad,
5329695412,Business Analyst,Smartworks,"Bangalore, Karnataka",,,INR,IT Jobs,,2025-07-31T16:59:11Z,2026-08-02T07:29:53.930894+00:00,business analyst,Bangalore,https://www.adzuna.in/details/5329695412?utm_medium=api&utm_source=f15ef5ad,
5329695686,Business Analyst,The Syndicate Tech,"Bangalore, Karnataka",,,INR,IT Jobs,,2025-07-31T16:59:25Z,2026-08-02T07:29:53.930894+00:00,business analyst,Bangalore,https://www.adzuna.in/details/5329695686?utm_medium=api&utm_source=f15ef5ad,
5329698212,Business Analyst,Smartworks,"Bangalore, Karnataka",,,INR,IT Jobs,,2025-07-31T17:03:46Z,2026-08-02T07:29:53.930894+00:00,business analyst,Bangalore,https://www.adzuna.in/details/5329698212?utm_medium=api&utm_source=f15ef5ad,
5329698861,Business Analyst,Smartworks,"Bangalore, Karnataka",,,INR,IT Jobs,,2025-07-31T17:04:22Z,2026-08-02T07:29:53.930894+00:00,business analyst,Bangalore,https://www.adzuna.in/details/5329698861?utm_medium=api&utm_source=f15ef5ad,
5337950212,Business Analyst,Wissen Technology,"Hyderabad, Telangana",,,INR,IT Jobs,,2025-08-05T08:19:57Z,2026-08-02T07:29:53.930894+00:00,business analyst,Hyderabad,https://www.adzuna.in/details/5337950212?utm_medium=api&utm_source=f15ef5ad,SQL
5343634247,Data Analyst,Stellaspire,"Bangalore, Karnataka",,,INR,IT Jobs,,2025-08-08T17:22:09Z,2026-08-02T07:29:53.930894+00:00,data analyst,Bangalore,https://www.adzuna.in/details/5343634247?utm_medium=api&utm_source=f15ef5ad,Machine Learning
5345347070,Senior Business Analyst,Vistex Career,"Kyasaram, Hyderabad",,,INR,IT Jobs,,2025-08-09T17:14:06Z,2026-08-02T07:29:53.930894+00:00,business analyst,Hyderabad,https://www.adzuna.in/details/5345347070?utm_medium=api&utm_source=f15ef5ad,
5365279240,Sr Associate Business Analyst,Amgen,"Hyderabad, Telangana",,,INR,IT Jobs,,2025-08-23T17:19:12Z,2026-08-02T07:29:53.930894+00:00,business analyst,Hyderabad,https://www.adzuna.in/details/5365279240?utm_medium=api&utm_source=f15ef5ad,
5393679428,Data Engineer,Wissen Technology,"Pune, Maharashtra",,,INR,IT Jobs,,2025-09-11T08:01:41Z,2026-08-02T07:29:53.930894+00:00,data analyst,Pune,https://www.adzuna.in/details/5393679428?utm_medium=api&utm_source=f15ef5ad,Airflow|ETL|Python|Snowflake|dbt
5407959731,"Senior Business Analyst (Product Analytic Top b2c company s), M",Talent Pro,"Mumbai, Maharashtra",3000000.0,4000000.0,INR,IT Jobs,,2025-09-20T07:08:47Z,2026-08-02T07:29:53.930894+00:00,business analyst,Mumbai,https://www.adzuna.in/details/5407959731?utm_medium=api&utm_source=f15ef5ad,Excel|Python|SQL
5416883963,Senior Data Analyst,Wissen Technology,"Mumbai, Maharashtra",,,INR,IT Jobs,,2025-09-27T09:15:35Z,2026-08-02T07:29:53.930894+00:00,data analyst,Mumbai,https://www.adzuna.in/details/5416883963?utm_medium=api&utm_source=f15ef5ad,
5442082861,"Business Analyst , App/Web Top b2c product company only",Talent Pro,"Pune, Maharashtra",2000000.0,2300000.0,INR,IT Jobs,,2025-10-11T06:40:56Z,2026-08-02T07:29:53.930894+00:00,data analyst,Pune,https://www.adzuna.in/details/5442082861?utm_medium=api&utm_source=f15ef5ad,
5442332055,Manufacturing Data Analytics & AI Manager,AGCO Corporation,"Pune, Maharashtra",,,INR,IT Jobs,,2025-10-11T10:44:44Z,2026-08-02T07:29:53.930894+00:00,data analyst,Pune,https://www.adzuna.in/details/5442332055?utm_medium=api&utm_source=f15ef5ad,
5443730558,Senior business analyst Top b2c product company only,Talent Pro,"Pune, Maharashtra",1700000.0,2100000.0,INR,IT Jobs,,2025-10-12T06:41:14Z,2026-08-02T07:29:53.930894+00:00,data analyst,Pune,https://www.adzuna.in/details/5443730558?utm_medium=api&utm_source=f15ef5ad,
5443986984,Business Analyst - Financial Transformation| Mumbai,CSB Bank,"Mumbai, Maharashtra",,,INR,Accounting & Finance Jobs,,2025-10-12T14:44:48Z,2026-08-02T07:29:53.930894+00:00,business analyst,Mumbai,https://www.adzuna.in/details/5443986984?utm_medium=api&utm_source=f15ef5ad,
5446299092,Business Analyst,TIGI HR Solution Pvt. Ltd.,"Pune, Maharashtra",1400000.0,1500000.0,INR,IT Jobs,,2025-10-14T06:42:47Z,2026-08-02T07:29:53.930894+00:00,data analyst,Pune,https://www.adzuna.in/details/5446299092?utm_medium=api&utm_source=f15ef5ad,
5447797229,"Lead - Business Analyst (Customer Experience, App/Web",Talent Pro,"Pune, Maharashtra",1600000.0,2100000.0,INR,IT Jobs,,2025-10-15T06:42:59Z,2026-08-02T07:29:53.930894+00:00,business analyst,Pune,https://www.adzuna.in/details/5447797229?utm_medium=api&utm_source=f15ef5ad,
5449937396,Lead Assistant Manager-Application Development-Applications Development Engineering,EXL,"Pune, Maharashtra",,,INR,IT Jobs,,2025-10-16T14:54:14Z,2026-08-02T07:29:53.930894+00:00,data analyst,Pune,https://www.adzuna.in/details/5449937396?utm_medium=api&utm_source=f15ef5ad,Azure|ETL|SQL|Snowflake|dbt
5458953672,Data Analyst-Data Management and Analytics-Data Ops/Data Analyst,EXL,"Pune, Maharashtra",,,INR,IT Jobs,,2025-10-22T14:52:04Z,2026-08-02T07:29:53.930894+00:00,data analyst,Pune,https://www.adzuna.in/details/5458953672?utm_medium=api&utm_source=f15ef5ad,Hadoop|SQL|Spark
5476310343,Data Scientist,Infinium Associate,"Delhi, India",4000000.0,4500000.0,INR,IT Jobs,,2025-11-02T06:52:09Z,2026-08-02T07:29:53.930894+00:00,data analyst,Delhi,https://www.adzuna.in/details/5476310343?utm_medium=api&utm_source=f15ef5ad,GCP|Machine Learning
5486119762,Business Analyst,Risosu Consulting LLP,"Chembur, Mumbai",500000.0,1000000.0,INR,IT Jobs,permanent,2025-11-08T02:23:16Z,2026-08-02T07:29:53.930894+00:00,business analyst,Mumbai,https://www.adzuna.in/details/5486119762?utm_medium=api&utm_source=f15ef5ad,
5487693704,Business Analyst,Risosu Consulting LLP,"Mumbai, Maharashtra",400000.0,700000.0,INR,IT Jobs,,2025-11-09T02:24:59Z,2026-08-02T07:29:53.930894+00:00,business analyst,Mumbai,https://www.adzuna.in/details/5487693704?utm_medium=api&utm_source=f15ef5ad,
5493318195,Associate - Business Analyst-Back-End/ Data Entry -Complex Transaction Processing,EXL,"Pune, Maharashtra",,,INR,Accounting & Finance Jobs,,2025-11-13T16:38:17Z,2026-08-02T07:29:53.930894+00:00,business analyst,Pune,https://www.adzuna.in/details/5493318195?utm_medium=api&utm_source=f15ef5ad,
5501834296,Senior Business Analyst (India – Remote),WIN Home Inspection,"Delhi, India",,,INR,IT Jobs,,2025-11-18T22:17:39Z,2026-08-02T07:29:53.930894+00:00,business analyst,Delhi,https://www.adzuna.in/details/5501834296?utm_medium=api&utm_source=f15ef5ad,
5502670035,BUSINESS ANALYST_URGENT HIRING,Wissen Technology,"Mumbai, Maharashtra",,,INR,Accounting & Finance Jobs,,2025-11-19T06:33:16Z,2026-08-02T07:29:53.930894+00:00,business analyst,Mumbai,https://www.adzuna.in/details/5502670035?utm_medium=api&utm_source=f15ef5ad,
5503284671,Data Analyst,Intelliatx Therapeutics,"Bangalore, Karnataka",,,INR,IT Jobs,,2025-11-19T22:19:09Z,2026-08-02T07:29:53.930894+00:00,data analyst,Bangalore,https://www.adzuna.in/details/5503284671?utm_medium=api&utm_source=f15ef5ad,
5503837521,Azure Data engineer,Princeton Software Services Pvt. Ltd.,"Pune, Maharashtra",,,INR,IT Jobs,,2025-11-20T00:58:17Z,2026-08-02T07:29:53.930894+00:00,data analyst,Pune,https://www.adzuna.in/details/5503837521?utm_medium=api&utm_source=f15ef5ad,Azure|ETL
5503837633,Business Analyst Intern,Optimspace,"Pune, Maharashtra",,,INR,IT Jobs,contract,2025-11-20T00:58:19Z,2026-08-02T07:29:53.930894+00:00,data analyst,Pune,https://www.adzuna.in/details/5503837633?utm_medium=api&utm_source=f15ef5ad,
5503837634,Machine Learning Intern,Optimspace,"Pune, Maharashtra",,,INR,IT Jobs,contract,2025-11-20T00:58:19Z,2026-08-02T07:29:53.930894+00:00,data analyst,Pune,https://www.adzuna.in/details/5503837634?utm_medium=api&utm_source=f15ef5ad,Machine Learning
5503837644,Data Analyst Intern,Optimspace,"Pune, Maharashtra",,,INR,IT Jobs,contract,2025-11-20T00:58:19Z,2026-08-02T07:29:53.930894+00:00,data analyst,Pune,https://www.adzuna.in/details/5503837644?utm_medium=api&utm_source=f15ef5ad,
5511979186,JUNIOR BUSINESS ANALYST_URGENT HIRING,Wissen Technology,"Mumbai, Maharashtra",,,INR,Accounting & Finance Jobs,,2025-11-25T07:14:06Z,2026-08-02T07:29:53.930894+00:00,business analyst,Mumbai,https://www.adzuna.in/details/5511979186?utm_medium=api&utm_source=f15ef5ad,
5518689786,Salesforce Business Analyst,WarpDrive Tech Works,"Bangalore, Karnataka",400000.0,1000000.0,INR,IT Jobs,,2025-11-29T06:37:24Z,2026-08-02T07:29:53.930894+00:00,business analyst,Bangalore,https://www.adzuna.in/details/5518689786?utm_medium=api&utm_source=f15ef5ad,
5522126592,Data Analyst,Technogen,"Bangalore, Karnataka",,,INR,IT Jobs,,2025-12-01T22:55:55Z,2026-08-02T07:29:53.930894+00:00,data analyst,Bangalore,https://www.adzuna.in/details/5522126592?utm_medium=api&utm_source=f15ef5ad,Hadoop
5531896486,Data Analyst,Peak Hire Solutions,"Bangalore, Karnataka",800000.0,1100000.0,INR,IT Jobs,,2025-12-07T05:40:05Z,2026-08-02T07:29:53.930894+00:00,data analyst,Bangalore,https://www.adzuna.in/details/5531896486?utm_medium=api&utm_source=f15ef5ad,Excel|SQL
5536646587,Business Analyst,Finastra Technology,"Pune, Maharashtra",,,INR,IT Jobs,,2025-12-11T00:29:04Z,2026-08-02T07:29:53.930894+00:00,business analyst,Pune,https://www.adzuna.in/details/5536646587?utm_medium=api&utm_source=f15ef5ad,
5543508791,Senior Data Analyst,r3 Consultant,"Pune, Maharashtra",,,INR,IT Jobs,,2025-12-16T02:52:13Z,2026-08-02T07:29:53.930894+00:00,data analyst,Pune,https://www.adzuna.in/details/5543508791?utm_medium=api&utm_source=f15ef5ad,
5543913591,Data Analyst Fintech company,Talent Pro,"Mumbai, Maharashtra",800000.0,1200000.0,INR,Accounting & Finance Jobs,,2025-12-16T10:56:15Z,2026-08-02T07:29:53.930894+00:00,data analyst,Mumbai,https://www.adzuna.in/details/5543913591?utm_medium=api&utm_source=f15ef5ad,Excel|Power BI|SQL
5547495703,Specialist Business Analyst (Pi Data Historian),Amgen,"Hyderabad, Telangana",,,INR,IT Jobs,,2025-12-19T00:24:22Z,2026-08-02T07:29:53.930894+00:00,data analyst,Hyderabad,https://www.adzuna.in/details/5547495703?utm_medium=api&utm_source=f15ef5ad,
5548655909,Portfolio Data Analyst,Arcana Analytics,"Bangalore, Karnataka",,,INR,IT Jobs,,2025-12-19T23:54:35Z,2026-08-02T07:29:53.930894+00:00,data analyst,Bangalore,https://www.adzuna.in/details/5548655909?utm_medium=api&utm_source=f15ef5ad,
5548878818,Business Analyst I,Aru & Dev Business Solutions,"Vijayanagar, Bangalore",,,INR,IT Jobs,,2025-12-20T00:19:52Z,2026-08-02T07:29:53.930894+00:00,business analyst,Bangalore,https://www.adzuna.in/details/5548878818?utm_medium=api&utm_source=f15ef5ad,
5549958855,Business Analyst,Vistex Career,"Kyasaram, Hyderabad",,,INR,IT Jobs,,2025-12-20T23:54:48Z,2026-08-02T07:29:53.930894+00:00,business analyst,Hyderabad,https://www.adzuna.in/details/5549958855?utm_medium=api&utm_source=f15ef5ad,
5555120217,Business Analyst,Innover Systems,"Pune, Maharashtra",600000.0,1000000.0,INR,IT Jobs,,2025-12-25T10:26:03Z,2026-08-02T07:29:53.930894+00:00,business analyst,Pune,https://www.adzuna.in/details/5555120217?utm_medium=api&utm_source=f15ef5ad,
5574260852,Senior Analyst,eClerx,"Pune, Maharashtra",,,INR,IT Jobs,,2026-01-09T00:25:34Z,2026-08-02T07:29:53.930894+00:00,data analyst,Pune,https://www.adzuna.in/details/5574260852?utm_medium=api&utm_source=f15ef5ad,
5583457845,Sr. Analyst - Global Data Management,Colgate-Palmolive,"Mumbai, Maharashtra",,,INR,IT Jobs,,2026-01-14T08:57:26Z,2026-08-02T07:29:53.930894+00:00,data analyst,Mumbai,https://www.adzuna.in/details/5583457845?utm_medium=api&utm_source=f15ef5ad,
5585713660,SAP Solution Architecht,Hunarstreet Technologies Pvt Ltd,"Delhi, India",3300000.0,3800000.0,INR,IT Jobs,,2026-01-15T11:11:18Z,2026-08-02T07:29:53.930894+00:00,business analyst,Delhi,https://www.adzuna.in/details/5585713660?utm_medium=api&utm_source=f15ef5ad,SAP
5586444744,Data Analyst,InTouch CX,"Hyderabad, Telangana",,,INR,IT Jobs,,2026-01-16T00:31:50Z,2026-08-02T07:29:53.930894+00:00,data analyst,Hyderabad,https://www.adzuna.in/details/5586444744?utm_medium=api&utm_source=f15ef5ad,
5586566169,Data Analyst,In Touch,"Hyderabad, Telangana",,,INR,IT Jobs,,2026-01-16T00:45:45Z,2026-08-02T07:29:53.930894+00:00,data analyst,Hyderabad,https://www.adzuna.in/details/5586566169?utm_medium=api&utm_source=f15ef5ad,
5586642440,Data Analyst,InTouch CX,"Hyderabad, Telangana",,,INR,IT Jobs,,2026-01-16T00:52:21Z,2026-08-02T07:29:53.930894+00:00,data analyst,Hyderabad,https://www.adzuna.in/details/5586642440?utm_medium=api&utm_source=f15ef5ad,
5586658029,Senior Business Analyst,InTouch CX,"Hyderabad, Telangana",,,INR,IT Jobs,,2026-01-16T00:53:39Z,2026-08-02T07:29:53.930894+00:00,business analyst,Hyderabad,https://www.adzuna.in/details/5586658029?utm_medium=api&utm_source=f15ef5ad,
5594236379,Salesforce Business Analyst,SPAR Solutions,"Range Hills, Pune",,,INR,IT Jobs,,2026-01-22T00:30:42Z,2026-08-02T07:29:53.930894+00:00,business analyst,Pune,https://www.adzuna.in/details/5594236379?utm_medium=api&utm_source=f15ef5ad,
5594469547,Business Analyst,Quess Enterprise,"Bangalore, Karnataka",,,INR,Sales Jobs,,2026-01-22T00:55:27Z,2026-08-02T07:29:53.930894+00:00,business analyst,Bangalore,https://www.adzuna.in/details/5594469547?utm_medium=api&utm_source=f15ef5ad,
5595860520,Senior Business Analyst,Morningstar,"Mumbai, Maharashtra",,,INR,IT Jobs,,2026-01-23T00:33:32Z,2026-08-02T07:29:53.930894+00:00,business analyst,Mumbai,https://www.adzuna.in/details/5595860520?utm_medium=api&utm_source=f15ef5ad,
5599878561,"Business Analyst (Product Analytics),Top b2c product company only",Talent Pro,"Mumbai, Maharashtra",1500000.0,2100000.0,INR,IT Jobs,,2026-01-25T11:15:41Z,2026-08-02T07:29:53.930894+00:00,business analyst,Mumbai,https://www.adzuna.in/details/5599878561?utm_medium=api&utm_source=f15ef5ad,Excel|Python|SQL
5604419908,Data Analyst,Talent Pro,"Mumbai, Maharashtra",800000.0,1200000.0,INR,IT Jobs,,2026-01-29T11:29:14Z,2026-08-02T07:29:53.930894+00:00,data analyst,Mumbai,https://www.adzuna.in/details/5604419908?utm_medium=api&utm_source=f15ef5ad,Excel|SQL
5606714668,Associate Process Manager,eClerx,"Mumbai, Maharashtra",,,INR,IT Jobs,,2026-01-31T00:59:37Z,2026-08-02T07:29:53.930894+00:00,data analyst,Mumbai,https://www.adzuna.in/details/5606714668?utm_medium=api&utm_source=f15ef5ad,Excel|Looker|Power BI|Tableau
5609224208,"Junior Business Analyst (SevaSadan, ChurchGate Mumbai)",PassionMojo,"Mumbai, Maharashtra",,,INR,"PR, Advertising & Marketing Jobs",,2026-02-02T00:50:27Z,2026-08-02T07:29:53.930894+00:00,business analyst,Mumbai,https://www.adzuna.in/details/5609224208?utm_medium=api&utm_source=f15ef5ad,
5612994342,Business Analyst II,Antal International,"Pune, Maharashtra",1000000.0,1000000.0,INR,IT Jobs,,2026-02-04T08:08:35Z,2026-08-02T07:29:53.930894+00:00,business analyst,Pune,https://www.adzuna.in/details/5612994342?utm_medium=api&utm_source=f15ef5ad,Kafka
5622234050,Urgent Hiring_QA Engineer_Gurgaon(Immediate joiner only),Wissen Technology,"Delhi, India",,,INR,IT Jobs,,2026-02-10T10:55:55Z,2026-08-02T07:29:53.930894+00:00,business analyst,Delhi,https://www.adzuna.in/details/5622234050?utm_medium=api&utm_source=f15ef5ad,
5624680125,Alts Data Operations Analyst,Addepar,"Pune, Maharashtra",,,INR,Accounting & Finance Jobs,,2026-02-12T01:29:46Z,2026-08-02T07:29:53.930894+00:00,data analyst,Pune,https://www.adzuna.in/details/5624680125?utm_medium=api&utm_source=f15ef5ad,
5626571311,Business Analyst,Kroll,"Hyderabad, Telangana",,,INR,IT Jobs,,2026-02-13T01:40:54Z,2026-08-02T07:29:53.930894+00:00,business analyst,Hyderabad,https://www.adzuna.in/details/5626571311?utm_medium=api&utm_source=f15ef5ad,
5628841715,Principal Business Systems Analyst,Cornerstone onDemand,"Pune, Maharashtra",,,INR,IT Jobs,,2026-02-14T06:45:52Z,2026-08-02T07:29:53.930894+00:00,business analyst,Pune,https://www.adzuna.in/details/5628841715?utm_medium=api&utm_source=f15ef5ad,
5630459928,Senior Data Analyst Lead -SMLevel,People First Consultants,"Hyderabad, Telangana",,,INR,IT Jobs,,2026-02-15T08:19:18Z,2026-08-02T07:29:53.930894+00:00,data analyst,Hyderabad,https://www.adzuna.in/details/5630459928?utm_medium=api&utm_source=f15ef5ad,GCP|SQL
5630459934,Technical Program Manager - SM Level,People First Consultants,"Hyderabad, Telangana",,,INR,IT Jobs,,2026-02-15T08:19:18Z,2026-08-02T07:29:53.930894+00:00,data analyst,Hyderabad,https://www.adzuna.in/details/5630459934?utm_medium=api&utm_source=f15ef5ad,SQL
5632813709,"Business Analyst I, AOP",ASSPL - Telangana,"Hyderabad, Telangana",,,INR,Admin Jobs,,2026-02-17T11:04:24Z,2026-08-02T07:29:53.930894+00:00,business analyst,Hyderabad,https://www.adzuna.in/details/5632813709?utm_medium=api&utm_source=f15ef5ad,
5633468232,Senior Salesforce Business Analyst,AArete,"Pune, Maharashtra",,,INR,IT Jobs,,2026-02-18T01:24:39Z,2026-08-02T07:29:53.930894+00:00,business analyst,Pune,https://www.adzuna.in/details/5633468232?utm_medium=api&utm_source=f15ef5ad,
5633851742,"Business Analyst I, AOP",Amazon,"Hyderabad, Telangana",,,INR,IT Jobs,,2026-02-18T06:48:38Z,2026-08-02T07:29:53.930894+00:00,business analyst,Hyderabad,https://www.adzuna.in/details/5633851742?utm_medium=api&utm_source=f15ef5ad,
5637337106,Senior Business Analyst,OIP Insurtech,"Hyderabad, Telangana",,,INR,IT Jobs,,2026-02-20T11:17:05Z,2026-08-02T07:29:53.930894+00:00,business analyst,Hyderabad,https://www.adzuna.in/details/5637337106?utm_medium=api&utm_source=f15ef5ad,
5639164528,Business Analyst- Banking Domain,We Search,"Mumbai, Maharashtra",1200000.0,1800000.0,INR,IT Jobs,,2026-02-21T08:21:31Z,2026-08-02T07:29:53.930894+00:00,business analyst,Mumbai,https://www.adzuna.in/details/5639164528?utm_medium=api&utm_source=f15ef5ad,
5639296608,Data Analyst & Operations Product Manager,Foyforyou,"Mumbai, Maharashtra",200000.0,1500000.0,INR,IT Jobs,,2026-02-21T11:02:15Z,2026-08-02T07:29:53.930894+00:00,data analyst,Mumbai,https://www.adzuna.in/details/5639296608?utm_medium=api&utm_source=f15ef5ad,
5653288883,Sr Associate Business Analyst,Amgen,"Hyderabad, Telangana",,,INR,IT Jobs,,2026-03-04T11:00:31Z,2026-08-02T07:29:53.930894+00:00,business analyst,Hyderabad,https://www.adzuna.in/details/5653288883?utm_medium=api&utm_source=f15ef5ad,
5654565326,Power BI developer(Data Analyst),Antal International,"Mumbai, Maharashtra",,,INR,IT Jobs,,2026-03-05T08:33:17Z,2026-08-02T07:29:53.930894+00:00,data analyst,Mumbai,https://www.adzuna.in/details/5654565326?utm_medium=api&utm_source=f15ef5ad,Power BI
5654565604,Data Analyst - Power BI,We Search,"Hyderabad, Telangana",800000.0,1000000.0,INR,IT Jobs,,2026-03-05T08:33:24Z,2026-08-02T07:29:53.930894+00:00,data analyst,Hyderabad,https://www.adzuna.in/details/5654565604?utm_medium=api&utm_source=f15ef5ad,Power BI|SQL
5654633830,Principal Business Analyst - Serialization,Amgen,"Hyderabad, Telangana",,,INR,IT Jobs,,2026-03-05T09:41:54Z,2026-08-02T07:29:53.930894+00:00,business analyst,Hyderabad,https://www.adzuna.in/details/5654633830?utm_medium=api&utm_source=f15ef5ad,
5662661591,Senior Business Analyst – Clinical Data Foundation,Amgen,"Hyderabad, Telangana",,,INR,IT Jobs,,2026-03-13T01:32:07Z,2026-08-02T07:29:53.930894+00:00,data analyst,Hyderabad,https://www.adzuna.in/details/5662661591?utm_medium=api&utm_source=f15ef5ad,
5663140691,SAP FI Business Analyst,MiniMed,"Pune, Maharashtra",,,INR,Accounting & Finance Jobs,,2026-03-13T07:48:44Z,2026-08-02T07:29:53.930894+00:00,business analyst,Pune,https://www.adzuna.in/details/5663140691?utm_medium=api&utm_source=f15ef5ad,SAP
5663140692,SAP P2P Principal Business Analyst,MiniMed,"Pune, Maharashtra",,,INR,IT Jobs,,2026-03-13T07:48:44Z,2026-08-02T07:29:53.930894+00:00,business analyst,Pune,https://www.adzuna.in/details/5663140692?utm_medium=api&utm_source=f15ef5ad,SAP
5664660036,SAP Logistics Principal Business Analyst,MiniMed,"Pune, Maharashtra",,,INR,IT Jobs,,2026-03-14T07:51:37Z,2026-08-02T07:29:53.930894+00:00,business analyst,Pune,https://www.adzuna.in/details/5664660036?utm_medium=api&utm_source=f15ef5ad,SAP
5664889484,"UX Researcher - Behavioural Insights (Research, Testing),",Talent Pro,"Pune, Maharashtra",1400000.0,1900000.0,INR,IT Jobs,,2026-03-14T11:33:59Z,2026-08-02T07:29:53.930894+00:00,data analyst,Pune,https://www.adzuna.in/details/5664889484?utm_medium=api&utm_source=f15ef5ad,
5665599664,Product Owner,Troikos,"Delhi, India",,,INR,IT Jobs,,2026-03-15T01:33:50Z,2026-08-02T07:29:53.930894+00:00,business analyst,Delhi,https://www.adzuna.in/details/5665599664?utm_medium=api&utm_source=f15ef5ad,
5666053766,Energy Market Analyst - Power,ICF,"New Delhi, Delhi",,,INR,Consultancy Jobs,,2026-03-15T07:53:35Z,2026-08-02T07:29:53.930894+00:00,business analyst,Delhi,https://www.adzuna.in/details/5666053766?utm_medium=api&utm_source=f15ef5ad,
5670051091,Senior Business Analyst – Counterparty Credit Risk (CCR) - Mumbai,NextWave Consulting Ltd,"Mumbai, Maharashtra",,,INR,Accounting & Finance Jobs,,2026-03-18T03:23:43Z,2026-08-02T07:29:53.930894+00:00,business analyst,Mumbai,https://www.adzuna.in/details/5670051091?utm_medium=api&utm_source=f15ef5ad,
5674520701,Consultant- Business Analyst,BSR & Co,"Mumbai, Maharashtra",,,INR,IT Jobs,,2026-03-22T01:44:46Z,2026-08-02T07:29:53.930894+00:00,business analyst,Mumbai,https://www.adzuna.in/details/5674520701?utm_medium=api&utm_source=f15ef5ad,
5674879063,Energy Markets Analyst - Fixed Term,ICF,"New Delhi, Delhi",,,INR,"Energy, Oil & Gas Jobs",,2026-03-22T09:33:50Z,2026-08-02T07:29:53.930894+00:00,business analyst,Delhi,https://www.adzuna.in/details/5674879063?utm_medium=api&utm_source=f15ef5ad,
5675800764,"Lead - UX Research / Analytics (Customer Experience,App/Web To",Talent Pro,"Pune, Maharashtra",3000000.0,4500000.0,INR,IT Jobs,,2026-03-23T11:34:57Z,2026-08-02T07:29:53.930894+00:00,data analyst,Pune,https://www.adzuna.in/details/5675800764?utm_medium=api&utm_source=f15ef5ad,
5677793273,Behavioral Insights Researcher â Consumer Products,Talent Pro,"Pune, Maharashtra",1700000.0,1800000.0,INR,IT Jobs,,2026-03-25T11:35:24Z,2026-08-02T07:29:53.930894+00:00,data analyst,Pune,https://www.adzuna.in/details/5677793273?utm_medium=api&utm_source=f15ef5ad,
5679449727,Staff Salesforce Business Analyst,TriNet,"Hyderabad, Telangana",,,INR,IT Jobs,,2026-03-27T01:52:59Z,2026-08-02T07:29:53.930894+00:00,business analyst,Hyderabad,https://www.adzuna.in/details/5679449727?utm_medium=api&utm_source=f15ef5ad,
5679593296,Product- Growth,Kotak Mahindra Bank,"Mumbai, Maharashtra",,,INR,IT Jobs,,2026-03-27T02:03:05Z,2026-08-02T07:29:53.930894+00:00,data analyst,Mumbai,https://www.adzuna.in/details/5679593296?utm_medium=api&utm_source=f15ef5ad,
5679968331,SAP FI Principal Business Analyst,MiniMed,"Pune, Maharashtra",,,INR,Accounting & Finance Jobs,,2026-03-27T09:41:58Z,2026-08-02T07:29:53.930894+00:00,business analyst,Pune,https://www.adzuna.in/details/5679968331?utm_medium=api&utm_source=f15ef5ad,SAP
5681009000,Data Analyst,Wissen Technology,"Bangalore, Karnataka",,,INR,IT Jobs,,2026-03-28T11:28:26Z,2026-08-02T07:29:53.930894+00:00,data analyst,Bangalore,https://www.adzuna.in/details/5681009000?utm_medium=api&utm_source=f15ef5ad,BigQuery|NumPy|Pandas|Python|SQL
5681665491,Senior Analyst - Clinical Data Abstraction,MRO Careers,"Sasanenagar, Pune",,,INR,Healthcare & Nursing Jobs,,2026-03-29T02:12:08Z,2026-08-02T07:29:53.930894+00:00,data analyst,Pune,https://www.adzuna.in/details/5681665491?utm_medium=api&utm_source=f15ef5ad,
5684977522,Business Analyst,Risosu Consulting LLP,"Mumbai, Maharashtra",300000.0,600000.0,INR,IT Jobs,,2026-04-01T11:39:35Z,2026-08-02T07:29:53.930894+00:00,business analyst,Mumbai,https://www.adzuna.in/details/5684977522?utm_medium=api&utm_source=f15ef5ad,
5686224076,Business Analyst,Bill Gosling Outsourcing,"Bangalore, Karnataka",,,INR,IT Jobs,,2026-04-02T02:08:54Z,2026-08-02T07:29:53.930894+00:00,business analyst,Bangalore,https://www.adzuna.in/details/5686224076?utm_medium=api&utm_source=f15ef5ad,
5687836564,Senior Data Analyst,Thomson Reuters,"Bangalore, Karnataka",,,INR,IT Jobs,,2026-04-03T02:09:03Z,2026-08-02T07:29:53.930894+00:00,data analyst,Bangalore,https://www.adzuna.in/details/5687836564?utm_medium=api&utm_source=f15ef5ad,
5688254808,NAS Impl ICE Business Analyst Pune_Lyric 167495,ADP,"Pune, Maharashtra",,,INR,IT Jobs,,2026-04-03T09:36:45Z,2026-08-02T07:29:53.930894+00:00,business analyst,Pune,https://www.adzuna.in/details/5688254808?utm_medium=api&utm_source=f15ef5ad,
5693922088,Business Analyst,PIPEx,"Mumbai, Maharashtra",,,INR,IT Jobs,,2026-04-09T05:38:35Z,2026-08-02T07:29:53.930894+00:00,business analyst,Mumbai,https://www.adzuna.in/details/5693922088?utm_medium=api&utm_source=f15ef5ad,
5694722861,Azure Data Engineer,EXL,"Pune, Maharashtra",,,INR,IT Jobs,,2026-04-10T01:46:29Z,2026-08-02T07:29:53.930894+00:00,data analyst,Pune,https://www.adzuna.in/details/5694722861?utm_medium=api&utm_source=f15ef5ad,Azure|ETL|SQL|Spark
5695000271,Data BA ( Business Analytics ),Capgemini,"Mumbai, Maharashtra",,,INR,IT Jobs,,2026-04-10T05:29:41Z,2026-08-02T07:29:53.930894+00:00,data analyst,Mumbai,https://www.adzuna.in/details/5695000271?utm_medium=api&utm_source=f15ef5ad,
5696971893,IT Risk and Security Engineer (Data Analyst),DTCC,"Hyderabad, Telangana",,,INR,IT Jobs,,2026-04-12T02:11:13Z,2026-08-02T07:29:53.930894+00:00,data analyst,Hyderabad,https://www.adzuna.in/details/5696971893?utm_medium=api&utm_source=f15ef5ad,
5697250993,SAP OTC Senior Business Analyst,MiniMed,"Pune, Maharashtra",,,INR,IT Jobs,,2026-04-12T09:42:59Z,2026-08-02T07:29:53.930894+00:00,business analyst,Pune,https://www.adzuna.in/details/5697250993?utm_medium=api&utm_source=f15ef5ad,SAP
5699054404,Lead Research Analyst - Global Capability Centers (GCC),Avasant,"Delhi, India",,,INR,Consultancy Jobs,,2026-04-14T19:27:51Z,2026-08-02T07:29:53.930894+00:00,data analyst,Delhi,https://www.adzuna.in/details/5699054404?utm_medium=api&utm_source=f15ef5ad,
5700497169,Data Analyst Fintech,EXL,"Bangalore, Karnataka",,,INR,IT Jobs,,2026-04-16T01:58:39Z,2026-08-02T07:29:53.930894+00:00,data analyst,Bangalore,https://www.adzuna.in/details/5700497169?utm_medium=api&utm_source=f15ef5ad,
5700561679,Azure Data Engineer,EXL,"Hyderabad, Telangana",,,INR,IT Jobs,,2026-04-16T02:06:33Z,2026-08-02T07:29:53.930894+00:00,data analyst,Hyderabad,https://www.adzuna.in/details/5700561679?utm_medium=api&utm_source=f15ef5ad,Azure|ETL|SQL|Snowflake|dbt
5700726186,Manager - Customer Interaction Suite,Tata Communications,"Pune, Maharashtra",,,INR,IT Jobs,,2026-04-16T05:32:34Z,2026-08-02T07:29:53.930894+00:00,data analyst,Pune,https://www.adzuna.in/details/5700726186?utm_medium=api&utm_source=f15ef5ad,
5701748927,Content Analyst,AlphaSense,"Delhi, India",,,INR,IT Jobs,,2026-04-17T02:00:23Z,2026-08-02T07:29:53.930894+00:00,data analyst,Delhi,https://www.adzuna.in/details/5701748927?utm_medium=api&utm_source=f15ef5ad,
5703292376,IND Senior Business Analyst,The Hartford,"Hyderabad, Telangana",,,INR,IT Jobs,,2026-04-18T09:43:03Z,2026-08-02T07:29:53.930894+00:00,business analyst,Hyderabad,https://www.adzuna.in/details/5703292376?utm_medium=api&utm_source=f15ef5ad,
5704062099,Business Analyst-Cloud,Fiserv,"Bangalore, Karnataka",,,INR,IT Jobs,,2026-04-19T05:33:55Z,2026-08-02T07:29:53.930894+00:00,business analyst,Bangalore,https://www.adzuna.in/details/5704062099?utm_medium=api&utm_source=f15ef5ad,
5706462425,Data Analyst,Cytiva Life Science,"Bangalore, Karnataka",,,INR,IT Jobs,,2026-04-22T01:59:28Z,2026-08-02T07:29:53.930894+00:00,data analyst,Bangalore,https://www.adzuna.in/details/5706462425?utm_medium=api&utm_source=f15ef5ad,
5706890415,Support Analyst - Data Entry - Fresher,Assentcode Technologies Private Limited,"Hyderabad, Telangana",200000.0,300000.0,INR,IT Jobs,,2026-04-22T11:49:41Z,2026-08-02T07:29:53.930894+00:00,data analyst,Hyderabad,https://www.adzuna.in/details/5706890415?utm_medium=api&utm_source=f15ef5ad,Excel
5706910128,MIS Executive,Hunarstreet Technologies Pvt Ltd,"Mumbai, Maharashtra",250000.0,300000.0,INR,IT Jobs,,2026-04-22T11:53:36Z,2026-08-02T07:29:53.930894+00:00,data analyst,Mumbai,https://www.adzuna.in/details/5706910128?utm_medium=api&utm_source=f15ef5ad,
5707433221,Sr. Data Analyst| Mumbai,CSB Bank,"Mumbai, Maharashtra",,,INR,IT Jobs,,2026-04-23T01:55:53Z,2026-08-02T07:29:53.930894+00:00,data analyst,Mumbai,https://www.adzuna.in/details/5707433221?utm_medium=api&utm_source=f15ef5ad,ETL|Machine Learning
5707557917,CRM & Data Systems Analyst,Rizzle,"Hyderabad, Telangana",,,INR,IT Jobs,,2026-04-23T02:10:20Z,2026-08-02T07:29:53.930894+00:00,data analyst,Hyderabad,https://www.adzuna.in/details/5707557917?utm_medium=api&utm_source=f15ef5ad,
5708032938,Business Consulting Analyst,1HResource Solutions,"Mumbai, Maharashtra",500000.0,700000.0,INR,Engineering Jobs,,2026-04-23T11:51:00Z,2026-08-02T07:29:53.930894+00:00,business analyst,Mumbai,https://www.adzuna.in/details/5708032938?utm_medium=api&utm_source=f15ef5ad,
5708636009,Business Analyst,LT-Larsen & Toubro,"Powai Iit, Mumbai",600000.0,1800000.0,INR,IT Jobs,,2026-04-24T02:09:04Z,2026-08-02T07:29:53.930894+00:00,business analyst,Mumbai,https://www.adzuna.in/details/5708636009?utm_medium=api&utm_source=f15ef5ad,Power BI
5708800607,Consultant | Business Analyst| Mumbai location,National Institute,"Mumbai, Maharashtra",,,INR,IT Jobs,contract,2026-04-24T05:38:41Z,2026-08-02T07:29:53.930894+00:00,business analyst,Mumbai,https://www.adzuna.in/details/5708800607?utm_medium=api&utm_source=f15ef5ad,
5709056831,Data Integration Analyst,SAS,"Pune, Maharashtra",,,INR,IT Jobs,,2026-04-24T09:19:34Z,2026-08-02T07:29:53.930894+00:00,data analyst,Pune,https://www.adzuna.in/details/5709056831?utm_medium=api&utm_source=f15ef5ad,
5709135343,Business Analyst,Wissen Technology,"Pune, Maharashtra",,,INR,IT Jobs,,2026-04-24T11:46:16Z,2026-08-02T07:29:53.930894+00:00,business analyst,Pune,https://www.adzuna.in/details/5709135343?utm_medium=api&utm_source=f15ef5ad,
5709664421,Senior Data Analyst,Flexera Software,"Bangalore, Karnataka",,,INR,IT Jobs,,2026-04-25T02:14:15Z,2026-08-02T07:29:53.930894+00:00,data analyst,Bangalore,https://www.adzuna.in/details/5709664421?utm_medium=api&utm_source=f15ef5ad,
5710023380,Team Lead - Regulatory & Sectoral Strategy,ICF,"New Delhi, Delhi",,,INR,"Energy, Oil & Gas Jobs",,2026-04-25T09:49:22Z,2026-08-02T07:29:53.930894+00:00,business analyst,Delhi,https://www.adzuna.in/details/5710023380?utm_medium=api&utm_source=f15ef5ad,
5710497456,Senior Data Analyst,Hevo Data,"Bangalore, Karnataka",,,INR,IT Jobs,,2026-04-26T02:01:30Z,2026-08-02T07:29:53.930894+00:00,data analyst,Bangalore,https://www.adzuna.in/details/5710497456?utm_medium=api&utm_source=f15ef5ad,
5710608933,Senior Data Analyst,Flexera Software,"Bangalore, Karnataka",,,INR,IT Jobs,,2026-04-26T02:17:51Z,2026-08-02T07:29:53.930894+00:00,data analyst,Bangalore,https://www.adzuna.in/details/5710608933?utm_medium=api&utm_source=f15ef5ad,
5710620693,Senior AI Business Analyst,In Touch,"Hyderabad, Telangana",,,INR,IT Jobs,,2026-04-26T02:19:02Z,2026-08-02T07:29:53.930894+00:00,business analyst,Hyderabad,https://www.adzuna.in/details/5710620693?utm_medium=api&utm_source=f15ef5ad,BigQuery
5713352134,KYC Data Metrics Analyst,Citigroup,"Mumbai, Maharashtra",,,INR,Accounting & Finance Jobs,,2026-04-29T09:46:45Z,2026-08-02T07:29:53.930894+00:00,data analyst,Mumbai,https://www.adzuna.in/details/5713352134?utm_medium=api&utm_source=f15ef5ad,
5713881225,Senior - Data Analyst,BSR & Co,"Mumbai, Maharashtra",,,INR,IT Jobs,,2026-04-30T02:10:13Z,2026-08-02T07:29:53.930894+00:00,data analyst,Mumbai,https://www.adzuna.in/details/5713881225?utm_medium=api&utm_source=f15ef5ad,
5713886430,Senior Business Analyst,Computershare,"Bangalore, Karnataka",,,INR,IT Jobs,contract,2026-04-30T02:15:23Z,2026-08-02T07:29:53.930894+00:00,business analyst,Bangalore,https://www.adzuna.in/details/5713886430?utm_medium=api&utm_source=f15ef5ad,
5714258922,Maximo: Business Analyst,ThermoFisher Scientific,"Bangalore, Karnataka",,,INR,IT Jobs,,2026-04-30T09:54:47Z,2026-08-02T07:29:53.930894+00:00,business analyst,Bangalore,https://www.adzuna.in/details/5714258922?utm_medium=api&utm_source=f15ef5ad,
5714822288,Business Analyst - Platform Soutions,WorldQuant,"Mumbai, Maharashtra",,,INR,Accounting & Finance Jobs,,2026-05-01T02:18:16Z,2026-08-02T07:29:53.930894+00:00,business analyst,Mumbai,https://www.adzuna.in/details/5714822288?utm_medium=api&utm_source=f15ef5ad,
5714939450,DE&A - Core - Advanced Data Engineering - Business Analyst,Zensar,"Pune, Maharashtra",,,INR,IT Jobs,,2026-05-01T05:40:56Z,2026-08-02T07:29:53.930894+00:00,data analyst,Pune,https://www.adzuna.in/details/5714939450?utm_medium=api&utm_source=f15ef5ad,Airflow|NumPy|Pandas|Python|SQL|Scikit-learn|Spark|Tableau
5715478790,Data Analyst,Tap Invest,"Bangalore, Karnataka",300000.0,500000.0,INR,IT Jobs,,2026-05-01T11:45:52Z,2026-08-02T07:29:53.930894+00:00,data analyst,Bangalore,https://www.adzuna.in/details/5715478790?utm_medium=api&utm_source=f15ef5ad,
5719113831,Principal Data Analyst,Albertsons Companies India,"Bangalore, Karnataka",,,INR,IT Jobs,,2026-05-05T10:08:47Z,2026-08-02T07:29:53.930894+00:00,data analyst,Bangalore,https://www.adzuna.in/details/5719113831?utm_medium=api&utm_source=f15ef5ad,
5719182260,Business Analyst,Redfoxa Careerlink Pvt Ltd,"Bangalore, Karnataka",400000.0,450000.0,INR,IT Jobs,,2026-05-05T12:11:01Z,2026-08-02T07:29:53.930894+00:00,business analyst,Bangalore,https://www.adzuna.in/details/5719182260?utm_medium=api&utm_source=f15ef5ad,
5720775966,Analyst - Clinical Data Abstraction,MRO Careers,"Sasanenagar, Pune",,,INR,Scientific & QA Jobs,,2026-05-07T02:03:03Z,2026-08-02T07:29:53.930894+00:00,data analyst,Pune,https://www.adzuna.in/details/5720775966?utm_medium=api&utm_source=f15ef5ad,
5721222212,Senior Data Analyst,TJX India,"Hyderabad, Telangana",,,INR,Accounting & Finance Jobs,,2026-05-07T09:55:11Z,2026-08-02T07:29:53.930894+00:00,data analyst,Hyderabad,https://www.adzuna.in/details/5721222212?utm_medium=api&utm_source=f15ef5ad,
5721961285,Business Analyst,Black Duck Software,"Bangalore, Karnataka",,,INR,IT Jobs,,2026-05-08T01:58:15Z,2026-08-02T07:29:53.930894+00:00,business analyst,Bangalore,https://www.adzuna.in/details/5721961285?utm_medium=api&utm_source=f15ef5ad,
5722540696,Senior Business Analyst,Consilio,"Bangalore, Karnataka",,,INR,IT Jobs,,2026-05-08T09:48:22Z,2026-08-02T07:29:53.930894+00:00,business analyst,Bangalore,https://www.adzuna.in/details/5722540696?utm_medium=api&utm_source=f15ef5ad,
5723833325,Data Storage & Warehousing Senior Analyst,Inspire Brands Hyderabad Support Center,"Hyderabad, Telangana",,,INR,IT Jobs,,2026-05-09T09:55:58Z,2026-08-02T07:29:53.930894+00:00,data analyst,Hyderabad,https://www.adzuna.in/details/5723833325?utm_medium=api&utm_source=f15ef5ad,
5724867600,Geospatial Physical Risk - AI Data Operations Analyst,MSCI Inc.,"Goregaon East, Mumbai",,,INR,IT Jobs,,2026-05-10T09:49:54Z,2026-08-02T07:29:53.930894+00:00,data analyst,Mumbai,https://www.adzuna.in/details/5724867600?utm_medium=api&utm_source=f15ef5ad,
5724954859,Business Analyst,ADCI - BLR 14 SEZ - F07,"Bangalore, Karnataka",,,INR,IT Jobs,,2026-05-10T12:10:15Z,2026-08-02T07:29:53.930894+00:00,business analyst,Bangalore,https://www.adzuna.in/details/5724954859?utm_medium=api&utm_source=f15ef5ad,
5725582395,Business Analyst,Amazon,"Bangalore, Karnataka",,,INR,IT Jobs,,2026-05-11T09:57:59Z,2026-08-02T07:29:53.930894+00:00,business analyst,Bangalore,https://www.adzuna.in/details/5725582395?utm_medium=api&utm_source=f15ef5ad,
5726293485,Senior Business Analyst,Coforge,"Bangalore, Karnataka",,,INR,IT Jobs,,2026-05-12T05:45:41Z,2026-08-02T07:29:53.930894+00:00,business analyst,Bangalore,https://www.adzuna.in/details/5726293485?utm_medium=api&utm_source=f15ef5ad,
5726293487,Business Analyst,Idexcel,"Hyderabad, Telangana",,,INR,IT Jobs,,2026-05-12T05:45:41Z,2026-08-02T07:29:53.930894+00:00,business analyst,Hyderabad,https://www.adzuna.in/details/5726293487?utm_medium=api&utm_source=f15ef5ad,
5726293528,Senior Data Lead,Orbitouch Outsourcing,"Delhi, India",,,INR,IT Jobs,,2026-05-12T05:45:41Z,2026-08-02T07:29:53.930894+00:00,business analyst,Delhi,https://www.adzuna.in/details/5726293528?utm_medium=api&utm_source=f15ef5ad,
5726293535,Data Analyst,Leading Client,"Hyderabad, Telangana",,,INR,IT Jobs,,2026-05-12T05:45:42Z,2026-08-02T07:29:53.930894+00:00,data analyst,Hyderabad,https://www.adzuna.in/details/5726293535?utm_medium=api&utm_source=f15ef5ad,ETL|SQL|Snowflake
5727082142,Business Analyst,MM Staffing & Career Consultants,"Bangalore, Karnataka",,,INR,IT Jobs,,2026-05-13T01:56:32Z,2026-08-02T07:29:53.930894+00:00,business analyst,Bangalore,https://www.adzuna.in/details/5727082142?utm_medium=api&utm_source=f15ef5ad,
5727086142,Kotak Mahindra Bank/ Data Anayltics/ Mumbai,Acura Solution,"Mumbai, Maharashtra",,,INR,IT Jobs,,2026-05-13T01:57:19Z,2026-08-02T07:29:53.930894+00:00,data analyst,Mumbai,https://www.adzuna.in/details/5727086142?utm_medium=api&utm_source=f15ef5ad,Machine Learning
5727094143,"Asst. Manager/ Manager- Business Analyst-MIS, Andheri, Mumbai",Talent Leads Consultants,"Mumbai, Maharashtra",,,INR,Other/General Jobs,,2026-05-13T01:58:41Z,2026-08-02T07:29:53.930894+00:00,business analyst,Mumbai,https://www.adzuna.in/details/5727094143?utm_medium=api&utm_source=f15ef5ad,
5727098564,Business Analyst,Acura Solution,"Mumbai, Maharashtra",,,INR,IT Jobs,,2026-05-13T01:59:31Z,2026-08-02T07:29:53.930894+00:00,business analyst,Mumbai,https://www.adzuna.in/details/5727098564?utm_medium=api&utm_source=f15ef5ad,
5727114831,Business Analyst,Right Advisors,"Bangalore, Karnataka",,,INR,IT Jobs,,2026-05-13T02:02:07Z,2026-08-02T07:29:53.930894+00:00,business analyst,Bangalore,https://www.adzuna.in/details/5727114831?utm_medium=api&utm_source=f15ef5ad,
5727127361,Reporting Analytics,Acura Solution,"Mumbai, Maharashtra",,,INR,IT Jobs,,2026-05-13T02:03:21Z,2026-08-02T07:29:53.930894+00:00,data analyst,Mumbai,https://www.adzuna.in/details/5727127361?utm_medium=api&utm_source=f15ef5ad,Excel|Power BI|Python|R|SQL|Tableau
5727128227,Business Analyst|Delhi-NCR,DC Consultants,"Delhi, India",,,INR,Consultancy Jobs,,2026-05-13T02:03:27Z,2026-08-02T07:29:53.930894+00:00,business analyst,Delhi,https://www.adzuna.in/details/5727128227?utm_medium=api&utm_source=f15ef5ad,Excel
5727129996,Manager Talend Developer (Qlik Replicate),Mancraft Consulting,"Delhi, India",,,INR,IT Jobs,,2026-05-13T02:03:38Z,2026-08-02T07:29:53.930894+00:00,data analyst,Delhi,https://www.adzuna.in/details/5727129996?utm_medium=api&utm_source=f15ef5ad,ETL|SQL
5727134296,Business Analyst,Acura Solution,"Delhi, India",,,INR,IT Jobs,,2026-05-13T02:04:00Z,2026-08-02T07:29:53.930894+00:00,data analyst,Delhi,https://www.adzuna.in/details/5727134296?utm_medium=api&utm_source=f15ef5ad,
5727138051,Vacancy for Business Analyst,PS Human Resources and Consultants,"Pune, Maharashtra",,,INR,IT Jobs,,2026-05-13T02:04:17Z,2026-08-02T07:29:53.930894+00:00,business analyst,Pune,https://www.adzuna.in/details/5727138051?utm_medium=api&utm_source=f15ef5ad,
5727141126,Forensic Data Analyst - Leading Company,Acura Solution,"Delhi, India",,,INR,IT Jobs,,2026-05-13T02:04:33Z,2026-08-02T07:29:53.930894+00:00,data analyst,Delhi,https://www.adzuna.in/details/5727141126?utm_medium=api&utm_source=f15ef5ad,
5727141463,Senior Technology Business Analyst,Talent Leads Consultants,"Mumbai, Maharashtra",,,INR,IT Jobs,,2026-05-13T02:04:34Z,2026-08-02T07:29:53.930894+00:00,business analyst,Mumbai,https://www.adzuna.in/details/5727141463?utm_medium=api&utm_source=f15ef5ad,
5727156129,Analyst /Sr. Analyst/Asst. Manager,RECEX,"Delhi, India",,,INR,Healthcare & Nursing Jobs,,2026-05-13T02:05:49Z,2026-08-02T07:29:53.930894+00:00,data analyst,Delhi,https://www.adzuna.in/details/5727156129?utm_medium=api&utm_source=f15ef5ad,
5727156680,Business Analysts for a broadband co. based at Mumbai,Talent Leads Consultants,"Mumbai, Maharashtra",,,INR,Other/General Jobs,,2026-05-13T02:05:52Z,2026-08-02T07:29:53.930894+00:00,business analyst,Mumbai,https://www.adzuna.in/details/5727156680?utm_medium=api&utm_source=f15ef5ad,
5727166575,Hiring for Leading Companies /Customer Experience Lead,Acura Solution,"Mumbai, Maharashtra",,,INR,Customer Services Jobs,,2026-05-13T02:06:44Z,2026-08-02T07:29:53.930894+00:00,data analyst,Mumbai,https://www.adzuna.in/details/5727166575?utm_medium=api&utm_source=f15ef5ad,
5727182045,Zonal Business Analyst,Acura Solution,"Mumbai, Maharashtra",,,INR,IT Jobs,,2026-05-13T02:08:09Z,2026-08-02T07:29:53.930894+00:00,business analyst,Mumbai,https://www.adzuna.in/details/5727182045?utm_medium=api&utm_source=f15ef5ad,Statistics
5727200556,Strategy Head- Mumbai,Acura Solution,"Mumbai, Maharashtra",,,INR,IT Jobs,,2026-05-13T02:09:58Z,2026-08-02T07:29:53.930894+00:00,data analyst,Mumbai,https://www.adzuna.in/details/5727200556?utm_medium=api&utm_source=f15ef5ad,
5727220321,Hiring for Leading companies - Sr. Business Analyst,Acura Solution,"Delhi, India",,,INR,IT Jobs,,2026-05-13T02:11:41Z,2026-08-02T07:29:53.930894+00:00,business analyst,Delhi,https://www.adzuna.in/details/5727220321?utm_medium=api&utm_source=f15ef5ad,
5727222036,Business Analyst & MIS,Mumbai Rozgaar,"Mumbai, Maharashtra",,,INR,Accounting & Finance Jobs,,2026-05-13T02:11:50Z,2026-08-02T07:29:53.930894+00:00,business analyst,Mumbai,https://www.adzuna.in/details/5727222036?utm_medium=api&utm_source=f15ef5ad,
5727228063,Business Process Analyst,Highrise Solutions LLP,"Pune, Maharashtra",,,INR,IT Jobs,,2026-05-13T02:12:24Z,2026-08-02T07:29:53.930894+00:00,business analyst,Pune,https://www.adzuna.in/details/5727228063?utm_medium=api&utm_source=f15ef5ad,
5727228117,Business Analyst – Digital business - Manager - Call Center- Mumbai,Talent Leads Consultants,"Mumbai, Maharashtra",,,INR,Customer Services Jobs,,2026-05-13T02:12:24Z,2026-08-02T07:29:53.930894+00:00,business analyst,Mumbai,https://www.adzuna.in/details/5727228117?utm_medium=api&utm_source=f15ef5ad,
5727248050,Hiring for leading companies - Sales Data Analyst,Acura Solution,"Mumbai, Maharashtra",,,INR,Sales Jobs,,2026-05-13T02:14:17Z,2026-08-02T07:29:53.930894+00:00,data analyst,Mumbai,https://www.adzuna.in/details/5727248050?utm_medium=api&utm_source=f15ef5ad,Excel
5727264729,Data Analyst,Acura Solution,"Mumbai, Maharashtra",,,INR,IT Jobs,,2026-05-13T02:15:44Z,2026-08-02T07:29:53.930894+00:00,data analyst,Mumbai,https://www.adzuna.in/details/5727264729?utm_medium=api&utm_source=f15ef5ad,Power BI|Python|SQL|Tableau
5727690097,Data Architect Sr. Analyst Job Details | Black & Veatch Family of Companies,Black & Veatch,"Pune, Maharashtra",,,INR,IT Jobs,,2026-05-13T09:58:56Z,2026-08-02T07:29:53.930894+00:00,data analyst,Pune,https://www.adzuna.in/details/5727690097?utm_medium=api&utm_source=f15ef5ad,
5728141113,"Investment Data, Associate (Capital Market)- B2B Saas Fintech",Landytech,"Baner, Pune",,,INR,IT Jobs,,2026-05-13T21:38:32Z,2026-08-02T07:29:53.930894+00:00,data analyst,Pune,https://www.adzuna.in/details/5728141113?utm_medium=api&utm_source=f15ef5ad,
5728249950,Sr. Business Analyst,Talentone HR Consulting LLP,"Pune, Maharashtra",,,INR,IT Jobs,,2026-05-14T01:58:25Z,2026-08-02T07:29:53.930894+00:00,business analyst,Pune,https://www.adzuna.in/details/5728249950?utm_medium=api&utm_source=f15ef5ad,
5728269508,Technical Business Analyst,MM Staffing & Career Consultants,"Bangalore, Karnataka",,,INR,IT Jobs,contract,2026-05-14T02:06:09Z,2026-08-02T07:29:53.930894+00:00,business analyst,Bangalore,https://www.adzuna.in/details/5728269508?utm_medium=api&utm_source=f15ef5ad,
5728284180,Senior Business Analyst,Mantras2Success,"Mumbai, Maharashtra",,,INR,IT Jobs,,2026-05-14T02:10:19Z,2026-08-02T07:29:53.930894+00:00,business analyst,Mumbai,https://www.adzuna.in/details/5728284180?utm_medium=api&utm_source=f15ef5ad,
5728328959,Business Analyst,Acura Solution,"Mumbai, Maharashtra",,,INR,IT Jobs,,2026-05-14T02:17:22Z,2026-08-02T07:29:53.930894+00:00,business analyst,Mumbai,https://www.adzuna.in/details/5728328959?utm_medium=api&utm_source=f15ef5ad,
5728339319,Business Analyst,MM Staffing & Career Consultants,"Bangalore, Karnataka",,,INR,IT Jobs,contract,2026-05-14T02:18:27Z,2026-08-02T07:29:53.930894+00:00,business analyst,Bangalore,https://www.adzuna.in/details/5728339319?utm_medium=api&utm_source=f15ef5ad,
5728375612,DGM / GM - Business Analyst -Project Management Office to Business Head,Talent Leads Consultants,"Mumbai, Maharashtra",,,INR,IT Jobs,,2026-05-14T02:22:08Z,2026-08-02T07:29:53.930894+00:00,business analyst,Mumbai,https://www.adzuna.in/details/5728375612?utm_medium=api&utm_source=f15ef5ad,
5728384553,TechnoFunctional SME (Business Analyst),Mancraft Consulting,"Mumbai, Maharashtra",,,INR,IT Jobs,,2026-05-14T02:22:54Z,2026-08-02T07:29:53.930894+00:00,business analyst,Mumbai,https://www.adzuna.in/details/5728384553?utm_medium=api&utm_source=f15ef5ad,Power BI
5728412938,Business Analyst,Acura Solution,"Delhi, India",,,INR,IT Jobs,,2026-05-14T02:25:13Z,2026-08-02T07:29:53.930894+00:00,business analyst,Delhi,https://www.adzuna.in/details/5728412938?utm_medium=api&utm_source=f15ef5ad,Excel
5728415437,Business Systems Analyst,Fastly,"Pune, Maharashtra",,,INR,IT Jobs,,2026-05-14T02:25:25Z,2026-08-02T07:29:53.930894+00:00,business analyst,Pune,https://www.adzuna.in/details/5728415437?utm_medium=api&utm_source=f15ef5ad,
5728422548,Data Analyst,MM Staffing & Career Consultants,"Mumbai, Maharashtra",,,INR,IT Jobs,,2026-05-14T02:26:01Z,2026-08-02T07:29:53.930894+00:00,data analyst,Mumbai,https://www.adzuna.in/details/5728422548?utm_medium=api&utm_source=f15ef5ad,Excel|Tableau|VBA
5728459031,Data Analyst - Business,Plum Benefits,"Bangalore, Karnataka",,,INR,IT Jobs,,2026-05-14T02:28:47Z,2026-08-02T07:29:53.930894+00:00,data analyst,Bangalore,https://www.adzuna.in/details/5728459031?utm_medium=api&utm_source=f15ef5ad,
5728461019,Hiring for Leading Companies / Business Analyst - Derivatives,Acura Solution,"Mumbai, Maharashtra",,,INR,IT Jobs,,2026-05-14T02:29:08Z,2026-08-02T07:29:53.930894+00:00,business analyst,Mumbai,https://www.adzuna.in/details/5728461019?utm_medium=api&utm_source=f15ef5ad,
5728831245,Validation Engineer,AGCO Corporation,"Pune, Maharashtra",,,INR,Engineering Jobs,,2026-05-14T09:59:33Z,2026-08-02T07:29:53.930894+00:00,data analyst,Pune,https://www.adzuna.in/details/5728831245?utm_medium=api&utm_source=f15ef5ad,
5729594953,Business Analyst P&C Insurance,Brillminds Global,"Pune, Maharashtra",,,INR,IT Jobs,,2026-05-15T02:06:06Z,2026-08-02T07:29:53.930894+00:00,business analyst,Pune,https://www.adzuna.in/details/5729594953?utm_medium=api&utm_source=f15ef5ad,
5729733840,Business Analyst,Right Advisors,"Bangalore, Karnataka",,,INR,IT Jobs,,2026-05-15T02:22:35Z,2026-08-02T07:29:53.930894+00:00,business analyst,Bangalore,https://www.adzuna.in/details/5729733840?utm_medium=api&utm_source=f15ef5ad,
5730677001,Business Analyst,RECEX,"Mumbai, Maharashtra",,,INR,IT Jobs,,2026-05-16T02:13:06Z,2026-08-02T07:29:53.930894+00:00,business analyst,Mumbai,https://www.adzuna.in/details/5730677001?utm_medium=api&utm_source=f15ef5ad,
5730849721,Data Analyst/ Data Modeler,Capgemini,"Hyderabad, Telangana",,,INR,IT Jobs,,2026-05-16T05:48:43Z,2026-08-02T07:29:53.930894+00:00,data analyst,Hyderabad,https://www.adzuna.in/details/5730849721?utm_medium=api&utm_source=f15ef5ad,Machine Learning
5731684741,Senior Analyst - Clinical Data Abstraction,MRO Careers,"Sasanenagar, Pune",,,INR,Scientific & QA Jobs,,2026-05-17T02:07:38Z,2026-08-02T07:29:53.930894+00:00,data analyst,Pune,https://www.adzuna.in/details/5731684741?utm_medium=api&utm_source=f15ef5ad,
5731715335,Manager - Qlik Sense Developer,Mancraft Consulting,"Delhi, India",,,INR,IT Jobs,,2026-05-17T02:11:51Z,2026-08-02T07:29:53.930894+00:00,business analyst,Delhi,https://www.adzuna.in/details/5731715335?utm_medium=api&utm_source=f15ef5ad,
5731716891,Technical Business Analyst | Genesys,Highrise Solutions LLP,"Pune, Maharashtra",,,INR,IT Jobs,,2026-05-17T02:12:05Z,2026-08-02T07:29:53.930894+00:00,business analyst,Pune,https://www.adzuna.in/details/5731716891?utm_medium=api&utm_source=f15ef5ad,
5732146890,AVP- Data Analyst- Client Reporting,Citigroup,"Mumbai, Maharashtra",,,INR,Accounting & Finance Jobs,,2026-05-17T10:03:13Z,2026-08-02T07:29:53.930894+00:00,data analyst,Mumbai,https://www.adzuna.in/details/5732146890?utm_medium=api&utm_source=f15ef5ad,
5732553171,Data Analyst - Data Remediation - Mumbai,Capco,"Mumbai, Maharashtra",,,INR,IT Jobs,,2026-05-18T02:04:19Z,2026-08-02T07:29:53.930894+00:00,data analyst,Mumbai,https://www.adzuna.in/details/5732553171?utm_medium=api&utm_source=f15ef5ad,
5734585381,Data Analyst - Travel Domain,Tetrahed INC,"Hyderabad, Telangana",700000.0,1400000.0,INR,IT Jobs,permanent,2026-05-20T06:04:25Z,2026-08-02T07:29:53.930894+00:00,data analyst,Hyderabad,https://www.adzuna.in/details/5734585381?utm_medium=api&utm_source=f15ef5ad,Python|SQL
5734797269,"Business Analyst, Big Data Platform Services",CIBC India,"Hyderabad, Telangana",,,INR,IT Jobs,,2026-05-20T10:06:00Z,2026-08-02T07:29:53.930894+00:00,data analyst,Hyderabad,https://www.adzuna.in/details/5734797269?utm_medium=api&utm_source=f15ef5ad,
5734799342,Wealth Technology Lead Data Analyst - Vice President,Citigroup,"Pune, Maharashtra",,,INR,IT Jobs,,2026-05-20T10:07:13Z,2026-08-02T07:29:53.930894+00:00,data analyst,Pune,https://www.adzuna.in/details/5734799342?utm_medium=api&utm_source=f15ef5ad,
5735463452,Data Analyst,Digital Twin,"Pune, Maharashtra",,,INR,IT Jobs,,2026-05-21T02:12:34Z,2026-08-02T07:29:53.930894+00:00,data analyst,Pune,https://www.adzuna.in/details/5735463452?utm_medium=api&utm_source=f15ef5ad,
5735987206,Lead Business Analyst,FM India,"Bangalore, Karnataka",,,INR,IT Jobs,,2026-05-21T10:10:28Z,2026-08-02T07:29:53.930894+00:00,business analyst,Bangalore,https://www.adzuna.in/details/5735987206?utm_medium=api&utm_source=f15ef5ad,
5738016346,Senior - Business Analyst,BSR & Co,"Mumbai, Maharashtra",,,INR,IT Jobs,,2026-05-23T02:17:23Z,2026-08-02T07:29:53.930894+00:00,business analyst,Mumbai,https://www.adzuna.in/details/5738016346?utm_medium=api&utm_source=f15ef5ad,
5738530575,Data Scientist - Graph & Analystics,Wissen Technology,"Pune, Maharashtra",,,INR,IT Jobs,,2026-05-23T12:38:39Z,2026-08-02T07:29:53.930894+00:00,data analyst,Pune,https://www.adzuna.in/details/5738530575?utm_medium=api&utm_source=f15ef5ad,Machine Learning
5739067082,Business Analyst,GetixHealth,"Kenchanahalli, Bangalore",,,INR,Accounting & Finance Jobs,,2026-05-24T02:09:40Z,2026-08-02T07:29:53.930894+00:00,business analyst,Bangalore,https://www.adzuna.in/details/5739067082?utm_medium=api&utm_source=f15ef5ad,
5739138587,Opening for Data Analyst in Pharmaceutical company for BKC location,Talisman HR Solutions,"Mumbai, Maharashtra",,,INR,Scientific & QA Jobs,,2026-05-24T02:21:07Z,2026-08-02T07:29:53.930894+00:00,data analyst,Mumbai,https://www.adzuna.in/details/5739138587?utm_medium=api&utm_source=f15ef5ad,
5739449487,Staff data analyst,The Goodyear Tire & Rubber Company,"Hyderabad, Telangana",,,INR,IT Jobs,,2026-05-24T10:11:57Z,2026-08-02T07:29:53.930894+00:00,data analyst,Hyderabad,https://www.adzuna.in/details/5739449487?utm_medium=api&utm_source=f15ef5ad,
5741742808,Data Science and Data Analyst Trainer,Quastech Hiring For Quastech,"Mumbai, Maharashtra",,,INR,Teaching Jobs,,2026-05-27T06:12:55Z,2026-08-02T07:29:53.930894+00:00,data analyst,Mumbai,https://www.adzuna.in/details/5741742808?utm_medium=api&utm_source=f15ef5ad,Excel|Power BI|Python|SQL|Tableau
5743793110,Sr. Relationship Manager - Wealth - Delhi - Videocon Towers (9th Floor) - MM,Tata Capital,"Delhi, India",,,INR,Accounting & Finance Jobs,,2026-05-29T02:11:31Z,2026-08-02T07:29:53.930894+00:00,business analyst,Delhi,https://www.adzuna.in/details/5743793110?utm_medium=api&utm_source=f15ef5ad,
5744258755,Sr Data Management Analyst,Honeywell,"Pune, Maharashtra",,,INR,IT Jobs,,2026-05-29T10:13:17Z,2026-08-02T07:29:53.930894+00:00,data analyst,Pune,https://www.adzuna.in/details/5744258755?utm_medium=api&utm_source=f15ef5ad,ETL|SAP
5744258761,Sr Data Management Analyst,Honeywell,"Hyderabad, Telangana",,,INR,IT Jobs,,2026-05-29T10:13:17Z,2026-08-02T07:29:53.930894+00:00,data analyst,Hyderabad,https://www.adzuna.in/details/5744258761?utm_medium=api&utm_source=f15ef5ad,ETL|SAP
5744372202,"Business Analyst I, DPWI",ADCI HYD 20 SEZ,"Hyderabad, Telangana",,,INR,IT Jobs,,2026-05-29T12:46:18Z,2026-08-02T07:29:53.930894+00:00,business analyst,Hyderabad,https://www.adzuna.in/details/5744372202?utm_medium=api&utm_source=f15ef5ad,
5744868780,Data Analyst,Amicus India,"Bangalore, Karnataka",,,INR,IT Jobs,,2026-05-30T02:27:15Z,2026-08-02T07:29:53.930894+00:00,data analyst,Bangalore,https://www.adzuna.in/details/5744868780?utm_medium=api&utm_source=f15ef5ad,
5746176778,Technical Business Analyst (Payments),r3 Consultant,"Mumbai, Maharashtra",800000.0,900000.0,INR,IT Jobs,,2026-05-31T09:36:37Z,2026-08-02T07:29:53.930894+00:00,business analyst,Mumbai,https://www.adzuna.in/details/5746176778?utm_medium=api&utm_source=f15ef5ad,SQL
5746176825,"Business Analyst (1380,8601)",We Search,"Pune, Maharashtra",150000.0,153000.0,INR,IT Jobs,,2026-05-31T09:36:45Z,2026-08-02T07:29:53.930894+00:00,business analyst,Pune,https://www.adzuna.in/details/5746176825?utm_medium=api&utm_source=f15ef5ad,
5746204854,"Business Analyst I, DPWI",Amazon,"Hyderabad, Telangana",,,INR,IT Jobs,,2026-05-31T10:17:36Z,2026-08-02T07:29:53.930894+00:00,business analyst,Hyderabad,https://www.adzuna.in/details/5746204854?utm_medium=api&utm_source=f15ef5ad,
5747224248,Senior Data Analyst Top b2c product company only,Staffnixcom,"Pune, Maharashtra",3000000.0,3200000.0,INR,IT Jobs,,2026-06-01T12:52:10Z,2026-08-02T07:29:53.930894+00:00,data analyst,Pune,https://www.adzuna.in/details/5747224248?utm_medium=api&utm_source=f15ef5ad,Excel|Power BI|SQL|Statistics|Tableau
5748197379,Market Data Analyst,TRG Screen,"Bangalore, Karnataka",,,INR,IT Jobs,,2026-06-02T02:32:33Z,2026-08-02T07:29:53.930894+00:00,data analyst,Bangalore,https://www.adzuna.in/details/5748197379?utm_medium=api&utm_source=f15ef5ad,
5750260075,Business Analyst,NebuLogic Technologies,"Hyderabad, Telangana",800000.0,1200000.0,INR,IT Jobs,,2026-06-03T13:04:26Z,2026-08-02T07:29:53.930894+00:00,business analyst,Hyderabad,https://www.adzuna.in/details/5750260075?utm_medium=api&utm_source=f15ef5ad,
5751024668,"Urgent Hiring - Business Analyst - Pharma Industry - Mumbai Bandra, Bkc",Talisman HR Solutions,"Mumbai, Maharashtra",,,INR,IT Jobs,,2026-06-04T02:23:50Z,2026-08-02T07:29:53.930894+00:00,business analyst,Mumbai,https://www.adzuna.in/details/5751024668?utm_medium=api&utm_source=f15ef5ad,SQL
5751310243,KYC Analyst – Fund Management,VirtuHR,"Delhi, India",700000.0,1500000.0,INR,Accounting & Finance Jobs,permanent,2026-06-04T06:16:04Z,2026-08-02T07:29:53.930894+00:00,business analyst,Delhi,https://www.adzuna.in/details/5751310243?utm_medium=api&utm_source=f15ef5ad,
5752409723,Finance Business Analyst,H.B. Fuller,"Pune, Maharashtra",,,INR,Accounting & Finance Jobs,,2026-06-05T02:45:09Z,2026-08-02T07:29:53.930894+00:00,business analyst,Pune,https://www.adzuna.in/details/5752409723?utm_medium=api&utm_source=f15ef5ad,
5752767494,Business Analyst - PM/Scrum Master,People First Consultants,"Mumbai, Maharashtra",,,INR,IT Jobs,,2026-06-05T09:42:41Z,2026-08-02T07:29:53.930894+00:00,business analyst,Mumbai,https://www.adzuna.in/details/5752767494?utm_medium=api&utm_source=f15ef5ad,Excel
5752767498,Business Analyst - BFS,People First Consultants,"Bangalore, Karnataka",,,INR,IT Jobs,,2026-06-05T09:42:41Z,2026-08-02T07:29:53.930894+00:00,business analyst,Bangalore,https://www.adzuna.in/details/5752767498?utm_medium=api&utm_source=f15ef5ad,SQL
5753625695,Sr Associate Clinical master data management,Amgen,"Hyderabad, Telangana",,,INR,IT Jobs,,2026-06-06T02:29:44Z,2026-08-02T07:29:53.930894+00:00,data analyst,Hyderabad,https://www.adzuna.in/details/5753625695?utm_medium=api&utm_source=f15ef5ad,
5753748871,Senior Data Modeler,ALIQAN Technologies,"Delhi, India",,,INR,IT Jobs,,2026-06-06T05:57:40Z,2026-08-02T07:29:53.930894+00:00,data analyst,Delhi,https://www.adzuna.in/details/5753748871?utm_medium=api&utm_source=f15ef5ad,SQL|Snowflake
5753772530,Business Analyst / Senior Business Analyst,Flick Media Private Limited,"Bangalore, Karnataka",1800000.0,2400000.0,INR,IT Jobs,permanent,2026-06-06T06:12:01Z,2026-08-02T07:29:53.930894+00:00,business analyst,Bangalore,https://www.adzuna.in/details/5753772530?utm_medium=api&utm_source=f15ef5ad,
5754714080,Senior Data Analyst,Multiplier Technologies,"Bangalore, Karnataka",,,INR,IT Jobs,,2026-06-07T02:13:00Z,2026-08-02T07:29:53.930894+00:00,data analyst,Bangalore,https://www.adzuna.in/details/5754714080?utm_medium=api&utm_source=f15ef5ad,
5754809310,Data Analyst - Data Analysis and Methods Development (Digital Tire Diagnosis & TPMS),BMW TechWorks,"Pune, Maharashtra",,,INR,IT Jobs,,2026-06-07T02:24:39Z,2026-08-02T07:29:53.930894+00:00,data analyst,Pune,https://www.adzuna.in/details/5754809310?utm_medium=api&utm_source=f15ef5ad,
5754832051,Business Analyst,All Generation Tech,"Hyderabad, Telangana",,,INR,IT Jobs,,2026-06-07T02:27:30Z,2026-08-02T07:29:53.930894+00:00,business analyst,Hyderabad,https://www.adzuna.in/details/5754832051?utm_medium=api&utm_source=f15ef5ad,
5755107917,Sr Associate Clinical master data management,Amgen,"Hyderabad, Telangana",,,INR,IT Jobs,,2026-06-07T10:17:07Z,2026-08-02T07:29:53.930894+00:00,data analyst,Hyderabad,https://www.adzuna.in/details/5755107917?utm_medium=api&utm_source=f15ef5ad,
5755110284,MuleSoft Developer,"NTT America, Inc.","Delhi, India",,,INR,IT Jobs,,2026-06-07T10:19:34Z,2026-08-02T07:29:53.930894+00:00,business analyst,Delhi,https://www.adzuna.in/details/5755110284?utm_medium=api&utm_source=f15ef5ad,
5756753940,Senior Data Analyst,Capco,"Bangalore, Karnataka",,,INR,IT Jobs,,2026-06-09T06:50:37Z,2026-08-02T07:29:53.930894+00:00,data analyst,Bangalore,https://www.adzuna.in/details/5756753940?utm_medium=api&utm_source=f15ef5ad,Python
5756753998,Senior Data Analyst,Capco,"Pune, Maharashtra",,,INR,IT Jobs,,2026-06-09T06:50:40Z,2026-08-02T07:29:53.930894+00:00,data analyst,Pune,https://www.adzuna.in/details/5756753998?utm_medium=api&utm_source=f15ef5ad,
5756754002,Technical Business Analyst,Capco,"Pune, Maharashtra",,,INR,IT Jobs,,2026-06-09T06:50:40Z,2026-08-02T07:29:53.930894+00:00,data analyst,Pune,https://www.adzuna.in/details/5756754002?utm_medium=api&utm_source=f15ef5ad,
5756754120,Business Data Analyst,Capco,"Bangalore, Karnataka",,,INR,IT Jobs,,2026-06-09T06:50:51Z,2026-08-02T07:29:53.930894+00:00,data analyst,Bangalore,https://www.adzuna.in/details/5756754120?utm_medium=api&utm_source=f15ef5ad,
5756754121,Corporate Card Business Analyst,Capco,"Pune, Maharashtra",,,INR,Accounting & Finance Jobs,,2026-06-09T06:50:51Z,2026-08-02T07:29:53.930894+00:00,business analyst,Pune,https://www.adzuna.in/details/5756754121?utm_medium=api&utm_source=f15ef5ad,
5756754128,Senior Data Analyst,Capco,"Bangalore, Karnataka",,,INR,IT Jobs,,2026-06-09T06:50:51Z,2026-08-02T07:29:53.930894+00:00,data analyst,Bangalore,https://www.adzuna.in/details/5756754128?utm_medium=api&utm_source=f15ef5ad,Python
5756755616,Senior Data Research Analyst,Morningstar,"Mumbai, Maharashtra",,,INR,Accounting & Finance Jobs,,2026-06-09T06:51:44Z,2026-08-02T07:29:53.930894+00:00,data analyst,Mumbai,https://www.adzuna.in/details/5756755616?utm_medium=api&utm_source=f15ef5ad,
5756755635,Senior QA Automation Engineer,Morningstar,"Mumbai, Maharashtra",,,INR,IT Jobs,,2026-06-09T06:51:45Z,2026-08-02T07:29:53.930894+00:00,data analyst,Mumbai,https://www.adzuna.in/details/5756755635?utm_medium=api&utm_source=f15ef5ad,
5756755691,Data Research Analyst,Morningstar,"Mumbai, Maharashtra",,,INR,IT Jobs,,2026-06-09T06:51:48Z,2026-08-02T07:29:53.930894+00:00,data analyst,Mumbai,https://www.adzuna.in/details/5756755691?utm_medium=api&utm_source=f15ef5ad,
5756755732,Sr. QA Automation Engineer (Data),Morningstar,"Delhi, India",,,INR,IT Jobs,,2026-06-09T06:51:52Z,2026-08-02T07:29:53.930894+00:00,data analyst,Delhi,https://www.adzuna.in/details/5756755732?utm_medium=api&utm_source=f15ef5ad,AWS|Python|Redshift
5756755734,Team Lead,Morningstar,"Mumbai, Maharashtra",,,INR,IT Jobs,,2026-06-09T06:51:52Z,2026-08-02T07:29:53.930894+00:00,data analyst,Mumbai,https://www.adzuna.in/details/5756755734?utm_medium=api&utm_source=f15ef5ad,
5756755760,"Sr Data Research Analyst, Analytical Data Support",Morningstar,"Mumbai, Maharashtra",,,INR,Accounting & Finance Jobs,,2026-06-09T06:51:54Z,2026-08-02T07:29:53.930894+00:00,data analyst,Mumbai,https://www.adzuna.in/details/5756755760?utm_medium=api&utm_source=f15ef5ad,
5756755791,InsiderRisk L2 Data Protection Analyst,Zoetis,"Hyderabad, Telangana",,,INR,IT Jobs,,2026-06-09T06:51:56Z,2026-08-02T07:29:53.930894+00:00,data analyst,Hyderabad,https://www.adzuna.in/details/5756755791?utm_medium=api&utm_source=f15ef5ad,
5756755796,Project Manager,Morningstar,"Delhi, India",,,INR,IT Jobs,,2026-06-09T06:51:56Z,2026-08-02T07:29:53.930894+00:00,business analyst,Delhi,https://www.adzuna.in/details/5756755796?utm_medium=api&utm_source=f15ef5ad,
5756755818,InsiderRisk L2 Data Protection Analyst,Zoetis,"Hyderabad, Telangana",,,INR,IT Jobs,,2026-06-09T06:51:58Z,2026-08-02T07:29:53.930894+00:00,data analyst,Hyderabad,https://www.adzuna.in/details/5756755818?utm_medium=api&utm_source=f15ef5ad,
5756755836,InsiderRisk L2 Data Protection Analyst,Zoetis,"Hyderabad, Telangana",,,INR,IT Jobs,,2026-06-09T06:52:00Z,2026-08-02T07:29:53.930894+00:00,data analyst,Hyderabad,https://www.adzuna.in/details/5756755836?utm_medium=api&utm_source=f15ef5ad,
5756755891,Business Analyst - DX,Zoetis,"Hyderabad, Telangana",,,INR,IT Jobs,,2026-06-09T06:52:05Z,2026-08-02T07:29:53.930894+00:00,business analyst,Hyderabad,https://www.adzuna.in/details/5756755891?utm_medium=api&utm_source=f15ef5ad,
5756755906,Senior Business Analyst - DX,Zoetis,"Hyderabad, Telangana",,,INR,IT Jobs,,2026-06-09T06:52:06Z,2026-08-02T07:29:53.930894+00:00,business analyst,Hyderabad,https://www.adzuna.in/details/5756755906?utm_medium=api&utm_source=f15ef5ad,
5756755916,Colleague Enablement - Business Analyst,Zoetis,"Hyderabad, Telangana",,,INR,IT Jobs,,2026-06-09T06:52:07Z,2026-08-02T07:29:53.930894+00:00,business analyst,Hyderabad,https://www.adzuna.in/details/5756755916?utm_medium=api&utm_source=f15ef5ad,
5756755920,Business Analyst - eCommerce,Zoetis,"Hyderabad, Telangana",,,INR,IT Jobs,,2026-06-09T06:52:07Z,2026-08-02T07:29:53.930894+00:00,business analyst,Hyderabad,https://www.adzuna.in/details/5756755920?utm_medium=api&utm_source=f15ef5ad,
5756755921,Senior Business Analyst,Zoetis,"Hyderabad, Telangana",,,INR,IT Jobs,,2026-06-09T06:52:07Z,2026-08-02T07:29:53.930894+00:00,business analyst,Hyderabad,https://www.adzuna.in/details/5756755921?utm_medium=api&utm_source=f15ef5ad,
5756758865,Azure Databricks Architect,Neal Analytics,"Pune, Maharashtra",,,INR,IT Jobs,,2026-06-09T06:55:04Z,2026-08-02T07:29:53.930894+00:00,data analyst,Pune,https://www.adzuna.in/details/5756758865?utm_medium=api&utm_source=f15ef5ad,Azure|Machine Learning
5756759018,Powerbi Developer,Peoplefy Infosolutions,"Pune, Maharashtra",,,INR,IT Jobs,,2026-06-09T06:55:12Z,2026-08-02T07:29:53.930894+00:00,data analyst,Pune,https://www.adzuna.in/details/5756759018?utm_medium=api&utm_source=f15ef5ad,Power BI
5756995033,Business Analyst I,ADCI HYD 13 SEZ - H84,"Hyderabad, Telangana",,,INR,IT Jobs,,2026-06-09T13:34:06Z,2026-08-02T07:29:53.930894+00:00,business analyst,Hyderabad,https://www.adzuna.in/details/5756995033?utm_medium=api&utm_source=f15ef5ad,
5758030211,GTM Data Analyst,People First Consultants,"Hyderabad, Telangana",,,INR,IT Jobs,,2026-06-10T09:41:20Z,2026-08-02T07:29:53.930894+00:00,data analyst,Hyderabad,https://www.adzuna.in/details/5758030211?utm_medium=api&utm_source=f15ef5ad,
5758030290,Senior GTM-focused data analyst / team lead,People First Consultants,"Hyderabad, Telangana",,,INR,IT Jobs,,2026-06-10T09:41:21Z,2026-08-02T07:29:53.930894+00:00,data analyst,Hyderabad,https://www.adzuna.in/details/5758030290?utm_medium=api&utm_source=f15ef5ad,
5758089707,Business Analyst I,Amazon,"Hyderabad, Telangana",,,INR,IT Jobs,,2026-06-10T10:18:28Z,2026-08-02T07:29:53.930894+00:00,business analyst,Hyderabad,https://www.adzuna.in/details/5758089707?utm_medium=api&utm_source=f15ef5ad,
5759043518,Senior Data Analyst,EXL,"Bangalore, Karnataka",,,INR,IT Jobs,,2026-06-11T02:35:35Z,2026-08-02T07:29:53.930894+00:00,data analyst,Bangalore,https://www.adzuna.in/details/5759043518?utm_medium=api&utm_source=f15ef5ad,Power BI|SQL|Tableau
5759082224,Senior Data Analyst,Okta,"Bangalore, Karnataka",,,INR,IT Jobs,,2026-06-11T02:41:59Z,2026-08-02T07:29:53.930894+00:00,data analyst,Bangalore,https://www.adzuna.in/details/5759082224?utm_medium=api&utm_source=f15ef5ad,
5759283741,Data analyst,Cars24 Services Private Limited,"Pune, Maharashtra",,,INR,IT Jobs,,2026-06-11T06:50:59Z,2026-08-02T07:29:53.930894+00:00,data analyst,Pune,https://www.adzuna.in/details/5759283741?utm_medium=api&utm_source=f15ef5ad,
5759287649,Business Architect/Senior Business Analyst,ParamInfo,"Pune, Maharashtra",,,INR,IT Jobs,,2026-06-11T06:53:32Z,2026-08-02T07:29:53.930894+00:00,business analyst,Pune,https://www.adzuna.in/details/5759287649?utm_medium=api&utm_source=f15ef5ad,
5759289106,Business Analyst,MTAP Technologies,"Bangalore, Karnataka",,,INR,IT Jobs,,2026-06-11T06:54:56Z,2026-08-02T07:29:53.930894+00:00,business analyst,Bangalore,https://www.adzuna.in/details/5759289106?utm_medium=api&utm_source=f15ef5ad,
5759289384,Data Analyst,NatWest Markets,"Bangalore, Karnataka",,,INR,IT Jobs,,2026-06-11T06:55:22Z,2026-08-02T07:29:53.930894+00:00,data analyst,Bangalore,https://www.adzuna.in/details/5759289384?utm_medium=api&utm_source=f15ef5ad,
5759289957,Business Analyst,Zeta Global,"Hyderabad, Telangana",,,INR,Accounting & Finance Jobs,,2026-06-11T06:56:16Z,2026-08-02T07:29:53.930894+00:00,business analyst,Hyderabad,https://www.adzuna.in/details/5759289957?utm_medium=api&utm_source=f15ef5ad,
5759291435,Financial Business Analyst For Digital Banking,Dev Solutions,"Mumbai, Maharashtra",,,INR,IT Jobs,,2026-06-11T06:57:20Z,2026-08-02T07:29:53.930894+00:00,business analyst,Mumbai,https://www.adzuna.in/details/5759291435?utm_medium=api&utm_source=f15ef5ad,
5759291762,Business Analyst,Newton School,"Bangalore, Karnataka",,,INR,IT Jobs,,2026-06-11T06:57:27Z,2026-08-02T07:29:53.930894+00:00,business analyst,Bangalore,https://www.adzuna.in/details/5759291762?utm_medium=api&utm_source=f15ef5ad,
5759707865,ERPNext/Frappe Developer,Dhwani Rural Information Systems,"Delhi, India",200000.0,600000.0,INR,IT Jobs,contract,2026-06-11T13:32:53Z,2026-08-02T07:29:53.930894+00:00,business analyst,Delhi,https://www.adzuna.in/details/5759707865?utm_medium=api&utm_source=f15ef5ad,
5759717138,"Business Analyst II, ISFX",ADCI HYD 13 SEZ,"Hyderabad, Telangana",,,INR,IT Jobs,,2026-06-11T13:35:00Z,2026-08-02T07:29:53.930894+00:00,business analyst,Hyderabad,https://www.adzuna.in/details/5759717138?utm_medium=api&utm_source=f15ef5ad,
5760362902,Principal : Business Analyst - SAP IT,Adani,"Mumbai, Maharashtra",,,INR,IT Jobs,,2026-06-12T02:27:21Z,2026-08-02T07:29:53.930894+00:00,business analyst,Mumbai,https://www.adzuna.in/details/5760362902?utm_medium=api&utm_source=f15ef5ad,SAP
5760748145,Finance Business Analyst,Ikrux Solutions  Private Limited,"Bangalore, Karnataka",,,INR,IT Jobs,,2026-06-12T06:50:28Z,2026-08-02T07:29:53.930894+00:00,business analyst,Bangalore,https://www.adzuna.in/details/5760748145?utm_medium=api&utm_source=f15ef5ad,
5760748165,Data Analyst,Wipzo Systech Private Limited,"Pune, Maharashtra",,,INR,IT Jobs,,2026-06-12T06:50:30Z,2026-08-02T07:29:53.930894+00:00,data analyst,Pune,https://www.adzuna.in/details/5760748165?utm_medium=api&utm_source=f15ef5ad,SQL|Snowflake
5760748277,"Opening For Business Analyst (shift 1-10 PM) For Bangalore, Pune Hyd",Tech Mahindra Limited,"Pune, Maharashtra",,,INR,IT Jobs,,2026-06-12T06:50:37Z,2026-08-02T07:29:53.930894+00:00,business analyst,Pune,https://www.adzuna.in/details/5760748277?utm_medium=api&utm_source=f15ef5ad,Linux|Python|SQL
5760748662,Sales Operations - Senior Data Analyst,Zenoti,"Hyderabad, Telangana",,,INR,Sales Jobs,,2026-06-12T06:51:05Z,2026-08-02T07:29:53.930894+00:00,data analyst,Hyderabad,https://www.adzuna.in/details/5760748662?utm_medium=api&utm_source=f15ef5ad,
5760752150,Data Analyst,Clarivate,"Bangalore, Karnataka",,,INR,IT Jobs,,2026-06-12T06:53:55Z,2026-08-02T07:29:53.930894+00:00,data analyst,Bangalore,https://www.adzuna.in/details/5760752150?utm_medium=api&utm_source=f15ef5ad,
5760752285,Associate Data Analyst,Clarivate,"Bangalore, Karnataka",,,INR,IT Jobs,,2026-06-12T06:53:57Z,2026-08-02T07:29:53.930894+00:00,data analyst,Bangalore,https://www.adzuna.in/details/5760752285?utm_medium=api&utm_source=f15ef5ad,Statistics
5760752409,Master Data Analyst,Clarivate,"Hyderabad, Telangana",,,INR,IT Jobs,,2026-06-12T06:54:02Z,2026-08-02T07:29:53.930894+00:00,data analyst,Hyderabad,https://www.adzuna.in/details/5760752409?utm_medium=api&utm_source=f15ef5ad,
5760753286,Senior Business Analyst,Azilen,"Pune, Maharashtra",,,INR,IT Jobs,,2026-06-12T06:55:30Z,2026-08-02T07:29:53.930894+00:00,business analyst,Pune,https://www.adzuna.in/details/5760753286?utm_medium=api&utm_source=f15ef5ad,
5760757851,Business Analyst,GSR Business Services,"Mumbai, Maharashtra",,,INR,IT Jobs,,2026-06-12T06:57:44Z,2026-08-02T07:29:53.930894+00:00,business analyst,Mumbai,https://www.adzuna.in/details/5760757851?utm_medium=api&utm_source=f15ef5ad,
5760991723,Senior Data Engineering Analyst,UnitedHealth Group,"Hyderabad, Telangana",,,INR,IT Jobs,,2026-06-12T10:31:58Z,2026-08-02T07:29:53.930894+00:00,data analyst,Hyderabad,https://www.adzuna.in/details/5760991723?utm_medium=api&utm_source=f15ef5ad,
5761791107,Data Analyst Trainee,Lead India,"Bangalore, Karnataka",,,INR,IT Jobs,,2026-06-13T02:35:26Z,2026-08-02T07:29:53.930894+00:00,data analyst,Bangalore,https://www.adzuna.in/details/5761791107?utm_medium=api&utm_source=f15ef5ad,Azure
5761946915,Business Analyst – Banking,Intuitive Apps India Private Limited,"Mumbai, Maharashtra",,,INR,IT Jobs,,2026-06-13T08:43:01Z,2026-08-02T07:29:53.930894+00:00,business analyst,Mumbai,https://www.adzuna.in/details/5761946915?utm_medium=api&utm_source=f15ef5ad,
5761947370,IT Business Analyst -Risk Management,Intuitive Apps India Private Limited,"Mumbai, Maharashtra",,,INR,IT Jobs,,2026-06-13T08:43:33Z,2026-08-02T07:29:53.930894+00:00,business analyst,Mumbai,https://www.adzuna.in/details/5761947370?utm_medium=api&utm_source=f15ef5ad,SQL
5761947576,Data Analyst,Genisys Information Systems India Private Limited,"Bangalore, Karnataka",,,INR,IT Jobs,,2026-06-13T08:43:56Z,2026-08-02T07:29:53.930894+00:00,data analyst,Bangalore,https://www.adzuna.in/details/5761947576?utm_medium=api&utm_source=f15ef5ad,
5761948298,Data Analyst,Jsw Steel,"Mumbai, Maharashtra",,,INR,IT Jobs,,2026-06-13T08:45:55Z,2026-08-02T07:29:53.930894+00:00,data analyst,Mumbai,https://www.adzuna.in/details/5761948298?utm_medium=api&utm_source=f15ef5ad,
5761949081,Hiring- Data Analyst,intouchcx,"Hyderabad, Telangana",,,INR,IT Jobs,,2026-06-13T08:46:37Z,2026-08-02T07:29:53.930894+00:00,data analyst,Hyderabad,https://www.adzuna.in/details/5761949081?utm_medium=api&utm_source=f15ef5ad,
5761949361,Business Analyst (Automation),intouchcx,"Hyderabad, Telangana",,,INR,IT Jobs,,2026-06-13T08:46:58Z,2026-08-02T07:29:53.930894+00:00,business analyst,Hyderabad,https://www.adzuna.in/details/5761949361?utm_medium=api&utm_source=f15ef5ad,
5761949365,Business Analyst (Analytics),intouchcx,"Hyderabad, Telangana",,,INR,IT Jobs,,2026-06-13T08:46:59Z,2026-08-02T07:29:53.930894+00:00,business analyst,Hyderabad,https://www.adzuna.in/details/5761949365?utm_medium=api&utm_source=f15ef5ad,
5761949706,Business Analyst,Clover Infotech,"Pune, Maharashtra",,,INR,IT Jobs,,2026-06-13T08:47:47Z,2026-08-02T07:29:53.930894+00:00,business analyst,Pune,https://www.adzuna.in/details/5761949706?utm_medium=api&utm_source=f15ef5ad,
5761949927,HR Data Analyst,Unacademy,"Bangalore, Karnataka",,,INR,IT Jobs,,2026-06-13T08:47:53Z,2026-08-02T07:29:53.930894+00:00,data analyst,Bangalore,https://www.adzuna.in/details/5761949927?utm_medium=api&utm_source=f15ef5ad,Excel|Power BI|SQL|Tableau
5761950550,Business Analyst,Kotak Life,"Mumbai, Maharashtra",,,INR,IT Jobs,,2026-06-13T08:48:32Z,2026-08-02T07:29:53.930894+00:00,business analyst,Mumbai,https://www.adzuna.in/details/5761950550?utm_medium=api&utm_source=f15ef5ad,
5761953863,Manager- Data Solutions,IntegriChain,"Pune, Maharashtra",,,INR,IT Jobs,,2026-06-13T08:49:47Z,2026-08-02T07:29:53.930894+00:00,data analyst,Pune,https://www.adzuna.in/details/5761953863?utm_medium=api&utm_source=f15ef5ad,ETL|Python|SQL|Snowflake|dbt
5761953950,Business Analyst,Fort Technologies,"Pune, Maharashtra",,,INR,IT Jobs,,2026-06-13T08:50:12Z,2026-08-02T07:29:53.930894+00:00,business analyst,Pune,https://www.adzuna.in/details/5761953950?utm_medium=api&utm_source=f15ef5ad,
5761953954,Business Analyst,Fort Technologies,"Bangalore, Karnataka",,,INR,IT Jobs,,2026-06-13T08:50:12Z,2026-08-02T07:29:53.930894+00:00,business analyst,Bangalore,https://www.adzuna.in/details/5761953954?utm_medium=api&utm_source=f15ef5ad,
5761955194,Data Engineer - WGDT,Wadhwani Foundation,"Delhi, India",,,INR,IT Jobs,,2026-06-13T08:52:24Z,2026-08-02T07:29:53.930894+00:00,data analyst,Delhi,https://www.adzuna.in/details/5761955194?utm_medium=api&utm_source=f15ef5ad,
5761955232,Analyst - Business Processes,Wadhwani Foundation,"Delhi, India",,,INR,IT Jobs,,2026-06-13T08:52:25Z,2026-08-02T07:29:53.930894+00:00,business analyst,Delhi,https://www.adzuna.in/details/5761955232?utm_medium=api&utm_source=f15ef5ad,
5761955400,Functional Consultants / Business Analyst,E4 Software Services,"Mumbai, Maharashtra",,,INR,IT Jobs,,2026-06-13T08:52:43Z,2026-08-02T07:29:53.930894+00:00,business analyst,Mumbai,https://www.adzuna.in/details/5761955400?utm_medium=api&utm_source=f15ef5ad,
5761955405,Jr. Business Analyst / Project Manager,E4 Software Services,"Mumbai, Maharashtra",,,INR,IT Jobs,,2026-06-13T08:52:43Z,2026-08-02T07:29:53.930894+00:00,business analyst,Mumbai,https://www.adzuna.in/details/5761955405?utm_medium=api&utm_source=f15ef5ad,
5762095593,"Business Analyst II, ISFX",Amazon,"Hyderabad, Telangana",,,INR,IT Jobs,,2026-06-13T10:29:06Z,2026-08-02T07:29:53.930894+00:00,business analyst,Hyderabad,https://www.adzuna.in/details/5762095593?utm_medium=api&utm_source=f15ef5ad,
5762101447,"Senior Analyst, Big Data Analytics & Engineering",Mastercard,"Pune, Maharashtra",,,INR,IT Jobs,,2026-06-13T10:30:12Z,2026-08-02T07:29:53.930894+00:00,data analyst,Pune,https://www.adzuna.in/details/5762101447?utm_medium=api&utm_source=f15ef5ad,
5762286343,Data Analyst,Wissen Technology,"Bangalore, Karnataka",,,INR,IT Jobs,contract,2026-06-13T13:33:59Z,2026-08-02T07:29:53.930894+00:00,data analyst,Bangalore,https://www.adzuna.in/details/5762286343?utm_medium=api&utm_source=f15ef5ad,Excel|Power BI|Python|SQL
5763207274,"Data Analyst IV | (1511,8718)",We Search,"Pune, Maharashtra",150000.0,200000.0,INR,IT Jobs,,2026-06-14T10:08:22Z,2026-08-02T07:29:53.930894+00:00,data analyst,Pune,https://www.adzuna.in/details/5763207274?utm_medium=api&utm_source=f15ef5ad,
5763918726,Informatica Developer,ALIQAN Technologies,"Delhi, India",,,INR,IT Jobs,,2026-06-15T06:00:26Z,2026-08-02T07:29:53.930894+00:00,business analyst,Delhi,https://www.adzuna.in/details/5763918726?utm_medium=api&utm_source=f15ef5ad,
5766551671,Business Analyst,Amukha Technologies Private Limited,"Mumbai, Maharashtra",600000.0,1200000.0,INR,IT Jobs,,2026-06-17T14:39:26Z,2026-08-02T07:29:53.930894+00:00,business analyst,Mumbai,https://www.adzuna.in/details/5766551671?utm_medium=api&utm_source=f15ef5ad,
5767096176,Associate Business Analyst,Amgen,"Hyderabad, Telangana",,,INR,IT Jobs,,2026-06-18T03:04:12Z,2026-08-02T07:29:53.930894+00:00,business analyst,Hyderabad,https://www.adzuna.in/details/5767096176?utm_medium=api&utm_source=f15ef5ad,
5767258169,Manager - Business Analyst,BSR & Co,"Mumbai, Maharashtra",,,INR,Legal Jobs,,2026-06-18T03:32:20Z,2026-08-02T07:29:53.930894+00:00,business analyst,Mumbai,https://www.adzuna.in/details/5767258169?utm_medium=api&utm_source=f15ef5ad,
5767423533,Relationship Officer - LAP,Sun Life,"Delhi, India",,,INR,Sales Jobs,,2026-06-18T07:15:44Z,2026-08-02T07:29:53.930894+00:00,business analyst,Delhi,https://www.adzuna.in/details/5767423533?utm_medium=api&utm_source=f15ef5ad,
5767425619,Business Analyst – Cloud Data Platform,Evnek,"Pune, Maharashtra",,,INR,IT Jobs,,2026-06-18T07:17:00Z,2026-08-02T07:29:53.930894+00:00,data analyst,Pune,https://www.adzuna.in/details/5767425619?utm_medium=api&utm_source=f15ef5ad,Azure|SQL
5767425748,Business Analyst - Construction Industry Specialist,Evnek,"Pune, Maharashtra",,,INR,Trade & Construction Jobs,,2026-06-18T07:17:01Z,2026-08-02T07:29:53.930894+00:00,business analyst,Pune,https://www.adzuna.in/details/5767425748?utm_medium=api&utm_source=f15ef5ad,
5768575848,Senior Analyst – SCADA & Data Engineer,DESRI,"Hyderabad, Telangana",,,INR,IT Jobs,,2026-06-19T02:36:56Z,2026-08-02T07:29:53.930894+00:00,data analyst,Hyderabad,https://www.adzuna.in/details/5768575848?utm_medium=api&utm_source=f15ef5ad,
5768784953,RWE Data Analyst Expert,Sanofi,"Hyderabad, Telangana",,,INR,IT Jobs,,2026-06-19T07:19:33Z,2026-08-02T07:29:53.930894+00:00,data analyst,Hyderabad,https://www.adzuna.in/details/5768784953?utm_medium=api&utm_source=f15ef5ad,
5768786253,Salesforce Business Analyst,Merkle Science,"Pune, Maharashtra",,,INR,IT Jobs,,2026-06-19T07:20:23Z,2026-08-02T07:29:53.930894+00:00,business analyst,Pune,https://www.adzuna.in/details/5768786253?utm_medium=api&utm_source=f15ef5ad,
5768786254,Senior Business Analyst,Merkle Science,"Pune, Maharashtra",,,INR,IT Jobs,,2026-06-19T07:20:23Z,2026-08-02T07:29:53.930894+00:00,business analyst,Pune,https://www.adzuna.in/details/5768786254?utm_medium=api&utm_source=f15ef5ad,
5768786266,Associate Business Analyst,Merkle Science,"Pune, Maharashtra",,,INR,IT Jobs,,2026-06-19T07:20:24Z,2026-08-02T07:29:53.930894+00:00,business analyst,Pune,https://www.adzuna.in/details/5768786266?utm_medium=api&utm_source=f15ef5ad,
5768789592,PeopleSoft Finance Business Analyst,Estuate Software,"Pune, Maharashtra",,,INR,IT Jobs,,2026-06-19T07:21:35Z,2026-08-02T07:29:53.930894+00:00,business analyst,Pune,https://www.adzuna.in/details/5768789592?utm_medium=api&utm_source=f15ef5ad,
5768994924,Associate Business Analyst,Amgen,"Hyderabad, Telangana",,,INR,IT Jobs,,2026-06-19T10:24:59Z,2026-08-02T07:29:53.930894+00:00,business analyst,Hyderabad,https://www.adzuna.in/details/5768994924?utm_medium=api&utm_source=f15ef5ad,
5770237914,Senior Business Analyst,CIBC India,"Hyderabad, Telangana",,,INR,IT Jobs,,2026-06-20T10:54:25Z,2026-08-02T07:29:53.930894+00:00,business analyst,Hyderabad,https://www.adzuna.in/details/5770237914?utm_medium=api&utm_source=f15ef5ad,
5770241520,Senior Analyst (Data Center Design Expert) Job Details | Black & Veatch Family of Companies,Black & Veatch,"Pune, Maharashtra",,,INR,"Energy, Oil & Gas Jobs",,2026-06-20T10:56:08Z,2026-08-02T07:29:53.930894+00:00,data analyst,Pune,https://www.adzuna.in/details/5770241520?utm_medium=api&utm_source=f15ef5ad,
5770932122,Customer Master Data Analyst,Calderys Group,"Pune, Maharashtra",,,INR,IT Jobs,,2026-06-21T02:26:40Z,2026-08-02T07:29:53.930894+00:00,data analyst,Pune,https://www.adzuna.in/details/5770932122?utm_medium=api&utm_source=f15ef5ad,
5771065380,Principal : Business Analyst - SAP IT,Adani,"Mumbai, Maharashtra",,,INR,IT Jobs,,2026-06-21T02:50:31Z,2026-08-02T07:29:53.930894+00:00,business analyst,Mumbai,https://www.adzuna.in/details/5771065380?utm_medium=api&utm_source=f15ef5ad,SAP
5771397779,CGM India Futures Execution - Senior Business Analyst / Project Manager,Citigroup,"Mumbai, Maharashtra",,,INR,IT Jobs,,2026-06-21T10:31:56Z,2026-08-02T07:29:53.930894+00:00,business analyst,Mumbai,https://www.adzuna.in/details/5771397779?utm_medium=api&utm_source=f15ef5ad,
5771399174,Data Analyst 2,UnitedHealth Group,"Hyderabad, Telangana",,,INR,IT Jobs,,2026-06-21T10:34:38Z,2026-08-02T07:29:53.930894+00:00,data analyst,Hyderabad,https://www.adzuna.in/details/5771399174?utm_medium=api&utm_source=f15ef5ad,
5771399205,Senior Business Analyst,UnitedHealth Group,"Hyderabad, Telangana",,,INR,IT Jobs,,2026-06-21T10:34:38Z,2026-08-02T07:29:53.930894+00:00,business analyst,Hyderabad,https://www.adzuna.in/details/5771399205?utm_medium=api&utm_source=f15ef5ad,
5771991292,Senior Business Systems Analyst - GTM,Fastly,"Pune, Maharashtra",,,INR,IT Jobs,,2026-06-22T02:47:27Z,2026-08-02T07:29:53.930894+00:00,business analyst,Pune,https://www.adzuna.in/details/5771991292?utm_medium=api&utm_source=f15ef5ad,
5773087618,Senior Business Applications Analyst,Incontact,"Pune, Maharashtra",,,INR,IT Jobs,,2026-06-23T07:22:19Z,2026-08-02T07:29:53.930894+00:00,business analyst,Pune,https://www.adzuna.in/details/5773087618?utm_medium=api&utm_source=f15ef5ad,
5773087658,Senior Specialist Business Consultant (Data Consultant),Incontact,"Pune, Maharashtra",,,INR,IT Jobs,,2026-06-23T07:22:20Z,2026-08-02T07:29:53.930894+00:00,data analyst,Pune,https://www.adzuna.in/details/5773087658?utm_medium=api&utm_source=f15ef5ad,
5773087725,Program Manager (FinOpsAWS),Incontact,"Pune, Maharashtra",,,INR,IT Jobs,,2026-06-23T07:22:24Z,2026-08-02T07:29:53.930894+00:00,data analyst,Pune,https://www.adzuna.in/details/5773087725?utm_medium=api&utm_source=f15ef5ad,
5773191550,Analyst - Data Operations,People First Consultants,"Delhi, India",,,INR,IT Jobs,,2026-06-23T10:11:23Z,2026-08-02T07:29:53.930894+00:00,data analyst,Delhi,https://www.adzuna.in/details/5773191550?utm_medium=api&utm_source=f15ef5ad,
5773939132,Business Analyst,Vistex Career,"Hyderabad, Telangana",,,INR,IT Jobs,,2026-06-24T02:21:29Z,2026-08-02T07:29:53.930894+00:00,business analyst,Hyderabad,https://www.adzuna.in/details/5773939132?utm_medium=api&utm_source=f15ef5ad,
5774235434,"Analyst, Data Governance",Warner Bros. Discovery,"Hyderabad, Telangana",,,INR,IT Jobs,,2026-06-24T07:22:29Z,2026-08-02T07:29:53.930894+00:00,data analyst,Hyderabad,https://www.adzuna.in/details/5774235434?utm_medium=api&utm_source=f15ef5ad,
5774235451,"Analyst, Data Governance",Warner Bros. Discovery,"Hyderabad, Telangana",,,INR,IT Jobs,,2026-06-24T07:22:29Z,2026-08-02T07:29:53.930894+00:00,data analyst,Hyderabad,https://www.adzuna.in/details/5774235451?utm_medium=api&utm_source=f15ef5ad,
5774237847,Data Analyst,Caratlane,"Pune, Maharashtra",,,INR,IT Jobs,,2026-06-24T07:23:38Z,2026-08-02T07:29:53.930894+00:00,data analyst,Pune,https://www.adzuna.in/details/5774237847?utm_medium=api&utm_source=f15ef5ad,Excel|Power BI|SAP|Tableau|VBA
5774237848,Data Analyst,Caratlane,"Pune, Maharashtra",,,INR,IT Jobs,,2026-06-24T07:23:38Z,2026-08-02T07:29:53.930894+00:00,data analyst,Pune,https://www.adzuna.in/details/5774237848?utm_medium=api&utm_source=f15ef5ad,AWS|Power BI
5775399105,Senior Data Analyst,EXL,"Bangalore, Karnataka",,,INR,IT Jobs,,2026-06-25T02:41:56Z,2026-08-02T07:29:53.930894+00:00,data analyst,Bangalore,https://www.adzuna.in/details/5775399105?utm_medium=api&utm_source=f15ef5ad,Power BI|SQL|Tableau
5775570777,SQL Lead,Ivis International Private Limited,"Hyderabad, Telangana",,,INR,IT Jobs,,2026-06-25T07:26:35Z,2026-08-02T07:29:53.930894+00:00,data analyst,Hyderabad,https://www.adzuna.in/details/5775570777?utm_medium=api&utm_source=f15ef5ad,ETL|Python|SQL
5775778699,Principal Business Analyst,TTEC,"Hyderabad, Telangana",,,INR,IT Jobs,,2026-06-25T10:30:55Z,2026-08-02T07:29:53.930894+00:00,business analyst,Hyderabad,https://www.adzuna.in/details/5775778699?utm_medium=api&utm_source=f15ef5ad,
5776750983,Data Analyst – Wholesale Banking| Mumbai,CSB Bank,"Mumbai, Maharashtra",,,INR,Accounting & Finance Jobs,,2026-06-26T02:33:19Z,2026-08-02T07:29:53.930894+00:00,data analyst,Mumbai,https://www.adzuna.in/details/5776750983?utm_medium=api&utm_source=f15ef5ad,
5777053478,Openings For Business Analyst,Encora Technologies Pte Ltd,"Bangalore, Karnataka",,,INR,IT Jobs,,2026-06-26T07:14:45Z,2026-08-02T07:29:53.930894+00:00,business analyst,Bangalore,https://www.adzuna.in/details/5777053478?utm_medium=api&utm_source=f15ef5ad,
5777053597,Business Analyst (HRIS Reporting/Oracle),TopGear Consultants Private Limited,"Pune, Maharashtra",,,INR,HR & Recruitment Jobs,,2026-06-26T07:14:47Z,2026-08-02T07:29:53.930894+00:00,business analyst,Pune,https://www.adzuna.in/details/5777053597?utm_medium=api&utm_source=f15ef5ad,
5777063823,Sr. Business Analyst,Huron,"Pune, Maharashtra",,,INR,IT Jobs,,2026-06-26T07:25:28Z,2026-08-02T07:29:53.930894+00:00,business analyst,Pune,https://www.adzuna.in/details/5777063823?utm_medium=api&utm_source=f15ef5ad,
5777073828,Data Analyst,Webkit24,"Pune, Maharashtra",,,INR,IT Jobs,,2026-06-26T07:29:41Z,2026-08-02T07:29:53.930894+00:00,data analyst,Pune,https://www.adzuna.in/details/5777073828?utm_medium=api&utm_source=f15ef5ad,ETL|Excel|Power BI|Python|SQL|Statistics|Tableau
5777256334,Data Specialist,YipitData,"Daund, Pune",,,INR,Scientific & QA Jobs,,2026-06-26T10:34:30Z,2026-08-02T07:29:53.930894+00:00,data analyst,Pune,https://www.adzuna.in/details/5777256334?utm_medium=api&utm_source=f15ef5ad,
5777256345,Data Specialist,YipitData,"Mumbai, Maharashtra",,,INR,Scientific & QA Jobs,,2026-06-26T10:34:30Z,2026-08-02T07:29:53.930894+00:00,data analyst,Mumbai,https://www.adzuna.in/details/5777256345?utm_medium=api&utm_source=f15ef5ad,
5777256356,Data Specialist,YipitData,"Baramati, Pune",,,INR,Scientific & QA Jobs,,2026-06-26T10:34:30Z,2026-08-02T07:29:53.930894+00:00,data analyst,Pune,https://www.adzuna.in/details/5777256356?utm_medium=api&utm_source=f15ef5ad,
5777256366,Data Specialist,YipitData,"Pune, Maharashtra",,,INR,Scientific & QA Jobs,,2026-06-26T10:34:31Z,2026-08-02T07:29:53.930894+00:00,data analyst,Pune,https://www.adzuna.in/details/5777256366?utm_medium=api&utm_source=f15ef5ad,
5777256368,Data Specialist,YipitData,"Delhi, India",,,INR,Scientific & QA Jobs,,2026-06-26T10:34:31Z,2026-08-02T07:29:53.930894+00:00,data analyst,Delhi,https://www.adzuna.in/details/5777256368?utm_medium=api&utm_source=f15ef5ad,
5778241293,Business Analyst - IT,Mumbai Rozgaar,"Mumbai, Maharashtra",,,INR,IT Jobs,,2026-06-27T02:43:37Z,2026-08-02T07:29:53.930894+00:00,business analyst,Mumbai,https://www.adzuna.in/details/5778241293?utm_medium=api&utm_source=f15ef5ad,
5778430828,Business Analyst,Saxon Global INC,"Bangalore, Karnataka",,,INR,IT Jobs,,2026-06-27T07:12:42Z,2026-08-02T07:29:53.930894+00:00,business analyst,Bangalore,https://www.adzuna.in/details/5778430828?utm_medium=api&utm_source=f15ef5ad,SQL|Tableau
5778430995,Sr. Business Analyst,Invesco,"Hyderabad, Telangana",,,INR,IT Jobs,,2026-06-27T07:13:28Z,2026-08-02T07:29:53.930894+00:00,business analyst,Hyderabad,https://www.adzuna.in/details/5778430995?utm_medium=api&utm_source=f15ef5ad,
5778443014,Assistant Chief Manager / Chief Manager- Configuration,John Cockerill,"Mumbai, Maharashtra",,,INR,IT Jobs,,2026-06-27T07:29:26Z,2026-08-02T07:29:53.930894+00:00,data analyst,Mumbai,https://www.adzuna.in/details/5778443014?utm_medium=api&utm_source=f15ef5ad,
5778444152,Data Analyst,Tribute Technology,"Hussainialam, Hyderabad",,,INR,IT Jobs,,2026-06-27T07:29:56Z,2026-08-02T07:29:53.930894+00:00,data analyst,Hyderabad,https://www.adzuna.in/details/5778444152?utm_medium=api&utm_source=f15ef5ad,
5778451352,Data Analyst,Techcom Solutions India Private Limited,"Bangalore, Karnataka",,,INR,IT Jobs,,2026-06-27T07:32:41Z,2026-08-02T07:29:53.930894+00:00,data analyst,Bangalore,https://www.adzuna.in/details/5778451352?utm_medium=api&utm_source=f15ef5ad,Airflow|BigQuery|Excel|Git|Looker|Power BI|Python|SQL|Statistics|Tableau
5778695205,Senior QA/QC Data Analyst,CDM Smith,"Pune, Maharashtra",,,INR,IT Jobs,,2026-06-27T10:28:48Z,2026-08-02T07:29:53.930894+00:00,data analyst,Pune,https://www.adzuna.in/details/5778695205?utm_medium=api&utm_source=f15ef5ad,
5778916473,Business Analyst II,ADCI HYD 20 SEZ - H94,"Hyderabad, Telangana",,,INR,IT Jobs,,2026-06-27T14:56:32Z,2026-08-02T07:29:53.930894+00:00,business analyst,Hyderabad,https://www.adzuna.in/details/5778916473?utm_medium=api&utm_source=f15ef5ad,
5779498379,"Business Analyst, Process Intelligence",Amgen,"Hyderabad, Telangana",,,INR,IT Jobs,,2026-06-28T02:53:19Z,2026-08-02T07:29:53.930894+00:00,business analyst,Hyderabad,https://www.adzuna.in/details/5779498379?utm_medium=api&utm_source=f15ef5ad,
5779498859,Data Research Analyst - Banking,Smart Financial Decisions Made Simple,"Mumbai, Maharashtra",,,INR,Accounting & Finance Jobs,,2026-06-28T02:53:45Z,2026-08-02T07:29:53.930894+00:00,data analyst,Mumbai,https://www.adzuna.in/details/5779498859?utm_medium=api&utm_source=f15ef5ad,
5779644522,Business Analyst,First source,"Pune, Maharashtra",,,INR,IT Jobs,,2026-06-28T07:26:24Z,2026-08-02T07:29:53.930894+00:00,business analyst,Pune,https://www.adzuna.in/details/5779644522?utm_medium=api&utm_source=f15ef5ad,
5779644561,Business Analyst,ThoughtFocus,"Bangalore, Karnataka",,,INR,IT Jobs,,2026-06-28T07:26:25Z,2026-08-02T07:29:53.930894+00:00,business analyst,Bangalore,https://www.adzuna.in/details/5779644561?utm_medium=api&utm_source=f15ef5ad,SQL
5779827788,Business Analyst II,Amazon,"Hyderabad, Telangana",,,INR,IT Jobs,,2026-06-28T10:29:08Z,2026-08-02T07:29:53.930894+00:00,business analyst,Hyderabad,https://www.adzuna.in/details/5779827788?utm_medium=api&utm_source=f15ef5ad,
5779827818,Business Analyst II,Amazon,"Hyderabad, Telangana",,,INR,IT Jobs,,2026-06-28T10:29:08Z,2026-08-02T07:29:53.930894+00:00,business analyst,Hyderabad,https://www.adzuna.in/details/5779827818?utm_medium=api&utm_source=f15ef5ad,
5779828442,IND Senior Business Data Analyst,The Hartford,"Hyderabad, Telangana",,,INR,IT Jobs,,2026-06-28T10:30:24Z,2026-08-02T07:29:53.930894+00:00,data analyst,Hyderabad,https://www.adzuna.in/details/5779828442?utm_medium=api&utm_source=f15ef5ad,
5780531648,Data Analyst,Tribute Technology,"Hyderabad, Telangana",,,INR,IT Jobs,,2026-06-29T02:40:35Z,2026-08-02T07:29:53.930894+00:00,data analyst,Hyderabad,https://www.adzuna.in/details/5780531648?utm_medium=api&utm_source=f15ef5ad,
5781967103,"Business Analyst, Ring Data Engineering Services",ADCI HYD 16 SEZ,"Hyderabad, Telangana",,,INR,IT Jobs,,2026-06-30T14:57:03Z,2026-08-02T07:29:53.930894+00:00,data analyst,Hyderabad,https://www.adzuna.in/details/5781967103?utm_medium=api&utm_source=f15ef5ad,
5781967146,"Business Analyst-Data Insights, Translation Services Operations",Amazon Dev Center India - Hyderabad,"Hyderabad, Telangana",,,INR,IT Jobs,,2026-06-30T14:57:05Z,2026-08-02T07:29:53.930894+00:00,data analyst,Hyderabad,https://www.adzuna.in/details/5781967146?utm_medium=api&utm_source=f15ef5ad,
5782684141,Senior Data Analyst/Visualizer,ADP Private Limited,"Hyderabad, Telangana",,,INR,IT Jobs,,2026-07-01T07:13:55Z,2026-08-02T07:29:53.930894+00:00,data analyst,Hyderabad,https://www.adzuna.in/details/5782684141?utm_medium=api&utm_source=f15ef5ad,
5782685596,"Analyst, Data Governance",Warner Bros,"Hyderabad, Telangana",,,INR,"PR, Advertising & Marketing Jobs",,2026-07-01T07:14:37Z,2026-08-02T07:29:53.930894+00:00,data analyst,Hyderabad,https://www.adzuna.in/details/5782685596?utm_medium=api&utm_source=f15ef5ad,
5782685625,Sr Data Analyst,Warner Bros,"Hyderabad, Telangana",,,INR,IT Jobs,,2026-07-01T07:14:38Z,2026-08-02T07:29:53.930894+00:00,data analyst,Hyderabad,https://www.adzuna.in/details/5782685625?utm_medium=api&utm_source=f15ef5ad,
5782685663,Staff Data Engineer,Tide,"Delhi, India",,,INR,IT Jobs,,2026-07-01T07:14:39Z,2026-08-02T07:29:53.930894+00:00,data analyst,Delhi,https://www.adzuna.in/details/5782685663?utm_medium=api&utm_source=f15ef5ad,AWS|Airflow|BigQuery|ETL|GCP|Looker|Snowflake|Tableau|dbt
5782686190,"Analyst, Data Architecture",Colgate-Palmolive ,"Mumbai, Maharashtra",,,INR,IT Jobs,,2026-07-01T07:15:08Z,2026-08-02T07:29:53.930894+00:00,data analyst,Mumbai,https://www.adzuna.in/details/5782686190?utm_medium=api&utm_source=f15ef5ad,
5782686498,"Specialist / Sr. Technical Specialist, Data Platform Engineer",Colgate-Palmolive ,"Mumbai, Maharashtra",,,INR,IT Jobs,,2026-07-01T07:15:14Z,2026-08-02T07:29:53.930894+00:00,data analyst,Mumbai,https://www.adzuna.in/details/5782686498?utm_medium=api&utm_source=f15ef5ad,Git
5782686898,"Sr.Specialist / Expert, Data Warehouse Security Analyst",Colgate-Palmolive ,"Mumbai, Maharashtra",,,INR,IT Jobs,,2026-07-01T07:15:19Z,2026-08-02T07:29:53.930894+00:00,data analyst,Mumbai,https://www.adzuna.in/details/5782686898?utm_medium=api&utm_source=f15ef5ad,
5782687597,Business Analyst,SLK Software,"Bangalore, Karnataka",,,INR,IT Jobs,,2026-07-01T07:15:51Z,2026-08-02T07:29:53.930894+00:00,business analyst,Bangalore,https://www.adzuna.in/details/5782687597?utm_medium=api&utm_source=f15ef5ad,
5782690170,Lead Business Analyst (Middle Office),Pss Global,"Mumbai, Maharashtra",,,INR,IT Jobs,,2026-07-01T07:17:54Z,2026-08-02T07:29:53.930894+00:00,business analyst,Mumbai,https://www.adzuna.in/details/5782690170?utm_medium=api&utm_source=f15ef5ad,
5782690777,Implementation Lead,Apraava Renewable Energy,"Pune, Maharashtra",,,INR,IT Jobs,,2026-07-01T07:18:24Z,2026-08-02T07:29:53.930894+00:00,data analyst,Pune,https://www.adzuna.in/details/5782690777?utm_medium=api&utm_source=f15ef5ad,
5782690802,Site Data Analyst,Apraava Renewable Energy,"Hyderabad, Telangana",,,INR,IT Jobs,,2026-07-01T07:18:24Z,2026-08-02T07:29:53.930894+00:00,data analyst,Hyderabad,https://www.adzuna.in/details/5782690802?utm_medium=api&utm_source=f15ef5ad,
5782690943,Business Analyst,Bodycraft,"Bangalore, Karnataka",,,INR,IT Jobs,,2026-07-01T07:18:32Z,2026-08-02T07:29:53.930894+00:00,business analyst,Bangalore,https://www.adzuna.in/details/5782690943?utm_medium=api&utm_source=f15ef5ad,
5782877219,Associate Data Analyst,Officeworks,"Bangalore, Karnataka",,,INR,IT Jobs,,2026-07-01T10:27:46Z,2026-08-02T07:29:53.930894+00:00,data analyst,Bangalore,https://www.adzuna.in/details/5782877219?utm_medium=api&utm_source=f15ef5ad,
5784724035,Associate / Senior Business Analyst,Ebix Software India Private Limited,"Mumbai, Maharashtra",,,INR,IT Jobs,,2026-07-02T07:14:12Z,2026-08-02T07:29:53.930894+00:00,business analyst,Mumbai,https://www.adzuna.in/details/5784724035?utm_medium=api&utm_source=f15ef5ad,
5784727356,Data analyst,Cars24,"Pune, Maharashtra",,,INR,IT Jobs,,2026-07-02T07:16:47Z,2026-08-02T07:29:53.930894+00:00,data analyst,Pune,https://www.adzuna.in/details/5784727356?utm_medium=api&utm_source=f15ef5ad,
5784727811,Business Analyst - HRIS,SPECTRAFORCE,"Hyderabad, Telangana",,,INR,IT Jobs,,2026-07-02T07:17:06Z,2026-08-02T07:29:53.930894+00:00,business analyst,Hyderabad,https://www.adzuna.in/details/5784727811?utm_medium=api&utm_source=f15ef5ad,
5784728684,Data Analyst_Hyderabad,Arise Global Services,"Hyderabad, Telangana",,,INR,IT Jobs,,2026-07-02T07:18:30Z,2026-08-02T07:29:53.930894+00:00,data analyst,Hyderabad,https://www.adzuna.in/details/5784728684?utm_medium=api&utm_source=f15ef5ad,
5784728868,Data Analyst,Tech Smcsquared Gcc,"Bangalore, Karnataka",,,INR,IT Jobs,,2026-07-02T07:18:36Z,2026-08-02T07:29:53.930894+00:00,data analyst,Bangalore,https://www.adzuna.in/details/5784728868?utm_medium=api&utm_source=f15ef5ad,SQL
5784730512,Business Analyst - Payments,Seven N Half Private Limited,"Pune, Maharashtra",,,INR,IT Jobs,,2026-07-02T07:20:29Z,2026-08-02T07:29:53.930894+00:00,business analyst,Pune,https://www.adzuna.in/details/5784730512?utm_medium=api&utm_source=f15ef5ad,
5784934093,SQL Developer/Engineer,Antal International,"Pune, Maharashtra",3000000.0,3000000.0,INR,IT Jobs,,2026-07-02T10:15:37Z,2026-08-02T07:29:53.930894+00:00,data analyst,Pune,https://www.adzuna.in/details/5784934093?utm_medium=api&utm_source=f15ef5ad,SQL
5784961053,Sr Business Analyst,FM India,"Bangalore, Karnataka",,,INR,IT Jobs,,2026-07-02T10:28:18Z,2026-08-02T07:29:53.930894+00:00,business analyst,Bangalore,https://www.adzuna.in/details/5784961053?utm_medium=api&utm_source=f15ef5ad,
5784970647,"Business Analyst, Ring Data Engineering Services",Amazon,"Hyderabad, Telangana",,,INR,IT Jobs,,2026-07-02T10:30:22Z,2026-08-02T07:29:53.930894+00:00,data analyst,Hyderabad,https://www.adzuna.in/details/5784970647?utm_medium=api&utm_source=f15ef5ad,
5784970689,"Business Analyst-Data Insights, Translation Services Operations",Amazon,"Hyderabad, Telangana",,,INR,IT Jobs,,2026-07-02T10:30:22Z,2026-08-02T07:29:53.930894+00:00,data analyst,Hyderabad,https://www.adzuna.in/details/5784970689?utm_medium=api&utm_source=f15ef5ad,
5784971932,Advanced Data Analyst,Honeywell,"Bangalore, Karnataka",,,INR,IT Jobs,,2026-07-02T10:31:44Z,2026-08-02T07:29:53.930894+00:00,data analyst,Bangalore,https://www.adzuna.in/details/5784971932?utm_medium=api&utm_source=f15ef5ad,
5784972977,Senior Software Engineer,"NTT America, Inc.","Delhi, India",,,INR,IT Jobs,,2026-07-02T10:32:37Z,2026-08-02T07:29:53.930894+00:00,business analyst,Delhi,https://www.adzuna.in/details/5784972977?utm_medium=api&utm_source=f15ef5ad,
5785025954,Data Analyst - Remote,YO AI Labs,"Bangalore, Karnataka",,,INR,IT Jobs,contract,2026-07-02T11:18:26Z,2026-08-02T07:29:53.930894+00:00,data analyst,Bangalore,https://www.adzuna.in/details/5785025954?utm_medium=api&utm_source=f15ef5ad,Excel
5785771031,"Specialist, Business Analyst – Content Workflow & Platform Enablement (Adobe Workfront)",MSD,"Hyderabad, Telangana",,,INR,IT Jobs,,2026-07-03T00:54:13Z,2026-08-02T07:29:53.930894+00:00,business analyst,Hyderabad,https://www.adzuna.in/land/ad/5785771031?se=cDy1D0SO8RGNzO_fQd9OLg&utm_medium=api&utm_source=f15ef5ad&v=791BD5491E45FC4D9FB7DD24D4652AE8D84F8F28,
5785771371,Geospatial Physical Risk - AI Data Operations Analyst,MSCI,"Mumbai, Maharashtra",,,INR,IT Jobs,,2026-07-03T00:54:15Z,2026-08-02T07:29:53.930894+00:00,data analyst,Mumbai,https://www.adzuna.in/land/ad/5785771371?se=4oX3-EOO8RGGgO_n0rmdiQ&utm_medium=api&utm_source=f15ef5ad&v=1F85CC85D5C3FFE81DA9A3C55D962E4EB9D0A2EB,
5786195192,Business Analyst Intern,Unifynd Labs ,"Mumbai, Maharashtra",120000.0,300000.0,INR,IT Jobs,contract,2026-07-03T06:24:17Z,2026-08-02T07:29:53.930894+00:00,business analyst,Mumbai,https://www.adzuna.in/details/5786195192?utm_medium=api&utm_source=f15ef5ad,
5787142055,Business Analyst,Mouser,"Pune, Maharashtra",,,INR,IT Jobs,,2026-07-04T02:23:04Z,2026-08-02T07:29:53.930894+00:00,business analyst,Pune,https://www.adzuna.in/details/5787142055?utm_medium=api&utm_source=f15ef5ad,
5787211484,Business Analyst,In Touch,"Hyderabad, Telangana",,,INR,IT Jobs,,2026-07-04T02:33:21Z,2026-08-02T07:29:53.930894+00:00,business analyst,Hyderabad,https://www.adzuna.in/details/5787211484?utm_medium=api&utm_source=f15ef5ad,
5787264002,Strategic Sales Business Analyst,AVEVA,"Mumbai, Maharashtra",,,INR,Sales Jobs,,2026-07-04T02:42:06Z,2026-08-02T07:29:53.930894+00:00,business analyst,Mumbai,https://www.adzuna.in/details/5787264002?utm_medium=api&utm_source=f15ef5ad,
5787269652,P2B - Data Analyst Principal,Cummins,"Pune, Maharashtra",,,INR,IT Jobs,,2026-07-04T02:44:07Z,2026-08-02T07:29:53.930894+00:00,data analyst,Pune,https://www.adzuna.in/details/5787269652?utm_medium=api&utm_source=f15ef5ad,SAP
5787272162,Sr Associate Business Analyst,Amgen,"Hyderabad, Telangana",,,INR,IT Jobs,,2026-07-04T02:47:00Z,2026-08-02T07:29:53.930894+00:00,business analyst,Hyderabad,https://www.adzuna.in/details/5787272162?utm_medium=api&utm_source=f15ef5ad,
5787618471,Business Analyst/Project Management Senior Lead- Equities,Citigroup,"Pune, Maharashtra",,,INR,Consultancy Jobs,,2026-07-04T11:48:33Z,2026-08-02T07:29:53.930894+00:00,business analyst,Pune,https://www.adzuna.in/details/5787618471?utm_medium=api&utm_source=f15ef5ad,
5788791753,Senior Lead Engineer,"NTT America, Inc.","Delhi, India",,,INR,IT Jobs,,2026-07-05T10:44:06Z,2026-08-02T07:29:53.930894+00:00,business analyst,Delhi,https://www.adzuna.in/details/5788791753?utm_medium=api&utm_source=f15ef5ad,
5788791839,Strategic Sales Business Analyst,AVEVA,"Mumbai, Maharashtra",,,INR,IT Jobs,,2026-07-05T10:44:12Z,2026-08-02T07:29:53.930894+00:00,business analyst,Mumbai,https://www.adzuna.in/details/5788791839?utm_medium=api&utm_source=f15ef5ad,
5789372931,Data Analyst (Procurement & REWS),WPP,"Mumbai, Maharashtra",,,INR,Accounting & Finance Jobs,,2026-07-06T03:09:35Z,2026-08-02T07:29:53.930894+00:00,data analyst,Mumbai,https://www.adzuna.in/details/5789372931?utm_medium=api&utm_source=f15ef5ad,
5789397442,"Analyst, Data Operations",Russell Investments,"Mumbai, Maharashtra",,,INR,Accounting & Finance Jobs,,2026-07-06T03:30:40Z,2026-08-02T07:29:53.930894+00:00,data analyst,Mumbai,https://www.adzuna.in/details/5789397442?utm_medium=api&utm_source=f15ef5ad,
5789402058,Purchasing Senior Data Analyst,Imerys,"Hyderabad, Telangana",,,INR,IT Jobs,permanent,2026-07-06T03:38:26Z,2026-08-02T07:29:53.930894+00:00,data analyst,Hyderabad,https://www.adzuna.in/details/5789402058?utm_medium=api&utm_source=f15ef5ad,
5789810451,Senior Salesforce Business Analyst,ERM Group,"Delhi, India",,,INR,IT Jobs,,2026-07-06T15:04:15Z,2026-08-02T07:29:53.930894+00:00,business analyst,Delhi,https://www.adzuna.in/details/5789810451?utm_medium=api&utm_source=f15ef5ad,
5789810547,Data Analyst,Epsilon,"Bangalore, Karnataka",,,INR,IT Jobs,,2026-07-06T15:04:16Z,2026-08-02T07:29:53.930894+00:00,data analyst,Bangalore,https://www.adzuna.in/details/5789810547?utm_medium=api&utm_source=f15ef5ad,
5790876797,Lead Data Analyst-Rural Banking,IDFC FIRST Bank,"Mumbai, Maharashtra",,,INR,IT Jobs,,2026-07-07T15:01:41Z,2026-08-02T07:29:53.930894+00:00,data analyst,Mumbai,https://www.adzuna.in/details/5790876797?utm_medium=api&utm_source=f15ef5ad,
5790907274,Software Engineer (ACP),Avaloq,"Pune, Maharashtra",,,INR,IT Jobs,,2026-07-07T15:28:34Z,2026-08-02T07:29:53.930894+00:00,business analyst,Pune,https://www.adzuna.in/land/ad/5790907274?se=4LY2EkSO8RG8JMyxbRrc7Q&utm_medium=api&utm_source=f15ef5ad&v=A26A8D5B1E7C890FF8CCBCC8F11969468700FCA3,
5791442366,ISV Global Oracle Sales and Pricing Business Analyst,Emerson,"Pune, Maharashtra",,,INR,IT Jobs,,2026-07-08T03:23:52Z,2026-08-02T07:29:53.930894+00:00,business analyst,Pune,https://www.adzuna.in/details/5791442366?utm_medium=api&utm_source=f15ef5ad,
5791468425,Data Governance Analyst,Datavail Infotech,"Mumbai, Maharashtra",,,INR,IT Jobs,,2026-07-08T03:31:37Z,2026-08-02T07:29:53.930894+00:00,data analyst,Mumbai,https://www.adzuna.in/details/5791468425?utm_medium=api&utm_source=f15ef5ad,
5791614540,Business Analyst-Digital Marketing,Aristok Technologies,"Pune, Maharashtra",400000.0,450000.0,INR,"PR, Advertising & Marketing Jobs",permanent,2026-07-08T06:25:02Z,2026-08-02T07:29:53.930894+00:00,business analyst,Pune,https://www.adzuna.in/details/5791614540?utm_medium=api&utm_source=f15ef5ad,
5791614635,Lead Business Analyst,Masai,"Bangalore, Karnataka",3000000.0,4500000.0,INR,IT Jobs,permanent,2026-07-08T06:25:02Z,2026-08-02T07:29:53.930894+00:00,business analyst,Bangalore,https://www.adzuna.in/details/5791614635?utm_medium=api&utm_source=f15ef5ad,
5792033018,Business Intelligence Analyst,Cummins Inc.,"Pune, Maharashtra",,,INR,IT Jobs,,2026-07-08T10:40:30Z,2026-08-02T07:29:53.930894+00:00,business analyst,Pune,https://www.adzuna.in/details/5792033018?utm_medium=api&utm_source=f15ef5ad,
5792256751,D&T Analyst I – Master Data Operations,General Mills India,"Mumbai, Maharashtra",,,INR,IT Jobs,,2026-07-08T15:16:32Z,2026-08-02T07:29:53.930894+00:00,data analyst,Mumbai,https://www.adzuna.in/details/5792256751?utm_medium=api&utm_source=f15ef5ad,
5792798976,Senior HR Data Quality Analyst,Johnson & Johnson MedTech,"Hyderabad, Telangana",,,INR,HR & Recruitment Jobs,permanent,2026-07-08T21:12:02Z,2026-08-02T07:29:53.930894+00:00,data analyst,Hyderabad,https://www.adzuna.in/details/5792798976?utm_medium=api&utm_source=f15ef5ad,
5793236320,Business Analyst,PerkinElmer,"Hyderabad, Telangana",,,INR,IT Jobs,,2026-07-09T03:13:43Z,2026-08-02T07:29:53.930894+00:00,business analyst,Hyderabad,https://www.adzuna.in/details/5793236320?utm_medium=api&utm_source=f15ef5ad,
5793272519,Assistant Manager - Business Analyst,BSR & Co,"Mumbai, Maharashtra",,,INR,Legal Jobs,,2026-07-09T03:20:51Z,2026-08-02T07:29:53.930894+00:00,business analyst,Mumbai,https://www.adzuna.in/details/5793272519?utm_medium=api&utm_source=f15ef5ad,
5793370884,Business Intelligence Analyst,Cummins,"Pune, Maharashtra",,,INR,IT Jobs,,2026-07-09T03:48:26Z,2026-08-02T07:29:53.930894+00:00,business analyst,Pune,https://www.adzuna.in/details/5793370884?utm_medium=api&utm_source=f15ef5ad,
5793785709,ISV Global Oracle Sales and Pricing Business Analyst,Emerson,"Pune, Maharashtra",,,INR,IT Jobs,,2026-07-09T10:40:48Z,2026-08-02T07:29:53.930894+00:00,business analyst,Pune,https://www.adzuna.in/details/5793785709?utm_medium=api&utm_source=f15ef5ad,
5794001408,Data Analyst IRC298756,GlobalLogic,"Hyderabad, Telangana",,,INR,IT Jobs,contract,2026-07-09T15:08:34Z,2026-08-02T07:29:53.930894+00:00,data analyst,Hyderabad,https://www.adzuna.in/details/5794001408?utm_medium=api&utm_source=f15ef5ad,Looker|Power BI|Python|SQL|Tableau
5794153830,Climate Data Analyst,MSCI,"Pune, Maharashtra",,,INR,Scientific & QA Jobs,,2026-07-09T17:58:48Z,2026-08-02T07:29:53.930894+00:00,data analyst,Pune,https://www.adzuna.in/land/ad/5794153830?se=zuknBUSO8RGGgO_n0rmdiQ&utm_medium=api&utm_source=f15ef5ad&v=7B509AA3D7E6FE5FA335FB9A8D3F519062CE1D7F,
5794637442,Relationship Manager - Wealth - Delhi - Videocon Towers - JM,Tata Capital,"Delhi, India",,,INR,Accounting & Finance Jobs,,2026-07-10T03:16:20Z,2026-08-02T07:29:53.930894+00:00,business analyst,Delhi,https://www.adzuna.in/details/5794637442?utm_medium=api&utm_source=f15ef5ad,
5794677167,Audit Executive-SUPPORT SERVICES-Internal Audit,Kotak Mahindra Bank,"Mumbai, Maharashtra",,,INR,Accounting & Finance Jobs,,2026-07-10T03:22:13Z,2026-08-02T07:29:53.930894+00:00,data analyst,Mumbai,https://www.adzuna.in/details/5794677167?utm_medium=api&utm_source=f15ef5ad,
5794757631,Manager - Business Analyst,BSR & Co,"Hyderabad, Telangana",,,INR,Legal Jobs,,2026-07-10T03:38:19Z,2026-08-02T07:29:53.930894+00:00,business analyst,Hyderabad,https://www.adzuna.in/details/5794757631?utm_medium=api&utm_source=f15ef5ad,
5794908932,Data Science Analyst Search Mumbai India,Ebay,"Mumbai, Maharashtra",,,INR,IT Jobs,,2026-07-10T06:25:19Z,2026-08-02T07:29:53.930894+00:00,data analyst,Mumbai,https://www.adzuna.in/details/5794908932?utm_medium=api&utm_source=f15ef5ad,
5794910978,ServiceNow Business Analyst,OctoRudra HR LLP,"Bangalore, Karnataka",1200000.0,1500000.0,INR,IT Jobs,permanent,2026-07-10T06:25:47Z,2026-08-02T07:29:53.930894+00:00,business analyst,Bangalore,https://www.adzuna.in/details/5794910978?utm_medium=api&utm_source=f15ef5ad,
5794934977,Business Analyst,Qualitykiosk Technologies Private Limited,"Hyderabad, Telangana",,,INR,IT Jobs,,2026-07-10T07:16:41Z,2026-08-02T07:29:53.930894+00:00,business analyst,Hyderabad,https://www.adzuna.in/details/5794934977?utm_medium=api&utm_source=f15ef5ad,
5794934978,Business Analyst,Qualitykiosk Technologies Private Limited,"Hyderabad, Telangana",,,INR,IT Jobs,,2026-07-10T07:16:41Z,2026-08-02T07:29:53.930894+00:00,business analyst,Hyderabad,https://www.adzuna.in/details/5794934978?utm_medium=api&utm_source=f15ef5ad,
5794937971,Technical Business Analyst,Guidewire Software,"Bangalore, Karnataka",,,INR,IT Jobs,,2026-07-10T07:18:52Z,2026-08-02T07:29:53.930894+00:00,business analyst,Bangalore,https://www.adzuna.in/details/5794937971?utm_medium=api&utm_source=f15ef5ad,Power BI|SQL|Tableau
5794938920,Data Science Analyst,Aakash Educational Services ,"Delhi, India",,,INR,IT Jobs,,2026-07-10T07:19:29Z,2026-08-02T07:29:53.930894+00:00,data analyst,Delhi,https://www.adzuna.in/details/5794938920?utm_medium=api&utm_source=f15ef5ad,Excel|Power BI|Python|SQL|Statistics|Tableau
5794938946,DataFlux Manager,Aliqan Services,"Delhi, India",,,INR,IT Jobs,,2026-07-10T07:19:30Z,2026-08-02T07:29:53.930894+00:00,data analyst,Delhi,https://www.adzuna.in/details/5794938946?utm_medium=api&utm_source=f15ef5ad,
5794938950,DataFlux Manager,Aliqan Services,"Pune, Maharashtra",,,INR,IT Jobs,,2026-07-10T07:19:30Z,2026-08-02T07:29:53.930894+00:00,data analyst,Pune,https://www.adzuna.in/details/5794938950?utm_medium=api&utm_source=f15ef5ad,
5794938975,Senior Data Analyst,Aliqan Services,"Bangalore, Karnataka",,,INR,IT Jobs,,2026-07-10T07:19:30Z,2026-08-02T07:29:53.930894+00:00,data analyst,Bangalore,https://www.adzuna.in/details/5794938975?utm_medium=api&utm_source=f15ef5ad,Azure|Python|Spark
5794941068,Business Analyst - BPO,Titanium Consulting,"Mumbai, Maharashtra",,,INR,IT Jobs,,2026-07-10T07:20:30Z,2026-08-02T07:29:53.930894+00:00,business analyst,Mumbai,https://www.adzuna.in/details/5794941068?utm_medium=api&utm_source=f15ef5ad,Excel
5794941129,Business Analyst - BPO,Titanium Consulting,"Delhi, India",,,INR,IT Jobs,,2026-07-10T07:20:31Z,2026-08-02T07:29:53.930894+00:00,business analyst,Delhi,https://www.adzuna.in/details/5794941129?utm_medium=api&utm_source=f15ef5ad,Excel
5794941313,Business Analyst,MYK LATICRETE,"Hyderabad, Telangana",,,INR,IT Jobs,,2026-07-10T07:20:32Z,2026-08-02T07:29:53.930894+00:00,business analyst,Hyderabad,https://www.adzuna.in/details/5794941313?utm_medium=api&utm_source=f15ef5ad,
5794942265,Business Analyst-Reinsurance,LTM,"Pune, Maharashtra",,,INR,IT Jobs,,2026-07-10T07:21:29Z,2026-08-02T07:29:53.930894+00:00,business analyst,Pune,https://www.adzuna.in/details/5794942265?utm_medium=api&utm_source=f15ef5ad,
5795125094,"AVP, Senior Data & Metrics Analyst",Citigroup,"Mumbai, Maharashtra",,,INR,Accounting & Finance Jobs,,2026-07-10T10:40:26Z,2026-08-02T07:29:53.930894+00:00,data analyst,Mumbai,https://www.adzuna.in/details/5795125094?utm_medium=api&utm_source=f15ef5ad,
5795125459,Team Lead - Regulatory & Sectoral Strategy,ICF,"New Delhi, Delhi",,,INR,"Energy, Oil & Gas Jobs",,2026-07-10T10:41:09Z,2026-08-02T07:29:53.930894+00:00,business analyst,Delhi,https://www.adzuna.in/details/5795125459?utm_medium=api&utm_source=f15ef5ad,
5795125574,Business Analyst,Kyndryl,"Bangalore, Karnataka",,,INR,IT Jobs,,2026-07-10T10:41:20Z,2026-08-02T07:29:53.930894+00:00,business analyst,Bangalore,https://www.adzuna.in/details/5795125574?utm_medium=api&utm_source=f15ef5ad,
5795414680,Manager - Business Analyst -,GMR Group,"Hyderabad, Telangana",,,INR,IT Jobs,,2026-07-10T15:09:53Z,2026-08-02T07:29:53.930894+00:00,business analyst,Hyderabad,https://www.adzuna.in/details/5795414680?utm_medium=api&utm_source=f15ef5ad,
5795414717,Analyst - Business Operations,CoinDCX,"Mumbai, Maharashtra",,,INR,Accounting & Finance Jobs,,2026-07-10T15:09:53Z,2026-08-02T07:29:53.930894+00:00,business analyst,Mumbai,https://www.adzuna.in/details/5795414717?utm_medium=api&utm_source=f15ef5ad,
5795463449,Client Services Representative,Artech L.L.C.,"Mumbai, Maharashtra",,,INR,Accounting & Finance Jobs,,2026-07-10T15:27:32Z,2026-08-02T07:29:53.930894+00:00,business analyst,Mumbai,https://www.adzuna.in/land/ad/5795463449?se=ro1UDkSO8RGRY7pi4p3KTA&utm_medium=api&utm_source=f15ef5ad&v=E8A0478FF579CD2BCC6AD36BE4DF9BD196D72408,
5795748996,Business Analyst,EY,"Bangalore, Karnataka",,,INR,IT Jobs,permanent,2026-07-10T21:10:41Z,2026-08-02T07:29:53.930894+00:00,business analyst,Bangalore,https://www.adzuna.in/details/5795748996?utm_medium=api&utm_source=f15ef5ad,SAP
5795883405,"Principal BA I, Invest Tech",Invesco,"Hyderabad, Telangana",,,INR,IT Jobs,contract,2026-07-10T23:42:55Z,2026-08-02T07:29:53.930894+00:00,business analyst,Hyderabad,https://www.adzuna.in/land/ad/5795883405?se=6BP7EESO8RG8JMyxbRrc7Q&utm_medium=api&utm_source=f15ef5ad&v=8006672C4DE50E09467131D150A50897278D5722,
5796079684,"Business Analyst, VP",Natwest Group,"Bangalore, Karnataka",,,INR,IT Jobs,,2026-07-11T03:08:30Z,2026-08-02T07:29:53.930894+00:00,business analyst,Bangalore,https://www.adzuna.in/details/5796079684?utm_medium=api&utm_source=f15ef5ad,
5796194712,Principal Data Analyst,Zynga,"Bangalore, Karnataka",,,INR,IT Jobs,,2026-07-11T03:26:06Z,2026-08-02T07:29:53.930894+00:00,data analyst,Bangalore,https://www.adzuna.in/details/5796194712?utm_medium=api&utm_source=f15ef5ad,
5796206192,Senior - Data Analyst,BSR & Co,"Pune, Maharashtra",,,INR,Legal Jobs,,2026-07-11T03:36:36Z,2026-08-02T07:29:53.930894+00:00,data analyst,Pune,https://www.adzuna.in/details/5796206192?utm_medium=api&utm_source=f15ef5ad,
5796255035,RPA Business Analyst,Valenta AI,"Hebbal Kempapura, Bangalore",800000.0,850000.0,INR,IT Jobs,permanent,2026-07-11T04:40:20Z,2026-08-02T07:29:53.930894+00:00,business analyst,Bangalore,https://www.adzuna.in/details/5796255035?utm_medium=api&utm_source=f15ef5ad,
5796256176,Business Analyst,AVIGNAAI PRIVATE LIMITED,"Baner, Pune",,,INR,IT Jobs,,2026-07-11T04:40:29Z,2026-08-02T07:29:53.930894+00:00,business analyst,Pune,https://www.adzuna.in/details/5796256176?utm_medium=api&utm_source=f15ef5ad,
5796402723,Data Management Analyst,BNY Mellon International Operations India Private Limited,"Pune, Maharashtra",,,INR,IT Jobs,,2026-07-11T07:16:59Z,2026-08-02T07:29:53.930894+00:00,data analyst,Pune,https://www.adzuna.in/details/5796402723?utm_medium=api&utm_source=f15ef5ad,
5796403847,IT Business Analyst,Harsco India Private Limited,"Hyderabad, Telangana",,,INR,IT Jobs,,2026-07-11T07:17:30Z,2026-08-02T07:29:53.930894+00:00,business analyst,Hyderabad,https://www.adzuna.in/details/5796403847?utm_medium=api&utm_source=f15ef5ad,
5796403865,IT Business Analyst,Harsco India Private Limited,"Hyderabad, Telangana",,,INR,IT Jobs,,2026-07-11T07:17:30Z,2026-08-02T07:29:53.930894+00:00,business analyst,Hyderabad,https://www.adzuna.in/details/5796403865?utm_medium=api&utm_source=f15ef5ad,
5796404549,Business Analyst,Aeries Technology,"Bangalore, Karnataka",,,INR,IT Jobs,,2026-07-11T07:17:46Z,2026-08-02T07:29:53.930894+00:00,business analyst,Bangalore,https://www.adzuna.in/details/5796404549?utm_medium=api&utm_source=f15ef5ad,
5796404872,Business Analyst,NCR Vyoix,"Bangalore, Karnataka",,,INR,IT Jobs,,2026-07-11T07:17:54Z,2026-08-02T07:29:53.930894+00:00,business analyst,Bangalore,https://www.adzuna.in/details/5796404872?utm_medium=api&utm_source=f15ef5ad,
5796407831,Data Analyst - Survey Administration,Mercer,"Mumbai, Maharashtra",,,INR,IT Jobs,,2026-07-11T07:18:41Z,2026-08-02T07:29:53.930894+00:00,data analyst,Mumbai,https://www.adzuna.in/details/5796407831?utm_medium=api&utm_source=f15ef5ad,
5796410881,Data Analyst,Novel Office,"Hyderabad, Telangana",,,INR,IT Jobs,,2026-07-11T07:19:21Z,2026-08-02T07:29:53.930894+00:00,data analyst,Hyderabad,https://www.adzuna.in/details/5796410881?utm_medium=api&utm_source=f15ef5ad,Excel
5796412646,Business Analyst For US Treasury Settlements,Experis,"Mumbai, Maharashtra",,,INR,Accounting & Finance Jobs,,2026-07-11T07:19:59Z,2026-08-02T07:29:53.930894+00:00,business analyst,Mumbai,https://www.adzuna.in/details/5796412646?utm_medium=api&utm_source=f15ef5ad,
5796413664,Data Analyst - OpenData Commercial,Veeva Systems,"Mumbai, Maharashtra",,,INR,IT Jobs,,2026-07-11T07:20:19Z,2026-08-02T07:29:53.930894+00:00,data analyst,Mumbai,https://www.adzuna.in/details/5796413664?utm_medium=api&utm_source=f15ef5ad,
5796413668,Data Engineer OpenData Commercial,Veeva Systems,"Mumbai, Maharashtra",,,INR,IT Jobs,,2026-07-11T07:20:19Z,2026-08-02T07:29:53.930894+00:00,data analyst,Mumbai,https://www.adzuna.in/details/5796413668?utm_medium=api&utm_source=f15ef5ad,Machine Learning
5796413689,Data Engineer,Veeva Systems,"Mumbai, Maharashtra",,,INR,IT Jobs,,2026-07-11T07:20:19Z,2026-08-02T07:29:53.930894+00:00,data analyst,Mumbai,https://www.adzuna.in/details/5796413689?utm_medium=api&utm_source=f15ef5ad,ETL
5796414103,Business Analyst BA GBS FT Implement,Align Technology,"Mumbai, Maharashtra",,,INR,IT Jobs,,2026-07-11T07:20:30Z,2026-08-02T07:29:53.930894+00:00,business analyst,Mumbai,https://www.adzuna.in/details/5796414103?utm_medium=api&utm_source=f15ef5ad,
5796414147,Data Analyst,Align Technology,"Delhi, India",,,INR,IT Jobs,,2026-07-11T07:20:30Z,2026-08-02T07:29:53.930894+00:00,data analyst,Delhi,https://www.adzuna.in/details/5796414147?utm_medium=api&utm_source=f15ef5ad,Statistics
5796415135,Senior Business Analyst,Bansal Roofing Products,"Bangalore, Karnataka",,,INR,IT Jobs,,2026-07-11T07:20:51Z,2026-08-02T07:29:53.930894+00:00,business analyst,Bangalore,https://www.adzuna.in/details/5796415135?utm_medium=api&utm_source=f15ef5ad,
5796415265,Product Analyst/ Data Analyst,Impact Guru,"Mumbai, Maharashtra",,,INR,IT Jobs,,2026-07-11T07:20:52Z,2026-08-02T07:29:53.930894+00:00,data analyst,Mumbai,https://www.adzuna.in/details/5796415265?utm_medium=api&utm_source=f15ef5ad,
5796415449,Senior Business Analyst,Kanerika Software Private Limited,"Hyderabad, Telangana",,,INR,IT Jobs,,2026-07-11T07:20:53Z,2026-08-02T07:29:53.930894+00:00,business analyst,Hyderabad,https://www.adzuna.in/details/5796415449?utm_medium=api&utm_source=f15ef5ad,
5796417289,Data Analyst,Phenom People,"Hyderabad, Telangana",,,INR,IT Jobs,,2026-07-11T07:21:34Z,2026-08-02T07:29:53.930894+00:00,data analyst,Hyderabad,https://www.adzuna.in/details/5796417289?utm_medium=api&utm_source=f15ef5ad,Looker|SQL
5797337094,Data Analyst,Cohere Health,"Hyderabad, Telangana",,,INR,Accounting & Finance Jobs,,2026-07-12T03:18:11Z,2026-08-02T07:29:53.930894+00:00,data analyst,Hyderabad,https://www.adzuna.in/details/5797337094?utm_medium=api&utm_source=f15ef5ad,
5797362699,Senior Product Operations Analyst,Tide,"Delhi, India",,,INR,Accounting & Finance Jobs,,2026-07-12T03:21:14Z,2026-08-02T07:29:53.930894+00:00,data analyst,Delhi,https://www.adzuna.in/details/5797362699?utm_medium=api&utm_source=f15ef5ad,
5797373942,Sr. Data Analyst,Cohere Health,"Hyderabad, Telangana",,,INR,IT Jobs,,2026-07-12T03:26:17Z,2026-08-02T07:29:53.930894+00:00,data analyst,Hyderabad,https://www.adzuna.in/details/5797373942?utm_medium=api&utm_source=f15ef5ad,
5797375097,Senior Data Analyst,Zynga,"Bangalore, Karnataka",,,INR,IT Jobs,,2026-07-12T03:27:34Z,2026-08-02T07:29:53.930894+00:00,data analyst,Bangalore,https://www.adzuna.in/details/5797375097?utm_medium=api&utm_source=f15ef5ad,
5797380359,Business Analyst,ZAGENO,"Rameshnagar, Bangalore",,,INR,IT Jobs,,2026-07-12T03:29:35Z,2026-08-02T07:29:53.930894+00:00,business analyst,Bangalore,https://www.adzuna.in/details/5797380359?utm_medium=api&utm_source=f15ef5ad,
5797383589,Prin IT Business Analyst - SAP IBP,MiniMed,"Pune, Maharashtra",,,INR,IT Jobs,,2026-07-12T03:33:29Z,2026-08-02T07:29:53.930894+00:00,business analyst,Pune,https://www.adzuna.in/details/5797383589?utm_medium=api&utm_source=f15ef5ad,SAP
5797507210,Senior Financial Data Analyst,MiraTech,"Mumbai, Maharashtra",,,INR,HR & Recruitment Jobs,,2026-07-12T07:20:10Z,2026-08-02T07:29:53.930894+00:00,data analyst,Mumbai,https://www.adzuna.in/details/5797507210?utm_medium=api&utm_source=f15ef5ad,
5797507590,Business Analyst,Indegene,"Bangalore, Karnataka",,,INR,IT Jobs,,2026-07-12T07:20:21Z,2026-08-02T07:29:53.930894+00:00,business analyst,Bangalore,https://www.adzuna.in/details/5797507590?utm_medium=api&utm_source=f15ef5ad,
5797878983,Lead – Analyst & Advisor Relations,Mastek,"Mumbai, Maharashtra",,,INR,Accounting & Finance Jobs,,2026-07-12T15:43:21Z,2026-08-02T07:29:53.930894+00:00,business analyst,Mumbai,https://www.adzuna.in/land/ad/5797878983?se=JpgtDUSO8RG8JMyxbRrc7Q&utm_medium=api&utm_source=f15ef5ad&v=BB4EE49017F6F616F20F4F536118248E33E1838E,
5797879568,Engagement Lead,Saras Analytics,"Hyderabad, Telangana",,,INR,Sales Jobs,,2026-07-12T15:44:32Z,2026-08-02T07:29:53.930894+00:00,business analyst,Hyderabad,https://www.adzuna.in/land/ad/5797879568?se=cDy1D0SO8RGNzO_fQd9OLg&utm_medium=api&utm_source=f15ef5ad&v=EEFF7152CA840158DA6FC40F0C0E4395DC32D92F,
5798139392,Test Engineer,AQM Technologies,"Mumbai, Maharashtra",,,INR,IT Jobs,,2026-07-13T01:59:14Z,2026-08-02T07:29:53.930894+00:00,business analyst,Mumbai,https://www.adzuna.in/land/ad/5798139392?se=JpgtDUSO8RG8JMyxbRrc7Q&utm_medium=api&utm_source=f15ef5ad&v=E8D6A8C6D93F5585CFAD7E58346BFC9512033E54,
5798274842,Data Analyst,TriNet,"Hyderabad, Telangana",,,INR,Accounting & Finance Jobs,,2026-07-13T03:26:36Z,2026-08-02T07:29:53.930894+00:00,data analyst,Hyderabad,https://www.adzuna.in/details/5798274842?utm_medium=api&utm_source=f15ef5ad,
5798558244,Business Intelligence Analyst,Citigroup,"Mumbai, Maharashtra",,,INR,IT Jobs,,2026-07-13T10:41:57Z,2026-08-02T07:29:53.930894+00:00,business analyst,Mumbai,https://www.adzuna.in/details/5798558244?utm_medium=api&utm_source=f15ef5ad,
5798559169,Senior Data Analyst,UnitedHealth Group,"Hyderabad, Telangana",,,INR,IT Jobs,,2026-07-13T10:44:25Z,2026-08-02T07:29:53.930894+00:00,data analyst,Hyderabad,https://www.adzuna.in/details/5798559169?utm_medium=api&utm_source=f15ef5ad,
5798559175,Senior Data Analyst,UnitedHealth Group,"Hyderabad, Telangana",,,INR,Healthcare & Nursing Jobs,,2026-07-13T10:44:25Z,2026-08-02T07:29:53.930894+00:00,data analyst,Hyderabad,https://www.adzuna.in/details/5798559175?utm_medium=api&utm_source=f15ef5ad,
5798708274,Digital Finance Business Analyst,Lonza,"Hyderabad, Telangana",,,INR,IT Jobs,,2026-07-13T15:10:20Z,2026-08-02T07:29:53.930894+00:00,business analyst,Hyderabad,https://www.adzuna.in/details/5798708274?utm_medium=api&utm_source=f15ef5ad,Power BI
5799016853,Analyst - Customer Master Data Reporting Technical,METRO Global Solution Center IN,"Pune, Maharashtra",,,INR,IT Jobs,,2026-07-14T00:53:42Z,2026-08-02T07:29:53.930894+00:00,data analyst,Pune,https://www.adzuna.in/details/5799016853?utm_medium=api&utm_source=f15ef5ad,Excel|Python|R|SQL|VBA
5799081185,Process Consultant – Digital Transformation,Valenta AI,"Sansad Marg, New Delhi",,,INR,IT Jobs,permanent,2026-07-14T02:29:54Z,2026-08-02T07:29:53.930894+00:00,business analyst,Delhi,https://www.adzuna.in/details/5799081185?utm_medium=api&utm_source=f15ef5ad,
5799338988,"Analyst, Data Architecture",Colgate-Palmolive Company,"Mumbai, Maharashtra",,,INR,IT Jobs,,2026-07-14T06:32:09Z,2026-08-02T07:29:53.930894+00:00,data analyst,Mumbai,https://www.adzuna.in/details/5799338988?utm_medium=api&utm_source=f15ef5ad,
5800078595,Business Analyst,UPL,"Mumbai, Maharashtra",,,INR,IT Jobs,permanent,2026-07-14T21:14:55Z,2026-08-02T07:29:53.930894+00:00,business analyst,Mumbai,https://www.adzuna.in/details/5800078595?utm_medium=api&utm_source=f15ef5ad,
5800078807,Intern - Data Analyst,GE HealthCare,"Bangalore, Karnataka",,,INR,IT Jobs,permanent,2026-07-14T21:14:56Z,2026-08-02T07:29:53.930894+00:00,data analyst,Bangalore,https://www.adzuna.in/details/5800078807?utm_medium=api&utm_source=f15ef5ad,
5800146147,IT - Business Analyst,Fulcrum Digital,"Yerwada, Pune",,,INR,IT Jobs,permanent,2026-07-14T22:38:21Z,2026-08-02T07:29:53.930894+00:00,business analyst,Pune,https://www.adzuna.in/details/5800146147?utm_medium=api&utm_source=f15ef5ad,
5800528254,"Analyst,Global Data Management",Colgate-Palmolive Company,"Mumbai, Maharashtra",,,INR,IT Jobs,,2026-07-15T06:29:27Z,2026-08-02T07:29:53.930894+00:00,data analyst,Mumbai,https://www.adzuna.in/details/5800528254?utm_medium=api&utm_source=f15ef5ad,
5800781574,Senior Business Analyst,Stolt-Nielsen Digital Innovation Centre,"Hyderabad, Telangana",,,INR,IT Jobs,,2026-07-15T10:33:23Z,2026-08-02T07:29:53.930894+00:00,business analyst,Hyderabad,https://www.adzuna.in/details/5800781574?utm_medium=api&utm_source=f15ef5ad,
5801030174,Data Analyst,Vikash Technologies,"Delhi, India",1500000.0,1900000.0,INR,IT Jobs,,2026-07-15T15:12:05Z,2026-08-02T07:29:53.930894+00:00,data analyst,Delhi,https://www.adzuna.in/details/5801030174?utm_medium=api&utm_source=f15ef5ad,Azure|ETL|Python|SQL
5801213106,Data Analyst // Mumbai // 3-6 Years,2coms,"Bazargate, Mumbai",1000000.0,1200000.0,INR,IT Jobs,permanent,2026-07-15T18:33:30Z,2026-08-02T07:29:53.930894+00:00,data analyst,Mumbai,https://www.adzuna.in/details/5801213106?utm_medium=api&utm_source=f15ef5ad,
5801251073,Data Management - Analyst,Experian,"Mumbai, Maharashtra",,,INR,IT Jobs,,2026-07-15T18:55:31Z,2026-08-02T07:29:53.930894+00:00,data analyst,Mumbai,https://www.adzuna.in/details/5801251073?utm_medium=api&utm_source=f15ef5ad,
5801396132,Associate Director Business Intelligence,Randstad Enterprise,"Hyderabad, Telangana",,,INR,IT Jobs,permanent,2026-07-15T22:26:33Z,2026-08-02T07:29:53.930894+00:00,data analyst,Hyderabad,https://www.adzuna.in/land/ad/5801396132?se=tEr0AESO8RG8JMyxbRrc7Q&utm_medium=api&utm_source=f15ef5ad&v=7CBE88D1D5AD77B39D5A743AD3AA11BA6110BA5B,
5801687356,Business Analyst - Solutions Engineering,Vyn,"New Delhi, Delhi",,,INR,IT Jobs,,2026-07-16T03:12:33Z,2026-08-02T07:29:53.930894+00:00,business analyst,Delhi,https://www.adzuna.in/details/5801687356?utm_medium=api&utm_source=f15ef5ad,
5802067351,Business Analyst - Life Insurance,AQM Technologies Private Limited,"Mumbai, Maharashtra",,,INR,IT Jobs,,2026-07-16T07:19:08Z,2026-08-02T07:29:53.930894+00:00,business analyst,Mumbai,https://www.adzuna.in/details/5802067351?utm_medium=api&utm_source=f15ef5ad,
5802074702,Sr.Data Analyst,HCL Technologies Limited,"Hyderabad, Telangana",,,INR,IT Jobs,,2026-07-16T07:24:00Z,2026-08-02T07:29:53.930894+00:00,data analyst,Hyderabad,https://www.adzuna.in/details/5802074702?utm_medium=api&utm_source=f15ef5ad,Excel
5802317235,Business Analyst,Cognizant,"Bangalore, Karnataka",,,INR,IT Jobs,,2026-07-16T10:42:48Z,2026-08-02T07:29:53.930894+00:00,business analyst,Bangalore,https://www.adzuna.in/details/5802317235?utm_medium=api&utm_source=f15ef5ad,
5802317420,Senior Data Center Operations Analyst,Ensono,"Pune, Maharashtra",,,INR,IT Jobs,,2026-07-16T10:42:59Z,2026-08-02T07:29:53.930894+00:00,data analyst,Pune,https://www.adzuna.in/details/5802317420?utm_medium=api&utm_source=f15ef5ad,
5802319086,Business Analyst,"NTT America, Inc.","Bangalore, Karnataka",,,INR,IT Jobs,,2026-07-16T10:44:10Z,2026-08-02T07:29:53.930894+00:00,business analyst,Bangalore,https://www.adzuna.in/details/5802319086?utm_medium=api&utm_source=f15ef5ad,
5802674915,Regulatory and Clinical Business Analyst,Infosys,"Hyderabad, Telangana",,,INR,IT Jobs,,2026-07-16T15:11:19Z,2026-08-02T07:29:53.930894+00:00,business analyst,Hyderabad,https://www.adzuna.in/details/5802674915?utm_medium=api&utm_source=f15ef5ad,
5802675496,"Business Analyst, Amazon Business 3P",Amazon,"Hyderabad, Telangana",,,INR,Accounting & Finance Jobs,,2026-07-16T15:11:21Z,2026-08-02T07:29:53.930894+00:00,business analyst,Hyderabad,https://www.adzuna.in/details/5802675496?utm_medium=api&utm_source=f15ef5ad,
5802882068,AI Business Systems Analyst,"QAD, Inc.","Pune, Maharashtra",,,INR,IT Jobs,,2026-07-16T18:56:43Z,2026-08-02T07:29:53.930894+00:00,business analyst,Pune,https://www.adzuna.in/details/5802882068?utm_medium=api&utm_source=f15ef5ad,
5803530325,Sr. Business Analyst,Dhan AI,"Balanagar, Hyderabad",100000.0,100000.0,INR,IT Jobs,permanent,2026-07-17T00:35:14Z,2026-08-02T07:29:53.930894+00:00,business analyst,Hyderabad,https://www.adzuna.in/details/5803530325?utm_medium=api&utm_source=f15ef5ad,
5803594902,Senior Odoo Techno-Functional Consultant / Odoo Lead,Linkfields Innovations  Ltd,"Hyderabad, Telangana",,,INR,IT Jobs,,2026-07-17T02:04:32Z,2026-08-02T07:29:53.930894+00:00,business analyst,Hyderabad,https://www.adzuna.in/land/ad/5803594902?se=cDy1D0SO8RGNzO_fQd9OLg&utm_medium=api&utm_source=f15ef5ad&v=41E3E821C6ABE492486439083A0A12A393A093B1,
5803780626,Yardi Business Analyst,Cushman & Wakefield,"Hyderabad, Telangana",,,INR,IT Jobs,,2026-07-17T03:15:39Z,2026-08-02T07:29:53.930894+00:00,business analyst,Hyderabad,https://www.adzuna.in/details/5803780626?utm_medium=api&utm_source=f15ef5ad,
5803845332,Senior Data Center Operations Analyst,Ensono,"Pune, Maharashtra",,,INR,IT Jobs,,2026-07-17T03:26:09Z,2026-08-02T07:29:53.930894+00:00,data analyst,Pune,https://www.adzuna.in/details/5803845332?utm_medium=api&utm_source=f15ef5ad,AWS|Azure|GCP
5803891109,Data Management Strategy & Governance Lead Analyst - HIH - Evernorth,Cigna Group,"Hyderabad, Telangana",,,INR,IT Jobs,,2026-07-17T03:32:51Z,2026-08-02T07:29:53.930894+00:00,data analyst,Hyderabad,https://www.adzuna.in/details/5803891109?utm_medium=api&utm_source=f15ef5ad,
5804437496,Technical Data Analyst,Guidant Global India,"Hyderabad, Telangana",,,INR,IT Jobs,,2026-07-17T10:33:52Z,2026-08-02T07:29:53.930894+00:00,data analyst,Hyderabad,https://www.adzuna.in/details/5804437496?utm_medium=api&utm_source=f15ef5ad,
5804445148,Data Analyst (MDM),Arrow Electronics,"Bangalore, Karnataka",,,INR,IT Jobs,,2026-07-17T10:43:22Z,2026-08-02T07:29:53.930894+00:00,data analyst,Bangalore,https://www.adzuna.in/details/5804445148?utm_medium=api&utm_source=f15ef5ad,
5804446256,MuleSoft Developer,"NTT America, Inc.","New Delhi, Delhi",,,INR,IT Jobs,,2026-07-17T10:45:12Z,2026-08-02T07:29:53.930894+00:00,business analyst,Delhi,https://www.adzuna.in/details/5804446256?utm_medium=api&utm_source=f15ef5ad,
5804688468,"Business Analyst , NCC- Hercules",ADCI HYD 20 SEZ,"Hyderabad, Telangana",,,INR,IT Jobs,,2026-07-17T15:12:46Z,2026-08-02T07:29:53.930894+00:00,business analyst,Hyderabad,https://www.adzuna.in/details/5804688468?utm_medium=api&utm_source=f15ef5ad,
5804688818,Business Analyst,Risosu Consulting LLP,"Chembur, Mumbai",300000.0,600000.0,INR,IT Jobs,,2026-07-17T15:12:48Z,2026-08-02T07:29:53.930894+00:00,business analyst,Mumbai,https://www.adzuna.in/details/5804688818?utm_medium=api&utm_source=f15ef5ad,
5804796305,Key Account Manager - Solution Sales,QodeNext,"New Delhi, Delhi",,,INR,IT Jobs,,2026-07-17T15:57:46Z,2026-08-02T07:29:53.930894+00:00,business analyst,Delhi,https://www.adzuna.in/land/ad/5804796305?se=_OVACESO8RGNzO_fQd9OLg&utm_medium=api&utm_source=f15ef5ad&v=92C2FC901AAC181925B1C8CD63B1276B577EAEE6,
5805033284,"Business Analyst I, AOP",Amazon,"Hyderabad, Telangana",,,INR,IT Jobs,permanent,2026-07-17T21:19:41Z,2026-08-02T07:29:53.930894+00:00,business analyst,Hyderabad,https://www.adzuna.in/details/5805033284?utm_medium=api&utm_source=f15ef5ad,
5805164402,ServiceNow Procurement Consultant (Client Procurement Contact) (Onsite / Remote),AvanteNow,"Bangalore, Karnataka",,,INR,Retail Jobs,,2026-07-18T02:10:40Z,2026-08-02T07:29:53.930894+00:00,business analyst,Bangalore,https://www.adzuna.in/land/ad/5805164402?se=iHzjC0SO8RGj5vYShZERXw&utm_medium=api&utm_source=f15ef5ad&v=E623D85E59757A9E1854296AED2C1229BFB4862A,
5805164613,Business Strategy Specialist,Karix,"Mumbai, Maharashtra",,,INR,Sales Jobs,,2026-07-18T02:11:49Z,2026-08-02T07:29:53.930894+00:00,business analyst,Mumbai,https://www.adzuna.in/land/ad/5805164613?se=ro1UDkSO8RGRY7pi4p3KTA&utm_medium=api&utm_source=f15ef5ad&v=7A13916580578E0861997761D878D9CDB8A7C950,
5805164872,Software Test Engineer,AQM Technologies,"Mumbai, Maharashtra",,,INR,IT Jobs,,2026-07-18T02:13:23Z,2026-08-02T07:29:53.930894+00:00,business analyst,Mumbai,https://www.adzuna.in/land/ad/5805164872?se=JpgtDUSO8RG8JMyxbRrc7Q&utm_medium=api&utm_source=f15ef5ad&v=87921C808C9DFA8967C6F7174024A158A97E9FBB,
5805537158,Business Analyst Intern,CargoFL,"Pune, Maharashtra",120000.0,156000.0,INR,IT Jobs,contract,2026-07-18T06:32:04Z,2026-08-02T07:29:53.930894+00:00,business analyst,Pune,https://www.adzuna.in/details/5805537158?utm_medium=api&utm_source=f15ef5ad,
5806276874,Senior Software Engineer (Fullstack),Avaloq,"Pune, Maharashtra",,,INR,IT Jobs,,2026-07-18T22:17:52Z,2026-08-02T07:29:53.930894+00:00,business analyst,Pune,https://www.adzuna.in/land/ad/5806276874?se=4LY2EkSO8RG8JMyxbRrc7Q&utm_medium=api&utm_source=f15ef5ad&v=8567C796648BBC595C41742E4B5890E75371F9A9,
5806353374,Senior GIS Develope,CXC,"Delhi, India",,,INR,IT Jobs,,2026-07-19T02:14:49Z,2026-08-02T07:29:53.930894+00:00,business analyst,Delhi,https://www.adzuna.in/land/ad/5806353374?se=_OVACESO8RGNzO_fQd9OLg&utm_medium=api&utm_source=f15ef5ad&v=4390325C31F816E004365F9FE138EC57C6A74CB1,
5806701766,Data Analyst (Snowflake),ValueMomentum,"Hyderabad, Telangana",,,INR,IT Jobs,,2026-07-19T07:21:31Z,2026-08-02T07:29:53.930894+00:00,data analyst,Hyderabad,https://www.adzuna.in/details/5806701766?utm_medium=api&utm_source=f15ef5ad,SQL|Snowflake
5806702920,Senior Business Applications Analyst,NICE,"Pune, Maharashtra",,,INR,IT Jobs,,2026-07-19T07:22:23Z,2026-08-02T07:29:53.930894+00:00,business analyst,Pune,https://www.adzuna.in/details/5806702920?utm_medium=api&utm_source=f15ef5ad,
5806704101,Business Analyst,Exioms Technology,"Pune, Maharashtra",,,INR,IT Jobs,,2026-07-19T07:23:32Z,2026-08-02T07:29:53.930894+00:00,business analyst,Pune,https://www.adzuna.in/details/5806704101?utm_medium=api&utm_source=f15ef5ad,
5806704159,Business Analyst,Exioms Technology,"Hyderabad, Telangana",,,INR,IT Jobs,,2026-07-19T07:23:34Z,2026-08-02T07:29:53.930894+00:00,business analyst,Hyderabad,https://www.adzuna.in/details/5806704159?utm_medium=api&utm_source=f15ef5ad,
5806704772,Architect Business analyst,Blueberry Digital Labs,"Hyderabad, Telangana",,,INR,IT Jobs,,2026-07-19T07:23:54Z,2026-08-02T07:29:53.930894+00:00,business analyst,Hyderabad,https://www.adzuna.in/details/5806704772?utm_medium=api&utm_source=f15ef5ad,
5806705161,Business Analyst,Simulationhub,"Pune, Maharashtra",,,INR,IT Jobs,,2026-07-19T07:24:19Z,2026-08-02T07:29:53.930894+00:00,business analyst,Pune,https://www.adzuna.in/details/5806705161?utm_medium=api&utm_source=f15ef5ad,
5806900923,Business Data Analyst- Assistant Vice President,Citigroup,"Pune, Maharashtra",,,INR,IT Jobs,,2026-07-19T10:44:15Z,2026-08-02T07:29:53.930894+00:00,data analyst,Pune,https://www.adzuna.in/details/5806900923?utm_medium=api&utm_source=f15ef5ad,
5806900927,Senior Business and Data Analyst- Vice President,Citigroup,"Pune, Maharashtra",,,INR,IT Jobs,,2026-07-19T10:44:15Z,2026-08-02T07:29:53.930894+00:00,data analyst,Pune,https://www.adzuna.in/details/5806900927?utm_medium=api&utm_source=f15ef5ad,
5806901314,Energy Market Analyst - Power,ICF,"New Delhi, Delhi",,,INR,"Energy, Oil & Gas Jobs",,2026-07-19T10:45:08Z,2026-08-02T07:29:53.930894+00:00,business analyst,Delhi,https://www.adzuna.in/details/5806901314?utm_medium=api&utm_source=f15ef5ad,
5806901536,Business Analyst,NetApp,"Bangalore, Karnataka",,,INR,IT Jobs,,2026-07-19T10:45:36Z,2026-08-02T07:29:53.930894+00:00,business analyst,Bangalore,https://www.adzuna.in/details/5806901536?utm_medium=api&utm_source=f15ef5ad,
5806901916,Lead Data Management Analyst,Wells Fargo,"Hyderabad, Telangana",,,INR,IT Jobs,,2026-07-19T10:46:23Z,2026-08-02T07:29:53.930894+00:00,data analyst,Hyderabad,https://www.adzuna.in/details/5806901916?utm_medium=api&utm_source=f15ef5ad,
5806901917,Senior Data Management Analyst,Wells Fargo,"Hyderabad, Telangana",,,INR,IT Jobs,,2026-07-19T10:46:23Z,2026-08-02T07:29:53.930894+00:00,data analyst,Hyderabad,https://www.adzuna.in/details/5806901917?utm_medium=api&utm_source=f15ef5ad,
5807500558,Lead Research Analyst - Global Competency Centers (GCC),Avasant,"New Delhi, Delhi",,,INR,Consultancy Jobs,,2026-07-20T03:26:45Z,2026-08-02T07:29:53.930894+00:00,data analyst,Delhi,https://www.adzuna.in/details/5807500558?utm_medium=api&utm_source=f15ef5ad,
5807632277,Data Analyst Trainee,growthally,"Mumbai, Maharashtra",240000.0,500000.0,INR,Accounting & Finance Jobs,,2026-07-20T06:32:56Z,2026-08-02T07:29:53.930894+00:00,data analyst,Mumbai,https://www.adzuna.in/details/5807632277?utm_medium=api&utm_source=f15ef5ad,
5807873770,Data Analytics Intermediate Analyst Tableau SQL,Citigroup,"Mumbai, Maharashtra",,,INR,IT Jobs,,2026-07-20T10:44:35Z,2026-08-02T07:29:53.930894+00:00,data analyst,Mumbai,https://www.adzuna.in/details/5807873770?utm_medium=api&utm_source=f15ef5ad,SQL|Tableau
5808003668,Data Analyst,Gainwell Technologies,"Bangalore, Karnataka",,,INR,IT Jobs,,2026-07-20T16:01:25Z,2026-08-02T07:29:53.930894+00:00,data analyst,Bangalore,https://www.adzuna.in/details/5808003668?utm_medium=api&utm_source=f15ef5ad,
5808003787,Junior Data Analyst,Jobgenix,"Bangalore, Karnataka",,,INR,IT Jobs,,2026-07-20T16:01:25Z,2026-08-02T07:29:53.930894+00:00,data analyst,Bangalore,https://www.adzuna.in/details/5808003787?utm_medium=api&utm_source=f15ef5ad,
5808131609,Manual Tester - LOS/LMS,AQM Technologies,"Mumbai, Maharashtra",,,INR,IT Jobs,,2026-07-20T18:27:39Z,2026-08-02T07:29:53.930894+00:00,business analyst,Mumbai,https://www.adzuna.in/land/ad/5808131609?se=JpgtDUSO8RG8JMyxbRrc7Q&utm_medium=api&utm_source=f15ef5ad&v=11A215CEE34220B5C55DEB34804B9E259757A422,
5808494875,Data Quality Assurance Analyst,Morningstar,"Mumbai, Maharashtra",,,INR,IT Jobs,,2026-07-21T03:37:17Z,2026-08-02T07:29:53.930894+00:00,data analyst,Mumbai,https://www.adzuna.in/details/5808494875?utm_medium=api&utm_source=f15ef5ad,
5808699298,Senior Analyst Data Science,Dell Inc,"Delhi, India",,,INR,IT Jobs,,2026-07-21T06:40:29Z,2026-08-02T07:29:53.930894+00:00,data analyst,Delhi,https://www.adzuna.in/details/5808699298?utm_medium=api&utm_source=f15ef5ad,
5809278078,Project Manager – Data and Analytics (6 months contract),MIGSO-PCUBED,"Bangalore, Karnataka",,,INR,IT Jobs,contract,2026-07-21T16:40:25Z,2026-08-02T07:29:53.930894+00:00,data analyst,Bangalore,https://www.adzuna.in/land/ad/5809278078?se=ToGg90OO8RGGgO_n0rmdiQ&utm_medium=api&utm_source=f15ef5ad&v=AB55EF9DFA3270816BE3773ED69A4AB834B13BBD,SAP|Snowflake
5809380560,Sr. Business Analyst - Change Management,Invesco,"Hyderabad, Telangana",,,INR,Accounting & Finance Jobs,contract,2026-07-21T19:43:06Z,2026-08-02T07:29:53.930894+00:00,business analyst,Hyderabad,https://www.adzuna.in/land/ad/5809380560?se=cDy1D0SO8RGNzO_fQd9OLg&utm_medium=api&utm_source=f15ef5ad&v=00FA745C9BFF72E03F8565053777597E4114B25A,
5809523577,Business Analyst,CGI,"Bangalore, Karnataka",,,INR,IT Jobs,permanent,2026-07-21T21:21:57Z,2026-08-02T07:29:53.930894+00:00,business analyst,Bangalore,https://www.adzuna.in/details/5809523577?utm_medium=api&utm_source=f15ef5ad,
5809629342,Data Analytics Manager,Sia,"Mumbai, Maharashtra",,,INR,IT Jobs,,2026-07-22T01:02:22Z,2026-08-02T07:29:53.930894+00:00,data analyst,Mumbai,https://www.adzuna.in/details/5809629342?utm_medium=api&utm_source=f15ef5ad,
5810418509,Senior Data Analyst,Advanced Energy,"Pune, Maharashtra",,,INR,IT Jobs,,2026-07-22T10:44:10Z,2026-08-02T07:29:53.930894+00:00,data analyst,Pune,https://www.adzuna.in/details/5810418509?utm_medium=api&utm_source=f15ef5ad,
5810420094,Data Analyst I,RELX INC,"Mumbai, Maharashtra",,,INR,IT Jobs,,2026-07-22T10:46:46Z,2026-08-02T07:29:53.930894+00:00,data analyst,Mumbai,https://www.adzuna.in/details/5810420094?utm_medium=api&utm_source=f15ef5ad,
5810735692,BUSINESS ANALYST L4,Wipro,"Hyderabad, Telangana",,,INR,IT Jobs,,2026-07-22T15:53:12Z,2026-08-02T07:29:53.930894+00:00,business analyst,Hyderabad,https://www.adzuna.in/details/5810735692?utm_medium=api&utm_source=f15ef5ad,
5810735710,"Business Analyst II, ISFX",Amazon,"Hyderabad, Telangana",,,INR,IT Jobs,,2026-07-22T15:53:12Z,2026-08-02T07:29:53.930894+00:00,business analyst,Hyderabad,https://www.adzuna.in/details/5810735710?utm_medium=api&utm_source=f15ef5ad,
5810845803,Senior Delivery Manager,Smart Analytica,"Mumbai, Maharashtra",,,INR,IT Jobs,,2026-07-22T16:53:26Z,2026-08-02T07:29:53.930894+00:00,data analyst,Mumbai,https://www.adzuna.in/land/ad/5810845803?se=oBmd_EOO8RGj5vYShZERXw&utm_medium=api&utm_source=f15ef5ad&v=CD534B8437F3FEB67AB8FEC2BDB651566CA54071,
5811297553,Senior Data Analyst,ZoomInfo,"Bangalore, Karnataka",,,INR,IT Jobs,,2026-07-23T03:13:27Z,2026-08-02T07:29:53.930894+00:00,data analyst,Bangalore,https://www.adzuna.in/details/5811297553?utm_medium=api&utm_source=f15ef5ad,
5811366422,Big Data Engineer,EXL,"Pune, Maharashtra",,,INR,IT Jobs,,2026-07-23T03:24:51Z,2026-08-02T07:29:53.930894+00:00,data analyst,Pune,https://www.adzuna.in/details/5811366422?utm_medium=api&utm_source=f15ef5ad,
5811385601,Business Analyst - Aviation,Nayara Energy,"Mumbai, Maharashtra",,,INR,Logistics & Warehouse Jobs,,2026-07-23T03:27:54Z,2026-08-02T07:29:53.930894+00:00,business analyst,Mumbai,https://www.adzuna.in/details/5811385601?utm_medium=api&utm_source=f15ef5ad,
5811390723,Senior Salesforce Business Analyst,ERM,"Delhi, India",,,INR,IT Jobs,,2026-07-23T03:28:42Z,2026-08-02T07:29:53.930894+00:00,business analyst,Delhi,https://www.adzuna.in/details/5811390723?utm_medium=api&utm_source=f15ef5ad,
5811426746,Senior Associate - Business Analyst,Davies,"Pune, Maharashtra",,,INR,IT Jobs,,2026-07-23T03:34:12Z,2026-08-02T07:29:53.930894+00:00,business analyst,Pune,https://www.adzuna.in/details/5811426746?utm_medium=api&utm_source=f15ef5ad,
5811726693,R& M Expert,Executive81 HR Solutions Private Limited,"Delhi, India",,,INR,Consultancy Jobs,,2026-07-23T07:21:12Z,2026-08-02T07:29:53.930894+00:00,business analyst,Delhi,https://www.adzuna.in/details/5811726693?utm_medium=api&utm_source=f15ef5ad,
5811736899,Data Analyst,Colruyt IT Consultancy India,"Hyderabad, Telangana",,,INR,IT Jobs,,2026-07-23T07:24:16Z,2026-08-02T07:29:53.930894+00:00,data analyst,Hyderabad,https://www.adzuna.in/details/5811736899?utm_medium=api&utm_source=f15ef5ad,
5811916722,Data Analytics Senior Analyst - Assistant Vice President,Citigroup,"Pune, Maharashtra",,,INR,IT Jobs,,2026-07-23T10:51:42Z,2026-08-02T07:29:53.930894+00:00,data analyst,Pune,https://www.adzuna.in/details/5811916722?utm_medium=api&utm_source=f15ef5ad,
5811917370,HCM Business Analyst,MiniMed,"Pune, Maharashtra",,,INR,IT Jobs,,2026-07-23T10:52:14Z,2026-08-02T07:29:53.930894+00:00,business analyst,Pune,https://www.adzuna.in/details/5811917370?utm_medium=api&utm_source=f15ef5ad,
5811918468,"Senior Data Engg Analyst - MongoDB, Python, Azure, API",UnitedHealth Group,"Hyderabad, Telangana",,,INR,IT Jobs,,2026-07-23T10:53:01Z,2026-08-02T07:29:53.930894+00:00,data analyst,Hyderabad,https://www.adzuna.in/details/5811918468?utm_medium=api&utm_source=f15ef5ad,Azure|Python
5812352805,Technical Executive Assistant,The Chopras,"Delhi, India",,,INR,IT Jobs,,2026-07-23T18:56:59Z,2026-08-02T07:29:53.930894+00:00,business analyst,Delhi,https://www.adzuna.in/land/ad/5812352805?se=_OVACESO8RGNzO_fQd9OLg&utm_medium=api&utm_source=f15ef5ad&v=4A37AD7DACBC53EF2CFFBB1218BF3CD5C05E955A,
5812518223,"Senior Data & BI Analyst (MS Power BI, Snowflake)",Franklin Templeton India,"Hyderabad, Telangana",,,INR,IT Jobs,permanent,2026-07-23T21:28:45Z,2026-08-02T07:29:53.930894+00:00,data analyst,Hyderabad,https://www.adzuna.in/details/5812518223?utm_medium=api&utm_source=f15ef5ad,Power BI|Snowflake
5812528344,S&C Global Network - AI - Software & Platform - Gen AI - Specialist,Accenture,"Bangalore, Karnataka",,,INR,Consultancy Jobs,,2026-07-23T22:17:08Z,2026-08-02T07:29:53.930894+00:00,business analyst,Bangalore,https://www.adzuna.in/land/ad/5812528344?se=iHzjC0SO8RGj5vYShZERXw&utm_medium=api&utm_source=f15ef5ad&v=0C6D1B5AED0C784075216FA7C35EEAA8965AB38E,
5812528354,Business Interlock Senior Analyst,Accenture,"Bangalore, Karnataka",,,INR,HR & Recruitment Jobs,,2026-07-23T22:17:08Z,2026-08-02T07:29:53.930894+00:00,business analyst,Bangalore,https://www.adzuna.in/land/ad/5812528354?se=SJ6KCkSO8RGGgO_n0rmdiQ&utm_medium=api&utm_source=f15ef5ad&v=5E2E5E07A22E5D54001160388EDECA8BB3F7AF0C,
5812528386,S&C GN - Data&AI - Resources - Analyst,Accenture,"Hyderabad, Telangana",,,INR,HR & Recruitment Jobs,,2026-07-23T22:17:13Z,2026-08-02T07:29:53.930894+00:00,data analyst,Hyderabad,https://www.adzuna.in/land/ad/5812528386?se=tEr0AESO8RG8JMyxbRrc7Q&utm_medium=api&utm_source=f15ef5ad&v=4E012703ED28543D22BDCFA03CB3E8DAD706C43B,
5812528420,Business Interlock Senior Analyst,Accenture,"Bangalore, Karnataka",,,INR,Consultancy Jobs,,2026-07-23T22:17:13Z,2026-08-02T07:29:53.930894+00:00,business analyst,Bangalore,https://www.adzuna.in/land/ad/5812528420?se=SJ6KCkSO8RGGgO_n0rmdiQ&utm_medium=api&utm_source=f15ef5ad&v=2F695C43DD635B536161D952290A3FF8B9A9B44B,
5812528533,Custom Software Engineer,Accenture,"Hyderabad, Telangana",,,INR,IT Jobs,,2026-07-23T22:17:24Z,2026-08-02T07:29:53.930894+00:00,business analyst,Hyderabad,https://www.adzuna.in/land/ad/5812528533?se=cDy1D0SO8RGNzO_fQd9OLg&utm_medium=api&utm_source=f15ef5ad&v=4BCC71051D5A7092F89AA1C20A9662EF53B4FF4C,
5812612238,Lead Business Analyst – Change Management,Kanerika Inc,"Hyderabad, Telangana",,,INR,IT Jobs,,2026-07-24T00:58:11Z,2026-08-02T07:29:53.930894+00:00,business analyst,Hyderabad,https://www.adzuna.in/land/ad/5812612238?se=cDy1D0SO8RGNzO_fQd9OLg&utm_medium=api&utm_source=f15ef5ad&v=30BF154C59FEC19133333257C28B2C716A2F382B,
5812612489,CFO Of Digital Marketing Agency (Note: Content Writing Is Part of This Role),Perfect Clicks LLC,"Mumbai, Maharashtra",,,INR,"PR, Advertising & Marketing Jobs",,2026-07-24T00:58:42Z,2026-08-02T07:29:53.930894+00:00,business analyst,Mumbai,https://www.adzuna.in/land/ad/5812612489?se=ro1UDkSO8RGRY7pi4p3KTA&utm_medium=api&utm_source=f15ef5ad&v=E189EC06DD2C44F767D5798B74E4FA021E9CAE41,
5812614525,Knowledge Analyst – Data Curation & Classification,Sia,"Mumbai, Maharashtra",,,INR,IT Jobs,,2026-07-24T01:04:13Z,2026-08-02T07:29:53.930894+00:00,data analyst,Mumbai,https://www.adzuna.in/details/5812614525?utm_medium=api&utm_source=f15ef5ad,
5812614536,Data Analyst,Sia,"Mumbai, Maharashtra",,,INR,IT Jobs,,2026-07-24T01:04:13Z,2026-08-02T07:29:53.930894+00:00,data analyst,Mumbai,https://www.adzuna.in/details/5812614536?utm_medium=api&utm_source=f15ef5ad,Power BI
5812614548,Senior Data Analyst,Sia,"Mumbai, Maharashtra",,,INR,IT Jobs,,2026-07-24T01:04:13Z,2026-08-02T07:29:53.930894+00:00,data analyst,Mumbai,https://www.adzuna.in/details/5812614548?utm_medium=api&utm_source=f15ef5ad,ETL|Power BI
5812752586,Alternatives Data Operations Analyst,Addepar,"Pune, Maharashtra",,,INR,IT Jobs,,2026-07-24T03:10:32Z,2026-08-02T07:29:53.930894+00:00,data analyst,Pune,https://www.adzuna.in/details/5812752586?utm_medium=api&utm_source=f15ef5ad,
5812803832,Data Analyst,Stantec,"Pune, Maharashtra",,,INR,IT Jobs,,2026-07-24T03:19:37Z,2026-08-02T07:29:53.930894+00:00,data analyst,Pune,https://www.adzuna.in/details/5812803832?utm_medium=api&utm_source=f15ef5ad,
5812816819,Master Data Analyst,MiniMed,"Pune, Maharashtra",,,INR,IT Jobs,,2026-07-24T03:21:51Z,2026-08-02T07:29:53.930894+00:00,data analyst,Pune,https://www.adzuna.in/details/5812816819?utm_medium=api&utm_source=f15ef5ad,
5812838190,HCM Business Analyst,MiniMed,"Pune, Maharashtra",,,INR,IT Jobs,,2026-07-24T03:24:36Z,2026-08-02T07:29:53.930894+00:00,business analyst,Pune,https://www.adzuna.in/details/5812838190?utm_medium=api&utm_source=f15ef5ad,
5812884106,Assistant Manager - Process,Ingram Micro,"Mumbai, Maharashtra",,,INR,IT Jobs,,2026-07-24T03:30:33Z,2026-08-02T07:29:53.930894+00:00,data analyst,Mumbai,https://www.adzuna.in/details/5812884106?utm_medium=api&utm_source=f15ef5ad,
5812904981,"Fixed Term Appointment, Business Analyst, Consumer Banking Group",DBS Bank India Limited,"Mumbai, Maharashtra",,,INR,Accounting & Finance Jobs,contract,2026-07-24T03:34:43Z,2026-08-02T07:29:53.930894+00:00,business analyst,Mumbai,https://www.adzuna.in/details/5812904981?utm_medium=api&utm_source=f15ef5ad,
5812905365,HSW Data Analyst,Arcadis,"Bangalore, Karnataka",,,INR,IT Jobs,,2026-07-24T03:34:58Z,2026-08-02T07:29:53.930894+00:00,data analyst,Bangalore,https://www.adzuna.in/details/5812905365?utm_medium=api&utm_source=f15ef5ad,
5813413954,"Senior Financial Analyst, Data Center Finance",Amazon,"Hyderabad, Telangana",,,INR,IT Jobs,,2026-07-24T10:52:47Z,2026-08-02T07:29:53.930894+00:00,data analyst,Hyderabad,https://www.adzuna.in/details/5813413954?utm_medium=api&utm_source=f15ef5ad,AWS
5813414992,Business Analyst,"NTT America, Inc.","Bangalore, Karnataka",,,INR,IT Jobs,,2026-07-24T10:53:43Z,2026-08-02T07:29:53.930894+00:00,business analyst,Bangalore,https://www.adzuna.in/details/5813414992?utm_medium=api&utm_source=f15ef5ad,
5813416108,Data Analyst,Stantec,"Pune, Maharashtra",,,INR,IT Jobs,,2026-07-24T10:54:13Z,2026-08-02T07:29:53.930894+00:00,data analyst,Pune,https://www.adzuna.in/details/5813416108?utm_medium=api&utm_source=f15ef5ad,
5813701206,Business Analyst,Finkraft,"Bangalore, Karnataka",,,INR,IT Jobs,,2026-07-24T15:55:43Z,2026-08-02T07:29:53.930894+00:00,business analyst,Bangalore,https://www.adzuna.in/details/5813701206?utm_medium=api&utm_source=f15ef5ad,
5813705998,Quantitative UX Researcher,TalentXO,"Pune, Maharashtra",1200000.0,1500000.0,INR,IT Jobs,,2026-07-24T15:57:15Z,2026-08-02T07:29:53.930894+00:00,data analyst,Pune,https://www.adzuna.in/details/5813705998?utm_medium=api&utm_source=f15ef5ad,SQL
5814232608,Associate Business Analyst,Trigent Software Private Limited,"Richmond Town, Bangalore",600000.0,600000.0,INR,IT Jobs,,2026-07-24T23:28:12Z,2026-08-02T07:29:53.930894+00:00,business analyst,Bangalore,https://www.adzuna.in/details/5814232608?utm_medium=api&utm_source=f15ef5ad,Excel|Power BI|SQL
5814245409,Guidewire Claims Developer,Coforge,"Hyderabad, Telangana",,,INR,IT Jobs,,2026-07-25T01:02:18Z,2026-08-02T07:29:53.930894+00:00,business analyst,Hyderabad,https://www.adzuna.in/land/ad/5814245409?se=cDy1D0SO8RGNzO_fQd9OLg&utm_medium=api&utm_source=f15ef5ad&v=4A77375CB5325DECF2FFCF564BE69C88CC11D354,
5814395841,Senior Data Analyst,EXL,"Pune, Maharashtra",,,INR,IT Jobs,,2026-07-25T03:13:36Z,2026-08-02T07:29:53.930894+00:00,data analyst,Pune,https://www.adzuna.in/details/5814395841?utm_medium=api&utm_source=f15ef5ad,Hadoop|Python|SQL|Spark
5814399328,Data EngineerData Analyst,EXL,"Pune, Maharashtra",,,INR,IT Jobs,,2026-07-25T03:14:11Z,2026-08-02T07:29:53.930894+00:00,data analyst,Pune,https://www.adzuna.in/details/5814399328?utm_medium=api&utm_source=f15ef5ad,ETL
5814426853,Alteryx Data Analyst,EXL,"Pune, Maharashtra",,,INR,IT Jobs,,2026-07-25T03:18:11Z,2026-08-02T07:29:53.930894+00:00,data analyst,Pune,https://www.adzuna.in/details/5814426853?utm_medium=api&utm_source=f15ef5ad,Python|SQL|Spark
5814447342,Lead Data Analyst,EXL,"Pune, Maharashtra",,,INR,IT Jobs,,2026-07-25T03:20:59Z,2026-08-02T07:29:53.930894+00:00,data analyst,Pune,https://www.adzuna.in/details/5814447342?utm_medium=api&utm_source=f15ef5ad,Python|SQL|Spark
5814494533,Data Analyst,EXL,"Pune, Maharashtra",,,INR,IT Jobs,,2026-07-25T03:27:49Z,2026-08-02T07:29:53.930894+00:00,data analyst,Pune,https://www.adzuna.in/details/5814494533?utm_medium=api&utm_source=f15ef5ad,Hadoop|Python|SQL|Spark
5814995349,Technology Lead Business Analyst - Vice President,Citigroup,"Pune, Maharashtra",,,INR,IT Jobs,,2026-07-25T10:46:51Z,2026-08-02T07:29:53.930894+00:00,business analyst,Pune,https://www.adzuna.in/details/5814995349?utm_medium=api&utm_source=f15ef5ad,
5814995352,Data Analytics Lead Analyst,Citigroup,"Pune, Maharashtra",,,INR,Accounting & Finance Jobs,,2026-07-25T10:46:51Z,2026-08-02T07:29:53.930894+00:00,data analyst,Pune,https://www.adzuna.in/details/5814995352?utm_medium=api&utm_source=f15ef5ad,
5814995617,Lead Analyst - Electronic Data Interchange,Eaton Corporation,"Pune, Maharashtra",,,INR,IT Jobs,,2026-07-25T10:47:01Z,2026-08-02T07:29:53.930894+00:00,data analyst,Pune,https://www.adzuna.in/details/5814995617?utm_medium=api&utm_source=f15ef5ad,
5814995949,Consultant - Natural Gas & Fuels,ICF,"New Delhi, Delhi",,,INR,Consultancy Jobs,,2026-07-25T10:47:24Z,2026-08-02T07:29:53.930894+00:00,business analyst,Delhi,https://www.adzuna.in/details/5814995949?utm_medium=api&utm_source=f15ef5ad,
5815238127,Data Analyst,S&P Global,"Mumbai, Maharashtra",,,INR,Accounting & Finance Jobs,,2026-07-25T15:55:35Z,2026-08-02T07:29:53.930894+00:00,data analyst,Mumbai,https://www.adzuna.in/details/5815238127?utm_medium=api&utm_source=f15ef5ad,
5815241095,Business Analyst,Thomasmount Consulting,"Bangalore, Karnataka",300000.0,550000.0,INR,IT Jobs,,2026-07-25T15:56:47Z,2026-08-02T07:29:53.930894+00:00,business analyst,Bangalore,https://www.adzuna.in/details/5815241095?utm_medium=api&utm_source=f15ef5ad,
5815243872,Business Analyst - Investment,Nirmitee.io,"Pune, Maharashtra",500000.0,1500000.0,INR,IT Jobs,,2026-07-25T15:57:54Z,2026-08-02T07:29:53.930894+00:00,business analyst,Pune,https://www.adzuna.in/details/5815243872?utm_medium=api&utm_source=f15ef5ad,
5815611061,Data Scientist III,S&P Global,"Hyderabad, Telangana",,,INR,IT Jobs,,2026-07-25T23:45:22Z,2026-08-02T07:29:53.930894+00:00,data analyst,Hyderabad,https://www.adzuna.in/land/ad/5815611061?se=FB4tA0SO8RGGgO_n0rmdiQ&utm_medium=api&utm_source=f15ef5ad&v=8CF318CD676E69ACF72B1116096826FC7E5DA648,Machine Learning
5815734413,Senior Business Intelligence Analyst,Diebold Nixdorf,"Mumbai, Maharashtra",,,INR,IT Jobs,,2026-07-26T03:13:53Z,2026-08-02T07:29:53.930894+00:00,business analyst,Mumbai,https://www.adzuna.in/details/5815734413?utm_medium=api&utm_source=f15ef5ad,
5815837814,"Managing Consultant, Data Management (data migration, verification, EQuIS, SQL)",ERM,"Delhi, India",,,INR,Consultancy Jobs,,2026-07-26T03:27:04Z,2026-08-02T07:29:53.930894+00:00,data analyst,Delhi,https://www.adzuna.in/details/5815837814?utm_medium=api&utm_source=f15ef5ad,SQL
5815849662,Senior Business Analyst,TriNet,"Hyderabad, Telangana",,,INR,IT Jobs,,2026-07-26T03:34:49Z,2026-08-02T07:29:53.930894+00:00,business analyst,Hyderabad,https://www.adzuna.in/details/5815849662?utm_medium=api&utm_source=f15ef5ad,
5815850560,Reference Data Analyst,JPMorganChase,"Bangalore, Karnataka",,,INR,Legal Jobs,,2026-07-26T03:36:02Z,2026-08-02T07:29:53.930894+00:00,data analyst,Bangalore,https://www.adzuna.in/details/5815850560?utm_medium=api&utm_source=f15ef5ad,
5816233482,Data Strategy & Acquisition Analyst,Roche,"Hyderabad, Telangana",,,INR,IT Jobs,,2026-07-26T10:55:16Z,2026-08-02T07:29:53.930894+00:00,data analyst,Hyderabad,https://www.adzuna.in/details/5816233482?utm_medium=api&utm_source=f15ef5ad,
5816234992,Senior Consultant - Business Analyst,WSP USA,"Mumbai, Maharashtra",,,INR,Engineering Jobs,,2026-07-26T10:56:09Z,2026-08-02T07:29:53.930894+00:00,business analyst,Mumbai,https://www.adzuna.in/details/5816234992?utm_medium=api&utm_source=f15ef5ad,
5816820968,Principal Business Systems Analyst,Cornerstone OnDemand,"Pune, Maharashtra",,,INR,IT Jobs,,2026-07-27T03:16:14Z,2026-08-02T07:29:53.930894+00:00,business analyst,Pune,https://www.adzuna.in/details/5816820968?utm_medium=api&utm_source=f15ef5ad,
5816828162,Senior Product Analyst,Tide,"Delhi, India",,,INR,IT Jobs,,2026-07-27T03:22:40Z,2026-08-02T07:29:53.930894+00:00,data analyst,Delhi,https://www.adzuna.in/details/5816828162?utm_medium=api&utm_source=f15ef5ad,
5816831964,Business Analyst,Natwest Group,"Bangalore, Karnataka",,,INR,IT Jobs,,2026-07-27T03:26:21Z,2026-08-02T07:29:53.930894+00:00,business analyst,Bangalore,https://www.adzuna.in/details/5816831964?utm_medium=api&utm_source=f15ef5ad,
5816841459,Senior Business Analyst,360F,"Bangalore, Karnataka",,,INR,IT Jobs,,2026-07-27T03:34:36Z,2026-08-02T07:29:53.930894+00:00,business analyst,Bangalore,https://www.adzuna.in/details/5816841459?utm_medium=api&utm_source=f15ef5ad,Python
5816842915,Senior Business Analyst,Northern Trust,"Pune, Maharashtra",,,INR,IT Jobs,,2026-07-27T03:36:08Z,2026-08-02T07:29:53.930894+00:00,business analyst,Pune,https://www.adzuna.in/details/5816842915?utm_medium=api&utm_source=f15ef5ad,
5817557650,Senior Business Analyst,Trigent Software Private Limited,"Kenchanahalli, Bangalore",2000000.0,2200000.0,INR,IT Jobs,,2026-07-27T23:29:14Z,2026-08-02T07:29:53.930894+00:00,business analyst,Bangalore,https://www.adzuna.in/details/5817557650?utm_medium=api&utm_source=f15ef5ad,
5817860200,Survey Programmer (Data Operations Analyst II),The Nielsen Company,"Mumbai, Maharashtra",,,INR,IT Jobs,,2026-07-28T07:09:08Z,2026-08-02T07:29:53.930894+00:00,data analyst,Mumbai,https://www.adzuna.in/details/5817860200?utm_medium=api&utm_source=f15ef5ad,
5817917669,Data Analyst,Michelin,"Pune, Maharashtra",,,INR,IT Jobs,,2026-07-28T07:44:35Z,2026-08-02T07:29:53.930894+00:00,data analyst,Pune,https://www.adzuna.in/details/5817917669?utm_medium=api&utm_source=f15ef5ad,
5817917698,Senior Data Analyst,Rubrik,"Bangalore, Karnataka",,,INR,IT Jobs,,2026-07-28T07:44:35Z,2026-08-02T07:29:53.930894+00:00,data analyst,Bangalore,https://www.adzuna.in/details/5817917698?utm_medium=api&utm_source=f15ef5ad,Snowflake|Tableau
5817917702,Digital Business Analyst,Michelin,"Pune, Maharashtra",,,INR,IT Jobs,,2026-07-28T07:44:35Z,2026-08-02T07:29:53.930894+00:00,business analyst,Pune,https://www.adzuna.in/details/5817917702?utm_medium=api&utm_source=f15ef5ad,
5817918366,Business Systems Analyst,Varite,"Pune, Maharashtra",,,INR,IT Jobs,,2026-07-28T07:44:47Z,2026-08-02T07:29:53.930894+00:00,business analyst,Pune,https://www.adzuna.in/details/5817918366?utm_medium=api&utm_source=f15ef5ad,
5817918430,Business Analyst,Varite,"Mumbai, Maharashtra",,,INR,IT Jobs,,2026-07-28T07:44:48Z,2026-08-02T07:29:53.930894+00:00,business analyst,Mumbai,https://www.adzuna.in/details/5817918430?utm_medium=api&utm_source=f15ef5ad,
5817919893,Data Analyst I,Booking Holdings,"Bangalore, Karnataka",,,INR,IT Jobs,,2026-07-28T07:45:10Z,2026-08-02T07:29:53.930894+00:00,data analyst,Bangalore,https://www.adzuna.in/details/5817919893?utm_medium=api&utm_source=f15ef5ad,
5817921186,Salesforce Business Analyst,Arista Networks,"Bangalore, Karnataka",,,INR,IT Jobs,,2026-07-28T07:45:27Z,2026-08-02T07:29:53.930894+00:00,business analyst,Bangalore,https://www.adzuna.in/details/5817921186?utm_medium=api&utm_source=f15ef5ad,
5818371545,Operations MIS - Data Analyst,Avery Dennison,"Bangalore, Karnataka",,,INR,IT Jobs,,2026-07-28T19:09:21Z,2026-08-02T07:29:53.930894+00:00,data analyst,Bangalore,https://www.adzuna.in/details/5818371545?utm_medium=api&utm_source=f15ef5ad,
5818524384,Technical Project Manager / Business Analyst (Agile/Scrum),JRD Systems,"Bangalore, Karnataka",,,INR,IT Jobs,,2026-07-28T21:18:32Z,2026-08-02T07:29:53.930894+00:00,business analyst,Bangalore,https://www.adzuna.in/land/ad/5818524384?se=SJ6KCkSO8RGGgO_n0rmdiQ&utm_medium=api&utm_source=f15ef5ad&v=8687ACBB6DAE766FF729BBE4B9EABB1B78AF78BA,
5818524420,Case Processing Associate,Aptita,"Mumbai, Maharashtra",,,INR,Healthcare & Nursing Jobs,,2026-07-28T21:18:34Z,2026-08-02T07:29:53.930894+00:00,data analyst,Mumbai,https://www.adzuna.in/land/ad/5818524420?se=4oX3-EOO8RGGgO_n0rmdiQ&utm_medium=api&utm_source=f15ef5ad&v=0532F4DCD7E2E53B92834F74A7BC419009B48189,
5819192327,Data Analyst,Campus Management,"Bangalore, Karnataka",,,INR,IT Jobs,,2026-07-29T07:48:19Z,2026-08-02T07:29:53.930894+00:00,data analyst,Bangalore,https://www.adzuna.in/details/5819192327?utm_medium=api&utm_source=f15ef5ad,Power BI
5819192642,Business Analyst,E Zest,"Pune, Maharashtra",,,INR,IT Jobs,,2026-07-29T07:49:48Z,2026-08-02T07:29:53.930894+00:00,business analyst,Pune,https://www.adzuna.in/details/5819192642?utm_medium=api&utm_source=f15ef5ad,
5819192907,Master Data Analyst - Material & Production,Amgen Technology Private Limited,"Hyderabad, Telangana",,,INR,IT Jobs,,2026-07-29T07:50:09Z,2026-08-02T07:29:53.930894+00:00,data analyst,Hyderabad,https://www.adzuna.in/details/5819192907?utm_medium=api&utm_source=f15ef5ad,
5819192910,Master Data Analyst - Material & Production,Amgen Technology Private Limited,"Hyderabad, Telangana",,,INR,IT Jobs,,2026-07-29T07:50:09Z,2026-08-02T07:29:53.930894+00:00,data analyst,Hyderabad,https://www.adzuna.in/details/5819192910?utm_medium=api&utm_source=f15ef5ad,
5819193018,Business Analyst,Neudesic Technologies Private Limited,"Hyderabad, Telangana",,,INR,IT Jobs,,2026-07-29T07:50:32Z,2026-08-02T07:29:53.930894+00:00,business analyst,Hyderabad,https://www.adzuna.in/details/5819193018?utm_medium=api&utm_source=f15ef5ad,
5819805799,Business Analyst/Project Manager-Healthcare Process,SRS Consulting Inc,"Hyderabad, Telangana",,,INR,IT Jobs,,2026-07-29T19:25:23Z,2026-08-02T07:29:53.930894+00:00,business analyst,Hyderabad,https://www.adzuna.in/land/ad/5819805799?se=cDy1D0SO8RGNzO_fQd9OLg&utm_medium=api&utm_source=f15ef5ad&v=3DECEE2C8A7D1DC7436810F279A9A4ABBACEB2E4,
5819853688,GBS SME Data Analyst 1,CrowdStrike,"Pune, Maharashtra",,,INR,IT Jobs,,2026-07-29T20:37:37Z,2026-08-02T07:29:53.930894+00:00,data analyst,Pune,https://www.adzuna.in/details/5819853688?utm_medium=api&utm_source=f15ef5ad,
5819855049,Senior Analyst,eClerx,"Mumbai, Maharashtra",,,INR,IT Jobs,,2026-07-29T20:40:19Z,2026-08-02T07:29:53.930894+00:00,data analyst,Mumbai,https://www.adzuna.in/details/5819855049?utm_medium=api&utm_source=f15ef5ad,Excel|Power BI|Python|R|SQL|Tableau|VBA
5819855510,Data Analyst-1,Target,"Bangalore, Karnataka",,,INR,IT Jobs,,2026-07-29T20:40:55Z,2026-08-02T07:29:53.930894+00:00,data analyst,Bangalore,https://www.adzuna.in/details/5819855510?utm_medium=api&utm_source=f15ef5ad,
5819856885,Data Analyst,Cisco,"Bangalore, Karnataka",,,INR,IT Jobs,,2026-07-29T20:42:05Z,2026-08-02T07:29:53.930894+00:00,data analyst,Bangalore,https://www.adzuna.in/details/5819856885?utm_medium=api&utm_source=f15ef5ad,Machine Learning
5819859091,Business Analyst (Gen AI) - E/E Integration,BMW TechWorks,"Pune, Maharashtra",,,INR,IT Jobs,,2026-07-29T20:43:44Z,2026-08-02T07:29:53.930894+00:00,business analyst,Pune,https://www.adzuna.in/details/5819859091?utm_medium=api&utm_source=f15ef5ad,
5819875074,Data Analyst-Digital Banking Kotak 811-Regional Sales,Kotak Mahindra Bank,"Mumbai, Maharashtra",,,INR,IT Jobs,,2026-07-29T20:49:07Z,2026-08-02T07:29:53.930894+00:00,data analyst,Mumbai,https://www.adzuna.in/details/5819875074?utm_medium=api&utm_source=f15ef5ad,Python|SQL
5819880120,Business Data Analyst,EXL,"Hyderabad, Telangana",,,INR,IT Jobs,,2026-07-29T20:54:35Z,2026-08-02T07:29:53.930894+00:00,data analyst,Hyderabad,https://www.adzuna.in/details/5819880120?utm_medium=api&utm_source=f15ef5ad,SQL|Snowflake
5819880237,"Business Analyst, AVP",Natwest Group,"Bangalore, Karnataka",,,INR,IT Jobs,,2026-07-29T20:54:45Z,2026-08-02T07:29:53.930894+00:00,business analyst,Bangalore,https://www.adzuna.in/details/5819880237?utm_medium=api&utm_source=f15ef5ad,
5819881302,Business Analyst,GetixHealth,"Kenchanahalli, Bangalore",,,INR,IT Jobs,,2026-07-29T20:55:48Z,2026-08-02T07:29:53.930894+00:00,business analyst,Bangalore,https://www.adzuna.in/details/5819881302?utm_medium=api&utm_source=f15ef5ad,
5819918093,Reference Data Analyst,JPMorganChase,"Hyderabad, Telangana",,,INR,IT Jobs,,2026-07-29T21:03:11Z,2026-08-02T07:29:53.930894+00:00,data analyst,Hyderabad,https://www.adzuna.in/details/5819918093?utm_medium=api&utm_source=f15ef5ad,
5819990030,Business Analyst,PerkinElmer,"Hyderabad, Telangana",,,INR,IT Jobs,permanent,2026-07-29T21:32:03Z,2026-08-02T07:29:53.930894+00:00,business analyst,Hyderabad,https://www.adzuna.in/details/5819990030?utm_medium=api&utm_source=f15ef5ad,
5820125826,Data Analyst 2,Trigent Software Private Limited,"Aperl, Hyderabad",600000.0,1200000.0,INR,IT Jobs,,2026-07-29T23:29:36Z,2026-08-02T07:29:53.930894+00:00,data analyst,Hyderabad,https://www.adzuna.in/details/5820125826?utm_medium=api&utm_source=f15ef5ad,
5820125846,Senior Data Analyst,Trigent Software Private Limited,"Richmond Town, Bangalore",100000.0,3500000.0,INR,IT Jobs,,2026-07-29T23:29:36Z,2026-08-02T07:29:53.930894+00:00,data analyst,Bangalore,https://www.adzuna.in/details/5820125846?utm_medium=api&utm_source=f15ef5ad,Python|SQL|Statistics|Tableau
5820561857,Automation Test Engineer - Senior Systems Engineer,Autozone,"New Delhi, Delhi",,,INR,IT Jobs,permanent,2026-07-30T07:15:53Z,2026-08-02T07:29:53.930894+00:00,business analyst,Delhi,https://www.adzuna.in/details/5820561857?utm_medium=api&utm_source=f15ef5ad,
5820582124,data analyst / data analytics,Aspyra Hr Services,"Hyderabad, Telangana",,,INR,IT Jobs,,2026-07-30T07:29:15Z,2026-08-02T07:29:53.930894+00:00,data analyst,Hyderabad,https://www.adzuna.in/details/5820582124?utm_medium=api&utm_source=f15ef5ad,SQL|Tableau
5820582141,data analyst / Data analytics,Aspyra Hr Services,"Pune, Maharashtra",,,INR,IT Jobs,,2026-07-30T07:29:15Z,2026-08-02T07:29:53.930894+00:00,data analyst,Pune,https://www.adzuna.in/details/5820582141?utm_medium=api&utm_source=f15ef5ad,SQL|Tableau
5820787704,Senior Data Analyst,Albertsons Companies India,"Bangalore, Karnataka",,,INR,IT Jobs,,2026-07-30T10:53:23Z,2026-08-02T07:29:53.930894+00:00,data analyst,Bangalore,https://www.adzuna.in/details/5820787704?utm_medium=api&utm_source=f15ef5ad,
5820791979,Data Analyst,Cisco,"Bangalore, Karnataka",,,INR,IT Jobs,,2026-07-30T10:54:32Z,2026-08-02T07:29:53.930894+00:00,data analyst,Bangalore,https://www.adzuna.in/details/5820791979?utm_medium=api&utm_source=f15ef5ad,Machine Learning
5820989260,Business Analyst,CGI,"Hyderabad, Telangana",,,INR,IT Jobs,permanent,2026-07-30T15:58:40Z,2026-08-02T07:29:53.930894+00:00,business analyst,Hyderabad,https://www.adzuna.in/details/5820989260?utm_medium=api&utm_source=f15ef5ad,
5820996358,Business Analyst,Apprication pvt ltd,"Mumbai, Maharashtra",500000.0,800000.0,INR,IT Jobs,,2026-07-30T16:00:19Z,2026-08-02T07:29:53.930894+00:00,business analyst,Mumbai,https://www.adzuna.in/details/5820996358?utm_medium=api&utm_source=f15ef5ad,
5821137620,Business Analyst/POPM,Mattel,"Hyderabad, Telangana",,,INR,IT Jobs,,2026-07-30T19:12:25Z,2026-08-02T07:29:53.930894+00:00,business analyst,Hyderabad,https://www.adzuna.in/details/5821137620?utm_medium=api&utm_source=f15ef5ad,
5821213653,Business Analyst,IKS Health,"Hyderabad, Telangana",,,INR,IT Jobs,,2026-07-30T20:48:29Z,2026-08-02T07:29:53.930894+00:00,business analyst,Hyderabad,https://www.adzuna.in/details/5821213653?utm_medium=api&utm_source=f15ef5ad,
5821220439,CRM Business Analyst,Zoetis,"Hyderabad, Telangana",,,INR,IT Jobs,,2026-07-30T20:54:04Z,2026-08-02T07:29:53.930894+00:00,business analyst,Hyderabad,https://www.adzuna.in/details/5821220439?utm_medium=api&utm_source=f15ef5ad,
5821223585,Data with Business Analyst(P&C),Virtusa Referral Program,"Hyderabad, Telangana",,,INR,IT Jobs,,2026-07-30T20:56:27Z,2026-08-02T07:29:53.930894+00:00,data analyst,Hyderabad,https://www.adzuna.in/details/5821223585?utm_medium=api&utm_source=f15ef5ad,
5821326418,Reference Data Analyst,JPMorganChase,"Hyderabad, Telangana",,,INR,IT Jobs,permanent,2026-07-30T21:32:32Z,2026-08-02T07:29:53.930894+00:00,data analyst,Hyderabad,https://www.adzuna.in/details/5821326418?utm_medium=api&utm_source=f15ef5ad,
5821683436,Senior Business Analyst,Finkraft,"Kenchanahalli, Bangalore",,,INR,IT Jobs,permanent,2026-07-31T04:45:48Z,2026-08-02T07:29:53.930894+00:00,business analyst,Bangalore,https://www.adzuna.in/details/5821683436?utm_medium=api&utm_source=f15ef5ad,
5821684848,Senior Data Engineer,DATAECONOMY,"Kyasaram, Hyderabad",,,INR,IT Jobs,permanent,2026-07-31T04:46:34Z,2026-08-02T07:29:53.930894+00:00,data analyst,Hyderabad,https://www.adzuna.in/details/5821684848?utm_medium=api&utm_source=f15ef5ad,Machine Learning|Python|SQL
5821844607,Business Analyst,NEC Software Solutions ,"Mumbai, Maharashtra",,,INR,IT Jobs,,2026-07-31T07:13:04Z,2026-08-02T07:29:53.930894+00:00,business analyst,Mumbai,https://www.adzuna.in/details/5821844607?utm_medium=api&utm_source=f15ef5ad,
5821854218,Senior Consultant - Financial Services - Business Analyst,KPMG,"Pune, Maharashtra",,,INR,IT Jobs,,2026-07-31T07:24:38Z,2026-08-02T07:29:53.930894+00:00,business analyst,Pune,https://www.adzuna.in/details/5821854218?utm_medium=api&utm_source=f15ef5ad,
5821857069,Data Analyst,Sonata Software,"Hyderabad, Telangana",,,INR,IT Jobs,,2026-07-31T07:26:15Z,2026-08-02T07:29:53.930894+00:00,data analyst,Hyderabad,https://www.adzuna.in/details/5821857069?utm_medium=api&utm_source=f15ef5ad,SQL|Snowflake
5821857109,Technical Product Owner (Data Engineering),amdocs,"Pune, Maharashtra",,,INR,IT Jobs,,2026-07-31T07:26:16Z,2026-08-02T07:29:53.930894+00:00,data analyst,Pune,https://www.adzuna.in/details/5821857109?utm_medium=api&utm_source=f15ef5ad,Machine Learning
5821857176,Business Analyst,amdocs,"Pune, Maharashtra",,,INR,IT Jobs,,2026-07-31T07:26:18Z,2026-08-02T07:29:53.930894+00:00,business analyst,Pune,https://www.adzuna.in/details/5821857176?utm_medium=api&utm_source=f15ef5ad,
5821863071,"Research Analyst, Healthcare",Millenium Infotech,"Mumbai, Maharashtra",,,INR,Accounting & Finance Jobs,,2026-07-31T07:30:40Z,2026-08-02T07:29:53.930894+00:00,data analyst,Mumbai,https://www.adzuna.in/details/5821863071?utm_medium=api&utm_source=f15ef5ad,
5821999940,Software Developer - PL/SQL,Avaloq,"Pune, Maharashtra",,,INR,IT Jobs,,2026-07-31T09:50:09Z,2026-08-02T07:29:53.930894+00:00,business analyst,Pune,https://www.adzuna.in/land/ad/5821999940?se=JuWEE0SO8RGNzO_fQd9OLg&utm_medium=api&utm_source=f15ef5ad&v=0A768012EC28B007D5DD80C4AD1623D8BA3AA3F8,SQL
5821999967,"Senior Analyst, Data Governance (Corp Functions)",Invesco,"Hyderabad, Telangana",,,INR,IT Jobs,contract,2026-07-31T09:50:12Z,2026-08-02T07:29:53.930894+00:00,data analyst,Hyderabad,https://www.adzuna.in/land/ad/5821999967?se=tEr0AESO8RG8JMyxbRrc7Q&utm_medium=api&utm_source=f15ef5ad&v=6F11D5119135EC6C5D7717093A60726CFCD3AA9A,
5822020256,Business Analyst,iprogrammer,"Pune, Maharashtra",,,INR,IT Jobs,,2026-07-31T10:42:26Z,2026-08-02T07:29:53.930894+00:00,business analyst,Pune,https://www.adzuna.in/details/5822020256?utm_medium=api&utm_source=f15ef5ad,
5822020261,Business Analyst,iprogrammer,"Pune, Maharashtra",,,INR,IT Jobs,,2026-07-31T10:42:26Z,2026-08-02T07:29:53.930894+00:00,business analyst,Pune,https://www.adzuna.in/details/5822020261?utm_medium=api&utm_source=f15ef5ad,
5822058291,Senior Analyst in Data and Analytics,Citigroup,"Pune, Maharashtra",,,INR,IT Jobs,,2026-07-31T10:54:39Z,2026-08-02T07:29:53.930894+00:00,data analyst,Pune,https://www.adzuna.in/details/5822058291?utm_medium=api&utm_source=f15ef5ad,
5822058302,Data Analyst (Governance),Citigroup,"Bangalore, Karnataka",,,INR,IT Jobs,,2026-07-31T10:54:39Z,2026-08-02T07:29:53.930894+00:00,data analyst,Bangalore,https://www.adzuna.in/details/5822058302?utm_medium=api&utm_source=f15ef5ad,
5822058308,Senior Tableau Lead - Vice President,Citigroup,"Pune, Maharashtra",,,INR,IT Jobs,,2026-07-31T10:54:39Z,2026-08-02T07:29:53.930894+00:00,data analyst,Pune,https://www.adzuna.in/details/5822058308?utm_medium=api&utm_source=f15ef5ad,Tableau
5822059503,Business Data Analyst,NetApp,"Bangalore, Karnataka",,,INR,IT Jobs,,2026-07-31T10:55:14Z,2026-08-02T07:29:53.930894+00:00,data analyst,Bangalore,https://www.adzuna.in/details/5822059503?utm_medium=api&utm_source=f15ef5ad,Power BI|SQL
5822059715,ServiceNow - Associate Business Analyst Junior,"NTT America, Inc.","Delhi, India",,,INR,IT Jobs,,2026-07-31T10:55:21Z,2026-08-02T07:29:53.930894+00:00,business analyst,Delhi,https://www.adzuna.in/details/5822059715?utm_medium=api&utm_source=f15ef5ad,
5822060901,Data Analyst,UnitedHealth Group,"Bangalore, Karnataka",,,INR,IT Jobs,,2026-07-31T10:55:59Z,2026-08-02T07:29:53.930894+00:00,data analyst,Bangalore,https://www.adzuna.in/details/5822060901?utm_medium=api&utm_source=f15ef5ad,
5822060928,Senior Data Analyst,UnitedHealth Group,"Bangalore, Karnataka",,,INR,IT Jobs,,2026-07-31T10:55:59Z,2026-08-02T07:29:53.930894+00:00,data analyst,Bangalore,https://www.adzuna.in/details/5822060928?utm_medium=api&utm_source=f15ef5ad,
5822061069,GIS/Data Analyst,WSP USA,"Bangalore, Karnataka",,,INR,Scientific & QA Jobs,,2026-07-31T10:56:10Z,2026-08-02T07:29:53.930894+00:00,data analyst,Bangalore,https://www.adzuna.in/details/5822061069?utm_medium=api&utm_source=f15ef5ad,
5822232374,Peoplesoft Techno functional Consultant,Artech Infosystem Private Limited,"Bangalore, Karnataka",,,INR,IT Jobs,,2026-07-31T15:27:06Z,2026-08-02T07:29:53.930894+00:00,business analyst,Bangalore,https://www.adzuna.in/land/ad/5822232374?se=SJ6KCkSO8RGGgO_n0rmdiQ&utm_medium=api&utm_source=f15ef5ad&v=E6B42AAE6B68F88B8C308BBD1323CA8A0E3931D7,
5822403253,"Sr. Spclst , Scitara Business Analyst",MSD,"Hyderabad, Telangana",,,INR,IT Jobs,,2026-07-31T19:50:43Z,2026-08-02T07:29:53.930894+00:00,business analyst,Hyderabad,https://www.adzuna.in/land/ad/5822403253?se=cDy1D0SO8RGNzO_fQd9OLg&utm_medium=api&utm_source=f15ef5ad&v=E7CF734398E10C621BE9DDD0092BF9644FB2CCB5,
5822423165,Energy Market Analyst (Data),Energy Exemplar,"Pune, Maharashtra",,,INR,"Energy, Oil & Gas Jobs",,2026-07-31T20:43:01Z,2026-08-02T07:29:53.930894+00:00,data analyst,Pune,https://www.adzuna.in/details/5822423165?utm_medium=api&utm_source=f15ef5ad,
5822429291,"Data Analyst, AVP",Natwest Group,"Bangalore, Karnataka",,,INR,IT Jobs,,2026-07-31T20:48:35Z,2026-08-02T07:29:53.930894+00:00,data analyst,Bangalore,https://www.adzuna.in/details/5822429291?utm_medium=api&utm_source=f15ef5ad,
5822429764,Senior Business Analyst,NICE,"Pune, Maharashtra",,,INR,IT Jobs,,2026-07-31T20:49:04Z,2026-08-02T07:29:53.930894+00:00,business analyst,Pune,https://www.adzuna.in/details/5822429764?utm_medium=api&utm_source=f15ef5ad,
5822617753,Business Analyst – MFIB (Senior Manager),Vrinda International,"Mumbai, Maharashtra",,,INR,IT Jobs,permanent,2026-08-01T00:54:38Z,2026-08-02T07:29:53.930894+00:00,business analyst,Mumbai,https://www.adzuna.in/details/5822617753?utm_medium=api&utm_source=f15ef5ad,Excel|Power BI|Python
5823107237,Technical Business Analyst,ALIQAN Technologies,"Delhi, India",,,INR,IT Jobs,,2026-08-01T06:26:42Z,2026-08-02T07:29:53.930894+00:00,business analyst,Delhi,https://www.adzuna.in/details/5823107237?utm_medium=api&utm_source=f15ef5ad,
5823152908,IAM Implementation - Saviynt IGA,KPMG,"Delhi, India",,,INR,IT Jobs,,2026-08-01T07:27:30Z,2026-08-02T07:29:53.930894+00:00,business analyst,Delhi,https://www.adzuna.in/details/5823152908?utm_medium=api&utm_source=f15ef5ad,Python
5823360747,"USWA RFP Writer, Aladdin Client Business, Analyst",BlackRock,"Mumbai, Maharashtra",,,INR,Accounting & Finance Jobs,,2026-08-01T10:49:52Z,2026-08-02T07:29:53.930894+00:00,business analyst,Mumbai,https://www.adzuna.in/details/5823360747?utm_medium=api&utm_source=f15ef5ad,
5823363317,Business Analyst,Cognizant,"Bangalore, Karnataka",,,INR,IT Jobs,,2026-08-01T10:50:20Z,2026-08-02T07:29:53.930894+00:00,business analyst,Bangalore,https://www.adzuna.in/details/5823363317?utm_medium=api&utm_source=f15ef5ad,Azure|SQL
5823369799,"Developer or Technical Lead (Niche or Regular), Cloud Consultants, QA Tester, QA Lead, Data Migratio","NTT America, Inc.","Delhi, India",,,INR,IT Jobs,,2026-08-01T10:51:32Z,2026-08-02T07:29:53.930894+00:00,business analyst,Delhi,https://www.adzuna.in/details/5823369799?utm_medium=api&utm_source=f15ef5ad,
5823370191,Senior Data Management Analyst,Wells Fargo,"Hyderabad, Telangana",,,INR,Accounting & Finance Jobs,,2026-08-01T10:52:02Z,2026-08-02T07:29:53.930894+00:00,data analyst,Hyderabad,https://www.adzuna.in/details/5823370191?utm_medium=api&utm_source=f15ef5ad,
5823802788,Business Data Analyst,A.P. Moller - Maersk,"Bangalore, Karnataka",,,INR,IT Jobs,,2026-08-01T15:56:29Z,2026-08-02T07:29:53.930894+00:00,data analyst,Bangalore,https://www.adzuna.in/details/5823802788?utm_medium=api&utm_source=f15ef5ad,Excel|Power BI|SQL
5823803097,Business Analyst - Hyderabad,Deloitte,"Hyderabad, Telangana",,,INR,IT Jobs,,2026-08-01T15:56:30Z,2026-08-02T07:29:53.930894+00:00,business analyst,Hyderabad,https://www.adzuna.in/details/5823803097?utm_medium=api&utm_source=f15ef5ad,
5823807559,"Business Analyst, Product Development",ICE,"Hyderabad, Telangana",,,INR,IT Jobs,,2026-08-01T15:57:14Z,2026-08-02T07:29:53.930894+00:00,business analyst,Hyderabad,https://www.adzuna.in/details/5823807559?utm_medium=api&utm_source=f15ef5ad,
5823898242,Project Manager - PMO Team (BFSI experience preferred),Pixelo Digital,"Mumbai, Maharashtra",,,INR,IT Jobs,,2026-08-01T17:33:38Z,2026-08-02T07:29:53.930894+00:00,business analyst,Mumbai,https://www.adzuna.in/land/ad/5823898242?se=JpgtDUSO8RG8JMyxbRrc7Q&utm_medium=api&utm_source=f15ef5ad&v=9E96D3BA30362819C0FDDCCC3AB6E6589FAD2020,
5824115366,Client Due Dilligence Analyst (DDQ),AlphaSense,"Delhi, India",,,INR,IT Jobs,,2026-08-01T20:38:18Z,2026-08-02T07:29:53.930894+00:00,business analyst,Delhi,https://www.adzuna.in/details/5824115366?utm_medium=api&utm_source=f15ef5ad,
5824121247,"Data Management Analyst, Specialist CDAO EADP Measurement",The Vanguard Group,"Hyderabad, Telangana",,,INR,IT Jobs,,2026-08-01T20:42:36Z,2026-08-02T07:29:53.930894+00:00,data analyst,Hyderabad,https://www.adzuna.in/details/5824121247?utm_medium=api&utm_source=f15ef5ad,
5824124547,Sr Data Analyst,Target,"Bangalore, Karnataka",,,INR,IT Jobs,,2026-08-01T20:47:10Z,2026-08-02T07:29:53.930894+00:00,data analyst,Bangalore,https://www.adzuna.in/details/5824124547?utm_medium=api&utm_source=f15ef5ad,
5824130015,Business Systems Analyst,Cornerstone OnDemand,"Pune, Maharashtra",,,INR,IT Jobs,,2026-08-01T20:51:15Z,2026-08-02T07:29:53.930894+00:00,business analyst,Pune,https://www.adzuna.in/details/5824130015?utm_medium=api&utm_source=f15ef5ad,
5824131818,Big Data Analyst - Data Solutions,Azira,"Bangalore, Karnataka",,,INR,IT Jobs,,2026-08-01T20:53:04Z,2026-08-02T07:29:53.930894+00:00,data analyst,Bangalore,https://www.adzuna.in/details/5824131818?utm_medium=api&utm_source=f15ef5ad,Python
5824132810,"Business Analyst, Vice President",State Street,"Hyderabad, Telangana",,,INR,IT Jobs,,2026-08-01T20:54:19Z,2026-08-02T07:29:53.930894+00:00,business analyst,Hyderabad,https://www.adzuna.in/details/5824132810?utm_medium=api&utm_source=f15ef5ad,Azure|SQL|Snowflake
5825031298,Pricing Analyst,Schneider Electric,"Mumbai, Maharashtra",,,INR,IT Jobs,permanent,2026-08-02T07:15:46Z,2026-08-02T07:29:53.930894+00:00,data analyst,Mumbai,https://www.adzuna.in/details/5825031298?utm_medium=api&utm_source=f15ef5ad,Power BI|Tableau
5825362049,"Principal Business Analyst (with XML, JSON or Python experience)",Intercontinental Exchange ,"Pune, Maharashtra",,,INR,IT Jobs,,2026-08-02T10:56:05Z,2026-08-02T07:29:53.930894+00:00,business analyst,Pune,https://www.adzuna.in/details/5825362049?utm_medium=api&utm_source=f15ef5ad,Python
5825362964,Senior Data Analyst,UnitedHealth Group,"Hyderabad, Telangana",,,INR,IT Jobs,,2026-08-02T10:57:18Z,2026-08-02T07:29:53.930894+00:00,data analyst,Hyderabad,https://www.adzuna.in/details/5825362964?utm_medium=api&utm_source=f15ef5ad,
